year,question_number,question_title,block_text,paper
2023,,OVERVIEW,"Mathematics
CHAPTER 10
MATHEMATICS
The following report should be read in conjunction with the Mathematics question
papers for the NSC November 2023 examinations.
10.1 PERFORMANCE TRENDS (2019–2023)
The number of candidates who wrote the Mathematics examination in 2023 decreased by
7 718 compared to that of 2022.
There was a significant improvement in the pass rate this year. Candidates who passed at the
30% level improved from 55% in 2022 to 63,5% in 2023. There was a corresponding
improvement in the pass rate at the 40% level over the past two years from 36% to 43,6%.
The percentage of distinctions over 80% improved from 2,7% in 2022 to 3,4% in 2023. Given
the decrease in the size of the 2023 cohort, this converts into an increase in the total number
of distinctions from 7 283 to 8 909.
The various commendable intervention strategies employed by teachers, subject advisors and
provincial education departments were continued in 2023. The resourcefulness and diligence
of the above-average candidates also contributed to the overall improvement in the subject.
Table 10.1.1 Overall achievement rates in Mathematics
No. achieved at % achieved at No. achieved at % achieved at
Year No. wrote
30% and above 30% and above 40% and above 40% and above
2019 222 034 121 179 54,6 77 751 35,0
2020 233 315 125 526 53,8 82 964 35,6
2021 259 143 149 177 57,6 97 561 37,6
2022 269 734 148 346 55,0 97 041 36,0
2023 262 016 166 337 63,5 114 311 43,6
National Senior Certificate 211 Diagnostic Report 2023 – Part 1

Mathematics
Graph 10.1.1 Overall achievement rates in Mathematics (percentage)
70.0
60.0
50.0
40.0
30.0
20.0
10.0
0.0
2019 2020 2021 2022 2023
2019 2020 2021 2022 2023
% achieved at 30% and above 54.6 53.8 57.6 55.0 63.5
% achieved at 40% and above 35.0 35.6 37.6 36.0 43.6
Graph 10.1.2 Performance distribution curves in Mathematics (percentage)
25.0
20.0
15.0
10.0
5.0
0.0
0-9.9 10-19.9 20-29.9 30-39.9 40-49.9 50-59.9 60-69.9 70-79.9 80-89.9 90-100
2019 9.2 17.2 19.0 19.6 14.7 9.6 5.6 3.1 1.5 0.4
2020 12.1 16.5 17.5 18.2 13.2 9.1 6.1 3.9 2.3 0.9
2021 9.7 15.3 17.4 19.9 14.7 9.7 6.4 3.8 2.1 0.8
2022 10.8 16.4 17.8 19.0 13.9 9.5 6.1 3.8 2.0 0.7
2023 6.6 13.3 16.7 19.9 16.1 11.8 7.6 4.7 2.5 0.9
National Senior Certificate 212 Diagnostic Report 2023 – Part 1

Mathematics
10.2 OVERVIEW OF CANDIDATES’ PERFORMANCE IN PAPER 1
(a) Many candidates were able to answer the knowledge and routine questions correctly.
This suggests that the candidates were well-prepared to deal with these questions in
the paper. Unlike in the past, candidates scored some marks in most of the questions.
(b) The algebraic skills of the candidates are poor. Most candidates lacked fundamental
and basic mathematical competencies which should have been acquired in the lower
grades. This becomes an impediment to candidates when answering complex
questions.
(c) While calculations and performing well-known routine procedures form the basis of
answering questions in a Mathematics paper, a deeper understanding of definitions
and concepts cannot be overlooked. Candidates did not fare well in answering
questions that assessed an understanding of concepts.
10.3 DIAGNOSTIC QUESTION ANALYSIS OF PAPER 1
The following graph is based on data from a random sample of candidates’ scripts. While this
graph might not accurately reflect national averages, it is useful in assessing the relative
degrees of challenge of each question as experienced by candidates.
Graph 10.3.1 Average performance per question in Paper 1
Q Topics
Mathematics P1
Equations, Inequalities
80% & Algebraic and
1
71% 72% Exponential
70% 66% Manipulation
Number Patterns &
2
60% Sequences
55%
% 52% Number Patterns &
e c 50% 48% 48% 47% 3 Sequences
n
a Functions, Inverse
m 4
r o 40% Functions & Graphs
f r 32%
e 30%
p 5 Functions & Graphs
.e 30% 26%
v
A
6 Finance
20%
7 Calculus
10%
8 Calculus
0%
1 2 3 4 5 6 7 8 9 10 Total
9 Calculus
Question
Probability & Counting
10
Principles
National Senior Certificate 213 Diagnostic Report 2023 – Part 1

Mathematics
Graph 10.3.2 Average performance per sub-question in Paper 1
10.4 ANALYSIS OF CANDIDATES’ PERFORMANCE IN EACH QUESTION IN
PAPER 1",
2023,1.0,ALGEBRA,"QUESTION 1: ALGEBRA
Common errors and misconceptions
(a) In Q1.1.2 some candidates did not write the equation correctly in standard form, so
they incorrectly substituted ‘6’ as the value of c instead of ‘–6’.
(b) In Q1.1.3 many candidates were able to square the equation correctly but then
factorised x2 −4x =0 incorrectly as (x−2)(x+2)=0 . Some divided x2 −4x =0
through by x which meant that the candidate lost a solution to the equation.
(c) Many candidates struggled to solve the inequality in Q1.1.4 after correctly calculating
the critical values. Some candidates drew a sketch but were unable to use it to write
down the required answer. Another common error was the incorrect notation in the
answer. Candidates wrote the answer as
National Senior Certificate 214 Diagnostic Report 2023 – Part 1
x  − 1 or x  3 instead of x  − 1 o r x  3 .
(d) The simultaneous equation given in fraction form in Q1.2 proved challenging for most
candidates. The notion of isolating the one variable and substituting this into the
second equation was well understood. However, candidates changed
1
x
+
1
y
= 1 to
−1 −1
x +y =1 and then after substitution incorrectly worked with the exponent of –1.
(e) In Q1.3 many candidates were able to write the exponents with separate bases, i.e.
2 m . 2 + 2 m = 3 n . 3 2 − 3 n
Mathematics P1
100%
89% 88%
90% 84% 83%
80% 79%
80% 74% 77%
70%
% 70% 65%
e 62% 63% 63% 63%
c 60%
n a m 60% 55% 57% 54% 52%
r o 50% 47% 45%
f 42% 42%
r
e p .e 40% 32% 35% 36% 33% 31%
28%
v 30%
A
19% 18% 20%
20% 16%
14% 15%
10% 8%
2%
0%
1.1 1.3 2.2 3.2 4.2 4.4 4.6 5.1 5.3 5.5 5.7 6.2 7.1 7.3 8.2 8.4 9.1 10.1 10.3
Sub-question
. However, some failed to factorise the resulting expression
correctly, i.e. 2m.(2+1)=3n. ( 32 −1 ). The majority of the candidates just worked with

Mathematics
the exponents and this resulted in an equation
National Senior Certificate 215 Diagnostic Report 2023 – Part 1
m + 1 + m = n + 2 − n which did not lead
them to solving the given problem.
Suggestions for improvement
(a) Learners must ensure that they understand what correct standard form is in a quadratic
equation.
(b) Learners must be taught to check their solutions when using the squaring technique to
solve an equation that is not originally quadratic.
(c) Emphasis must be given to working with lowest common denominators to solve
fraction-based problems.
(d) When dealing with surd equations, learners should be reminded that they need to
isolate the radical before they can square both sides of the equation. Teachers must
emphasise that implicit restrictions are placed on surd equations and that learners
should continue to test whether their answers satisfy the original equation.
(e) Learners need to be exposed to complex questions involving surds and exponents.
Correct use of exponential rules must be revised, tested and re-explained from Grade
9 through to the final Grade 12 examination.
(f) Regular revision and emphasis on working with prime bases in exponents is important.
(g) Learners need to be exposed to problem-solving questions involving algebraic
manipulation in all areas of algebra. This requires regular revision and testing of non-
routine questions in the algebra section, focusing on a range of skills that candidates
need to have mastered from Grade 10.
(h) As suggested in previous reports:
• Teachers should not take for granted that learners know how to round off a number
to the required number of places. Where necessary, this skill should be retaught
in Grades 11 and 12. Teachers should penalise learners in SBA tasks when they
do not round off to the correct number of places.
• Teachers should take some time, preferably in Grade 10, to focus on teaching
learners how to represent inequalities (e.g. − 3  x  5 ; x  − 3 or x  5 ) on a
number line and also how to write an inequality from the illustration on a number
line. This will benefit learners as they are required to write inequality solutions for
a number of questions in both examination papers. Emphasis on the correct
notation is essential when writing down the solutions to inequalities.
• Linked to this, teachers should explain the difference between and and or in the
context of inequalities. Learners cannot use these words interchangeably as they
have different meanings.",P1
2023,2.0,PATTERNS,"QUESTION 2: PATTERNS
Common errors and misconceptions
(a) The most common errors in Q2.1 and its sub-questions were the use of incorrect
formulae (i.e. T n =a(n−1)d rather than T n =a+(n−1)d) or incorrect substitution of n
T S
as n or n.

Mathematics
(b) Many candidates substituted n = 5 into the given
National Senior Certificate 216 Diagnostic Report 2023 – Part 1
T
n
formula in Q2.1.2 to answer
Q2.1.1 rather than developing the quadratic pattern. The candidates knew how to
develop the pattern as this was well done in Q2.1.2, when asked to show that the
quadratic pattern had a general term of T
n
= 6 n
2
− 9 n + 6 , but the link was not made
between determining the formula of a quadratic pattern and generation of the quadratic
pattern.
(c) In Q2.2.3 most candidates could not show that the pattern was increasing for all natural
numbers. They were not able to manipulate the quadratic pattern as a quadratic
function to provide the argument of where the axis of symmetry of the pattern was.
Suggestions for improvement
(a) Learners must be made aware of which formulae on the information sheet apply to
which type of sequence. It is good practice for them to use the information sheet in
class so that they become familiar with it.
(b) Teach learners how to identify whether the question requires them to calculate the
value of the nth term or the sum of the first n terms.
(c) Questions must be read carefully so that the learners know what is required of them.
(d) Learners should be discouraged from using information provided in later questions to
answer earlier questions in an examination. Learners must be encouraged to develop
patterns using their properties rather than using their explicit general terms. The
understanding of where a pattern ‘starts’ and what the pattern ‘does’ is important to
emphasise. The basic diagram was sufficient in answering Q2.2.1.
(e) Teachers need to specifically teach the relationships between a quadratic pattern and
a parabola, making particular reference to the axis of symmetry and minimum or
maximum values of the pattern.",P1
2023,3.0,PATTERNS,"QUESTION 3: PATTERNS
Common errors and misconceptions
(a) Candidates were correctly able to determine the general term, however, most
candidates incorrectly simplified T
n
= 3 . 2
n − 1
to T
n
= 6
n − 1
. This did not impact the
candidates in Q3.1.1 but did impact the candidates’ ability to correctly solve Q3.1.2.
(b) Many candidates did not make the link between n and k in the sigma notation in Q3.1.2.
The candidates also showed little understanding of how to generate a series from
sigma notation to identify the a and the r values. Further to this, some candidates
substituted the calculated information into T rather than S .
n n

Mathematics
(c) Most candidates were unable to answer Q3.2 correctly. The interpretation of ‘The sum
of 22 terms of the arithmetic series is 734 more than the sum to infinity of the geometric
sequence’ was incorrectly translated to S =734.
22
Suggestions for improvement
(a) Teachers should emphasise the differences between the term, sum and sum to infinity
formulae in arithmetic and geometric patterns.
(b) The inclusion of word problems in the patterns section is important. Teachers need to
emphasise how to take the words of a problem and write it in symbolic form to solve
an equation or inequality.
(c) Constant revision of exponential laws to solve equations correctly is pivotal to
candidates’ success. Teachers need to emphasise this and revise this thoroughly in
all grades.",P1
2023,4.0,FUNCTIONS (EXPONENTIAL AND LOGARITHMIC GRAPH),"QUESTION 4: FUNCTIONS (EXPONENTIAL AND LOGARITHMIC GRAPH)
Common errors and misconceptions
(a) Many candidates did not calculate the coordinates of the x-intercept, A, correctly in
Q4.3 which resulted in an incorrect equation of the straight line.
(b) Most candidates did not understand the concept of vertical distance in Q4.4. The
candidates substituted incorrect points into the distance formula in an attempt to
calculate any distance.
(c) In Q4.4 some candidates left their answer for the vertical distance between the
functions at x = 1 as a negative value.
(d) The majority of candidates did not realise that the given function had a restricted
domain which in turn meant the inverse of the given function would have a restricted
domain. The candidates had learnt that the domain of the inverse was x 0, which is
true for an unrestricted logarithm function.
Suggestions for improvement
(a) Teachers need to emphasise what the points on a graph are and help learners identify
what the properties of these points are before they start answering a question.
(b) Vertical and horizontal distances should be explained without the use of the distance
formula when interpreting functions. In conjunction with this, teachers must emphasise
that distance is a scalar property and cannot be negative.
(c) Teachers should work with restricted domain graphs in class to make learners aware
that functions can be restricted and emphasise the effect this has on their properties.
National Senior Certificate 217 Diagnostic Report 2023 – Part 1

Mathematics",P1
2023,5.0,FUNCTIONS (HYPERBOLA AND PARABOLA),"QUESTION 5: FUNCTIONS (HYPERBOLA AND PARABOLA)
Common errors and misconceptions
(a) In Q5.4 many candidates forgot the restriction of the horizontal asymptote on the range
of the function, possibly because it was the x-axis and visually drawn on the graph as
an asymptote.
(b) Most candidates were unable to interpret Q5.5 correctly from the given graph. Many
tried to solve the inequality algebraically and others did not take cognisance of the
vertical asymptote of the hyperbola.
(c) The majority of candidates did not understand the terminology ‘will not intersect’ and
tried to solve for
National Senior Certificate 218 Diagnostic Report 2023 – Part 1
− 2 x + k 
8
x
or − 2 x + k 
8
k
which led them to incorrect solutions and
misinterpretation of the question. The integration of nature of roots into functions was
not commonly understood by candidates.
(d) Q5.7 was not understood by many candidates. The link between Q5.6 and Q5.7 was
not seen by the candidates which resulted in very few candidates attempting to answer
this question.
Suggestions for improvement
(a) Teachers should spend some time on graphical interpretation of functions. This can
be started with the very first graph that is sketched in Grade 10. The concepts of
f(x)0, f ( x )  g ( x ) and f ( x ) g. ( x )  0 must be emphasised throughout the FET
phase when teaching functions.
(b) The link for learners between the algebraic work (i.e. nature of roots, simultaneous
equations and inequalities) and the graphical representation must be created by the
teacher when working with functions. However, teachers need to emphasise the
importance of understanding these concepts and teach the learners to read off the
solutions to the questions from the graph. Not all solutions in functions questions need
be algebraic – this practice seems to be the default for most candidates.
(c) The integration of calculus into functions is an important concept for teachers to revise,
test and practise with learners.",P1
2023,6.0,FINANCE,"QUESTION 6: FINANCE
Common errors and misconceptions
(a) In Q6.1 many of the candidates who did not solve for the value of r, did not use the
value of n as 6. Generally, candidates found it difficult to deal with months if they
1
were not a multiple of 12. Some candidates used n = while many used 72 months.
2
(b) In Q6.1 it was a common error for candidates not to divide the rate by 12 in the formula
to calculate the nominal interest rate correctly.
(c) Many candidates used the incorrect formulae in all questions related to financial
mathematics. In addition, the candidates commonly did not use their calculator
correctly to calculate the final answer.

Mathematics
(d) In Q6.2.2 many candidates used the present value formula rather than the future value
formula.
(e) Most candidates in Q6.3 did not use logarithms correctly, and if they did, the
candidates rounded their answer of n = 147,8 to n = 148. This indicated a
misconception of the number of withdrawals of R20 000 that could have been made.
Suggestions for improvement
(a) Learners need deeper insight into the relevance of each of the formulae and under
which circumstances each formula can be used. The variables in each formula must
be explained. More practice in Financial Mathematics is necessary so that learners
can identify when to use the different formulae.
(b) Teachers should demonstrate all the steps required when using a calculator. This
should be done repetitively in class with every example done in Financial Mathematics.
In formal assessment tasks at school, learners should be penalised for rounding off
early.
(c) The difference between compound interest, future value- and present value annuities
must be thoroughly explained.
(d) The correct Financial Mathematics language should be used in class and learners
should read the question with understanding.
(e) Teachers need to emphasise – and learners need to practise – using different
compounding periods for time intervals other than in years.",P1
2023,7.0,CALCULUS,"QUESTION 7: CALCULUS
Common errors and misconceptions
(a) In Q7.1 some candidates made the following notational errors:
National Senior Certificate 219 Diagnostic Report 2023 – Part 1
lim
h → 0
=
f ( x + h )
h
− f ( x )
or left out the limit of h altogether. They lost a mark for these errors. Other candidates
made errors in substitution.
(b) In Q7.2.2 candidates incorrectly changed 7 . 3 x 2
3
to 7x2 instead of 7 x
23
.
(c) When answering Q7.3, many candidates calculated the first derivatives correctly.
However, they did not understand how to solve the inequality x 2 
4
3
, partly because
the square root of
4
3
is not a rational number and partly because of a lack of
understanding of how to work with inequalities.
Suggestions for improvement
(a) Emphasis should be placed on the use of the correct notation when determining the
derivative, either when using first principles or the rules.

Mathematics
(b) Teachers should revise the rules of exponents and surds when changing an
expression into differentiable format.
(c) The concepts of gradient of tangent and point of inflection must be understood.
Teachers should explain the difference between the two concepts.
(d) Integration and re-emphasis of algebraic concepts, viz fractions, factorising,
inequalities and exponential rules, should be emphasised when working with calculus.",P1
2023,8.0,CALCULUS,"QUESTION 8: CALCULUS
Common errors and misconceptions
(a) Some candidates did not realise that the function in Q8.1 was already factorised for
them. They expanded the factors and equated to the left side. Instead of getting zero,
they created another function. These candidates also solved for the x-intercepts rather
than the x-coordinates of the turning points first.
(b) In Q8.1 candidates did not equate the derivative to 0 explicitly. Some candidates only
worked out the x values without calculating the corresponding y values. This led to an
incorrect graph in Q8.2. Other candidates attempted to use the quadratic equation
principle of
National Senior Certificate 220 Diagnostic Report 2023 – Part 1
x = −
b
a 2
to calculate the x-coordinate of the turning point which does not
lead to the correct answer in a cubic function.
(c) Many candidates did not label the graph in Q8.2 even though it was explicitly asked of
them to do so. Other candidates could not draw the cubic function and drew a version
of a parabola. A common mistake was not indicating the y-intercept.
(d) In Q8.3 most candidates did not use graphical interpretation to answer this question
but rather used quadratic function theory and substituted in b 2 − 4 a c which was
incorrect.
(e) In Q8.4 many candidates substituted into m =


y
x
to calculate a gradient rather than
using calculus methods to solve for the gradient.
(f) Many candidates equated m = t a n  where the gradient they had calculated was a
negative value. The link that the gradient was positive was not recognised by the
candidates.
Suggestions for improvement
(a) Learners should be taught to determine the properties of a graph from Grade 10 to 12
in a progressive manner. The defining property of a turning point having a zero gradient
is a way to describe a turning point. Teachers need to prove this link between the
definition of a turning point and the Grade 11 concept of determining the axis of
symmetry to calculate the x-coordinate of the turning point.
(b) When teaching factorisation of third-degree polynomials, teachers should include
examples where there is only one real root.
(c) Teachers should continue to teach graphical interpretation in cubic graphs as a follow
on from the interpretation taught in Grade 10 and 11.

Mathematics
(d) The concept of the point of inflection needs to be taught explicitly.
(e) The application of Calculus lends itself to many applications. Teachers need to expose
learners to a wide variety of questions, which include integration of topics including
analytical geometry, measurement and trigonometry.",P1
2023,9.0,CALCULUS,"QUESTION 9: CALCULUS
Common error and misconception
(a) The vast majority of the candidates did not attempt this question because they were
unable to formulate the equation required in Q9.1.
(b) Many candidates did not use the given equation in Q9.1 to answer Q9.2.
(c) Some common errors included:
1
• Candidates simplified the equation required in Q9.2 to x−2 = and then
576
incorrectly concluded that
National Senior Certificate 221 Diagnostic Report 2023 – Part 1
x =
2
1
4
.
• Candidates calculated that x 2 = 5 7 6 and then concluded that x = − 2 4 rather than
x = 2 4 .
Suggestions for improvement
(a) Learners appear to be dependent on the formulae being given when solving
optimisation problems. It is advisable that learners interrogate the optimum function
even when it is given in a question. This should help their conceptual development.
(b) Teachers should ensure that there is enough time for learners to understand the
application of Calculus fully.
(c) Reading for understanding should be ongoing if learners are to improve their
responses to word problems.",P1
2023,10.0,PROBABILITY,"QUESTION 10: PROBABILITY
Common errors and misconceptions
(a) In Q10.1.2 many candidates did not use the probability rule correctly to answer this
problem. The theory of P (at least one) = 1 – P(A and B) was incorrectly used.
(b) Most candidates who calculated a probability that was greater than 1 did not realise
that this could not be correct.
(c) In answering Q10.2.1 many candidates were unable to correctly draw the tree diagram.
(d) In Q10.3.2 most candidates did not understand that there were 4 positions for the 5
learners to be seated between the 2 youngest learners. The most common error was
5!  2!.

Mathematics
Suggestions for improvement
(a) Teaching basic concepts cannot be overlooked. When learners understand the basic
concepts well enough, then the more complex concepts are easier to grasp.
(b) It must be stressed that the probability of an event A lies in the interval
National Senior Certificate 222 Diagnostic Report 2023 – Part 1
0  P ( A )  1 .
(c) Reading for understanding must be a regular practice in the classroom. This should
equip learners with the skills to deal with word problems in assessment tasks.
(d) Teachers need to teach both tree diagrams and Venn diagrams thoroughly. These
concepts should be examined in school-based assessment tasks throughout the FET
phase.
(e) Teach learners the Fundamental Counting Principle in such a way that they will be
able to base their answers on their reasoning, rather than on the rule.
10.5 OVERVIEW OF CANDIDATES’ PERFORMANCE IN PAPER 2
(a) Integration of topics was still a challenge to many candidates. Mathematics should not
be studied in compartments. Candidates are expected to apply knowledge from one
section to another section of work.
(b) It was evident that many of the errors made by candidates in answering the
Trigonometry questions in this paper had their origins in a poor understanding of the
basics and the foundational competencies taught in the earlier grades.
(c) In general, candidates needed to exercise caution with algebraic manipulation skills
since overlooking certain basic principles or practices results in the unnecessary loss
of marks.
(d) Although the calculator is an effective and necessary tool in Mathematics, learners are
of the belief that the calculator provides the answer to all their problems. Some
candidates needed to realise that conceptual development and algebraic manipulation
were often impeded because of their dependence on a calculator.
10.6 DIAGNOSTIC QUESTION ANALYSIS FOR PAPER 2
The following graph was based on data from a random sample of candidates’ scripts. While
this graph might not accurately reflect national averages, it is useful in assessing the relative
degrees of challenge of each question as experienced by candidates.

Mathematics
Graph 10.6.1 Average performance per question in Paper 2
Q Topic(s)
Mathematics P2
1 Data Handling
90% 84%
80% 2 Data Handling
70% Analytical
3
63% Geometry
60%
% 59%
e
60%
Analytical
c n a m r 50% 50% 42% 43% 44% 50% 4 Geometry
o 5 Trigonometry
f r 40%
e 34%
p
.e
v 30%
6 Trigonometry
A
18% 7 Trigonometry
20%
Euclidean
10% 8
Geometry
0% Euclidean
9
1 2 3 4 5 6 7 8 9 10 Total Geometry
Question Euclidean
10
Geometry
Graph 10.6.2 Average performance per sub-question in Paper 2
Mathematics P2
100%
95% 94%94%
90% 90% 91%
90% 87%
84% 84% 83% 84% 81% 84%
80%
71%
70% 67% 69% 68%
% 65%
e c n 60% 58% 57% 58% 59% 60%
a 55%
m
51%
r 50% 48%
o f 46% 45%
r
e
p 40% 38%
.e 33% 36%
v A 33% 29% 32% 29%
30%
26%
23%
20%
20% 18% 17%
16%
14%
10% 10% 10%
0%
1.1 1.3 1.5 2.2 2.4 3.2 3.4 3.6 3.8 4.2 4.4 4.6 5.2 5.4 6.2 6.4 7.1 7.3 8.2 9.1 9.3 10.2
Sub-question
National Senior Certificate 223 Diagnostic Report 2023 – Part 1

Mathematics
10.7 ANALYSIS OF CANDIDATES’ PERFORMANCE IN EACH QUESTION IN
PAPER 2",P1
2023,1.0,DATA HANDLING,"QUESTION 1: DATA HANDLING
Common errors and misconceptions
(a) When writing the equation in Q1.1 a few candidates interchanged the values of a and
b. Some calculated the values of a and b correctly but did not write the required
equation or they swopped the values of a and b in the equation. Another common
error in this question was that candidates failed to round off their answers for a and b
correctly to two decimal places.
(b) In Q1.2 some candidates substituted 550 for y instead of substituting 550 for x.
(c) Some candidates rounded off the value of r to 1 instead of 0,98 when answering Q1.3.
Candidates should have been aware that 0,98 and 1 have very different meanings
when analysing correlation coefficients.
(d) When answering Q1.4 some candidates either wrote ‘strong’ or ‘positive’ as their
answer. Both were unacceptable as they only described one attribute of the correct
answer.
(e) In Q1.5.2 some candidates did not round off their answer correctly to two decimal
places.
(f) Many candidates calculated the standard deviation interval correctly in Q1.5.3 but
failed to indicate the number of stops that were less than one standard deviation below
the mean. They were not awarded full marks because they did not answer the question
completely.
Suggestions for improvement
(a) Teachers should link the equation of the least squares regression line (y = a + bx) with
the equation of the straight line and emphasise that ‘a’ refers to the y-intercept and ‘b’
refers to the gradient.
(b) Learners must be careful not to interchange the x- and y-values in the table when they
input these into the calculator.
(c) When determining the equation of the least squares regression line, it is advisable that
learners write down the values of a and b and then write down the equation of the
regression line. In this way, they can get the CA mark for the equation.
(d) When teaching Statistics, the focus should not only be the calculations. Teachers
should also pay attention to the meaning of the different concepts, e.g. mean, standard
deviation, correlation coefficient, etc. The values obtained in the calculations should
then become more meaningful for learners.
(e) The understanding of statistical terminology is developed by using these terms
frequently in the class. The use of diagrams when explaining the concepts of standard
deviation and deviation intervals from the mean should help learners in understanding
these concepts.
National Senior Certificate 224 Diagnostic Report 2023 – Part 1

Mathematics
(f) Practise calculator skills with learners. Learners should be familiar with what the
symbols on the calculator represent, for example,  represents population standard
x
deviation and r represents correlation coefficient.
(g) Learners should be able to use the values of their calculations to make predictions and
comments about the data. Time should be devoted to interpretation questions.",P2
2023,2.0,DATA HANDLING,"QUESTION 2: DATA HANDLING
Common errors and misconceptions
(a) A few candidates calculated the midpoint of the class intervals when answering Q2.1.
These candidates were attempting to calculate the estimated mean of the data instead
of the cumulative frequencies.
(b) In Q2.3 many candidates were unable to differentiate between frequency and
cumulative frequency. They gave the answer as 13, the frequency of the interval
4 ≤ x < 6, instead of the correct answer of 33.
(c) In response to Q2.4 reading for meaning proved to be a challenge for many candidates.
Some of the candidates who were able to understand the question made careless
errors when setting up the equation. They left out the brackets and wrote
National Senior Certificate 225 Diagnostic Report 2023 – Part 1

5  1 3 +
k
2

instead of 5 

1 3 +
k
2

. Some candidates failed to realise that the total number of
teachers was now 40 + k. Other candidates incorrectly subtracted the frequencies, i.e.
13 – 5, and arrived at the correct answer of 8. They were not awarded any marks for
this attempt. A number of candidates only wrote down 8, the correct answer. These
candidates were only awarded one mark as there was no working to substantiate their
answer.
Suggestions for improvement
(a) Learners need to understand the difference in the meaning of the concepts: frequency
and cumulative frequency.
(b) Reading for understanding is a fundamental requirement in the Data Handling section.
This skill needs to be developed in classroom activities.
(c) While the calculator is a useful tool in answering many questions in the Data Handling
section, teachers cannot overlook performing the calculations manually. This assists
learners in understanding the calculation but moreover, it provides learners with the
necessary skills to deal with questions that include variables.",P2
2023,3.0,ANALYTICAL GEOMETRY,"QUESTION 3: ANALYTICAL GEOMETRY
Common errors and misconceptions
(a) In Q3.1 some candidates swopped the x- and y-values around when substituting into
the distance formula. Other candidates calculated the gradient of SL instead of the
length of SL.

Mathematics
(b) In Q3.2 some candidates used the incorrect gradient formula despite it being given on
the information sheet. Other candidates swopped the x- and y-values around when
substituting into the gradient formula.
(c) A few candidates only wrote down the value of tan θ when answering Q3.3. They did
not continue to calculate the size of θ, as was required in the question. Some
4
candidates incorrectly assumed that the size of θ was .
3
(d) In response to Q3.4 some candidates calculated NKˆO, instead of LKˆO. Other
candidates calculated the gradient correctly but then incorrectly calculated the angle of
inclination as a positive angle.
National Senior Certificate 226 Diagnostic Report 2023 – Part 1
m
L N
=
−
1 +
4 +
4
2
m
L N
= − 2
LK ˆ O=63,43
.
Other candidates incorrectly assumed that ∆KON was an isosceles triangle.
(e) Although Q3.5 was well answered by most candidates, some candidates used the
gradient of the line perpendicular to SN instead of using the gradient of a line parallel
to SN. Some candidates incorrectly assumed that the line passed through S and used
the coordinates of S in determining the equation of the line.
(f) Many candidates attempted to answer Q3.6 by making use of the area rule. In doing
so, they made incorrect substitutions into the area rule, i.e. they would substitute the
length/s of sides that did not form ∆LSN. Candidates failed to realise that ∆LSN was
1
right- angled and that they could make use of the area formula: Area = baseheight
2
to answer the question. Some candidates incorrectly used SN as the height of the
triangle.
(g) In Q3.7 many candidates assumed that P would be the midpoint of SN without first
stating that SN is a diameter of the circle. It was critical for candidates to establish that
SN was a diameter for P to be the centre of the circle. Some candidates incorrectly
assumed that P was the 4th vertex of a rectangle LNSP and calculated the coordinates
of P as (6 ; 1). This was incorrect as this point (6 ; 1) was not equidistant from L, S and
N.
(h) Most candidates were unable to answer Q3.8 because they were unable to calculate
the coordinates of P in Q3.7.
Suggestions for improvement
(a) If learners are not sure, they should consult the information sheet for the correct
formula.
(b) Teachers should teach learners to label the coordinates as ( x
1
; y
1
) and ( x
2
; y
2
) on
the diagram. This will prevent learners from making mistakes when substituting the
coordinates into a formula. The order of substitution must be consistent, especially
when using the gradient formula.
(c) Teachers need to emphasise the relationship between the sign of the gradient and the
size of the angle of inclination of the line.

Mathematics
(d) It is important that learners realise that it is not acceptable to make any assumptions,
e.g. that a certain point is the midpoint of a line. Even if it looks as if the point is the
midpoint, it may not just be assumed and used. These need to be proven first before
the results can be used in an answer.
(e) Teach learners to analyse diagrams in Analytical Geometry and to use relevant
properties to respond to questions.
(f) Teachers should show learners different orientations of the base and the perpendicular
height of a triangle. This should give learners more options when calculating the area
of a triangle.
(g) Teach learners to expect that Euclidean Geometry facts will be integrated into
Analytical Geometry and will be needed in the answering of some Analytical Geometry
questions.",P2
2023,4.0,ANALYTICAL GEOMETRY,"QUESTION 4: ANALYTICAL GEOMETRY
Common errors and misconceptions
(a) In Q4.1 some candidates solved for x in the equation x2 + y2 =20 and did not give the
answer in terms of p, as was required by the question. Some candidates gave their
answer as p = ±4, instead of just p = 4.
(b) In Q4.2 some candidates calculated the midpoint of DE, instead of using the midpoint
E to calculate the coordinates of F.
(c) Many candidates answered Q4.3 correctly. Those who did not obtain full marks made
basic algebraic mistakes, e.g. not changing a sign of a term when transposing it.
(d) Most candidates were unable to answer Q4.4 correctly. Many candidates calculated
the x-intercept of DF, namely 5, and gave that as the answer to the x-coordinate of the
centre of the bigger circle.
Some candidates displayed poor algebraic skills when solving for t as shown below:
National Senior Certificate 227 Diagnostic Report 2023 – Part 1
0
t
−
−
−
t −
6
8
8
=
=
−
2
−
1
1 2
This question could be answered by using the fact that the tangent is perpendicular to
the radius. However, candidates attempted much more complicated methods and
made many incorrect assumptions and errors in their calculations.
(e) Candidates who could not answer Q4.4 were unable to attempt Q4.5 because they did
not have the coordinates of G at their disposal. Some candidates incorrectly stated
that the radius of the bigger circle was 0.
(f) Very few candidates were able to answer Q4.6 correctly. A contributing factor for this
was that candidates needed to have answered Q4.4 and Q4.5 to attempt Q4.6. Some
candidates knew that for circles to touch internally the distance between their centres
must be equal to the difference between the lengths of their radii. They wrote down
this distance. However, this question asked for more than that, namely, how far to
translate the smaller circle to touch the larger circle internally. These candidates could
not link the distance that they calculated with the required answer.

Mathematics
Suggestions for improvement
(a) Teachers need to revise the concept of perpendicular lines and gradients, particularly
that the tangent is perpendicular to the radius at the point of contact.
(b) Learners should be reminded to refer to the information sheet for the relevant formulae.
(c) Learners should practise using a formula to get an answer (e.g. using the formula to
calculate the coordinates of the midpoint), as well as to calculate an unknown variable
if the answer has been given (e.g. calculate the coordinates of an endpoint if one
endpoint and the midpoint are given).
(d) Learners must also be exposed to higher-order questions in class and in school-based
assessment tasks. Questions on intersecting circles and circles touching internally and
externally should be included in these tasks.",P2
2023,5.0,TRIGONOMETRY,"QUESTION 5: TRIGONOMETRY
Common errors and misconceptions
(a) Many candidates were unable to identify the quadrant correctly, and therefore used
x=+2 2 instead of x=−2 2 throughout Q5.1. Some candidates ignored the
instruction to not use a calculator and gave decimal answers to the trigonometric ratios.
They were penalised for this.
(b) In Q5.1.2 some candidates were unable to write the expansion for sin 2β correctly
despite it being given in the information sheet. Instead they incorrectly wrote the
expansion for sin 2β as 2sin β.
(c) When answering Q5.1.3 some candidates were not able to reduce
National Senior Certificate 228 Diagnostic Report 2023 – Part 1
c o s ( 4 5 0 )   −
correctly to sin β, i.e. they were unable to deal correctly with an angle greater than
360° as well as a co-ratio.
A common incorrect response that showed a lack of understanding of compound
angles was:
c
c
0
-
o s
o s
-
c o
( 4 5
4 5 0
c o s β
s β
0
°
°
-
-
c
β
o
)
s β
(d) Q5.2.1 was poorly answered by many candidates as they failed to realise that
c o s 4 x + s in 2 x . c o s 2 x could be factorised. Some candidates flouted a very basic rule of
1−sin2 x
Algebra by cancelling terms of an expression: =1−sinx. Although these
1+sinx
candidates arrived at the correct answer, they were not awarded any marks. Instead,
they should have factorised the numerator and then cancelled factors as shown:
1
1
−
+
s i n
s i n
2 x
x
=
( 1 − s i n
1
x
+
)
s
( 1
i n
+
x
s i n x )
= 1 − s i n x .
(e) In Q5.2.2 many candidates left their answers as a general solution, instead of the
specific solution in the given interval. Some candidates included the reference angle

Mathematics
of 90° as a solution.
(f) Many candidates did not respond to Q5.2.3 because they could not link the given
expression to the sine graph.
(g) In Q5.3.1 almost all candidates were unable to use the expansion for cos (A – B) to
derive the expansion for sin (A – B).They had no idea how to begin with this derivation.
(h) In Q5.3.2 some candidates incorrectly considered sin48°cosx – cos48°sinx to be the
expansion for the cosine compound angle instead of the sine compound angle. This
lead to the incorrect general solution for x.
(i) The candidates’ response to Q5.3 was poor. Some candidates started their responses
incorrectly by indicating that sin 3x was equal to sin 2x + sin x.
Other candidates incorrectly factorised the numerator as:
National Senior Certificate 229 Diagnostic Report 2023 – Part 1
s
s
i
i
n
c
n
3 x +
o s 2 x
( x s i n
c o s 2
s i n
+ 1
2 x
x +
x
+
1
1 )
Candidates also failed to choose the appropriate expansion for cos 2x. Consequently,
they were unable to simply the expression to a single trigonometric ratio.
Suggestions for improvement
(a) Learners find it difficult to recall the Trigonometry taught in Grades 10 and 11.
Teachers should ensure that all learners are able to select the relevant quadrant when
drawing sketches in the Cartesian plane to calculate trigonometric ratios.
(b) Remind learners that the same simplification skills used in Algebra also apply to
Trigonometry. Revise addition, subtraction and simplification of algebraic fractions with
learners before teaching simplification of trigonometric expressions and proving
trigonometric identities.
(c) Expose learners to questions on trigonometric ratios, involving combinations of
compound angles, angles greater than 360° and co-ratios.
(d) Learners should be encouraged to use sketch graphs of sin x and cos x when solving
equations where either of these ratios is equal to 1, 0 or –1.
(e) Learners should be given exercises to practise simplifying complex trigonometric
expressions, proving identities and solving complex trigonometric equations.",P2
2023,6.0,TRIGONOMETRY (GRAPHS),"QUESTION 6: TRIGONOMETRY (GRAPHS)
Common errors and misconceptions
(a) In Q6.1 some candidates gave the domain (which is an interval) instead of the period
(which is a single value). Many candidates incorrectly divided 180° by 2 instead of
dividing 360° by 2.

Mathematics
(b) In answering Q6.2 many candidates ignored the domain specified in the question.
They gave the range as [–1 ; 1] instead of
National Senior Certificate 230 Diagnostic Report 2023 – Part 1

−
2
2
; 1

. Some candidates incorrectly
excluded the extremities of the interval.
(c) Q6.3.1 is a familiar question, yet many candidates failed to respond to this question.
Some included the endpoints of the interval not realising that at the endpoints the two
functions are equal. In this instance, their answer was [45° ; 90°] instead of (45° ; 90°).
Some candidates showed a lack of understanding of how to write an interval as an
inequality. They incorrectly gave the answer as x > 45° or x < 90°.
(d) When answering Q6.3.2 some candidates were able to establish the critical values of
105° and 165° but were unable to present the answer correctly as an interval.
(e) Many candidates used algebraic methods to solve the equation in Q6.4 instead of
using the graph. They would either leave their answer as a general solution or only
provided one solution, i.e. x = 15°
(f) As in Q6.4 candidates again resorted to algebraic methods to answer Q6.5 instead of
translating the graph and observing the image obtained. It was disturbing that a
number of candidates did not respond to this question.
Suggestions for improvement
(a) Although these concepts are discussed in Grade 10, it is necessary for learners to be
constantly reminded of the meaning of concepts like period, domain, amplitude and
range.
(b) Learners should be told that the period of a trigonometric function is the length of a
function's cycle. Since this value is a length, it is a single number and not an interval
of values.
(c) Learners should be shown how to write intervals, using both inequalities and interval
notation.
(d) Teachers should make learners aware of the cyclic nature of trigonometric graphs.
This is useful in determining the coordinates of other points on the graph.
(e) Teachers should put more emphasis on teaching graphical interpretation, by reading
off values from graphs and using the properties of the graphs and transformations
rather than using long algebraic methods. This skill is particularly useful when the
question is allocated only a few marks.",P2
2023,7.0,TRIGONOMETRY,"QUESTION 7: TRIGONOMETRY
Common errors and misconceptions
(a) In Q7.1 many candidates attempted to use the sine formula instead of the area formula.
This resulted in them not being able to express the side of the triangle in terms of the
required variables.
(b) Q7.2 required candidates to analyse the diagram and create a trigonometric
expression for RS and substitute into this expression the result obtained in Q7.1.

Mathematics
Instead, some candidates tried to manipulate the expression given for RS
algebraically. These candidates assumed that the given expression was true. They
were not awarded any marks for their efforts.
(c) Some candidates did not realise that they could use the expression given in Q7.2 to
calculate the size of α. Instead, they tried to formulate other expressions involving α,
most common of which was to use the sine formula in ΔSTK. This proved to be
fruitless. Some candidates rounded off the answer for sin α. Consequently, they arrived
at α = 53,13° instead of α = 53,51°.
Suggestions for improvement
(a) Teachers should devote the appropriate amount of time to this section. This should
allow learners to score the accessible marks in this section of work.
(b) Teachers need to develop strategies to be used when solving right-angled triangles
and triangles that are not right-angled. Teach learners the conditions that determine
which rule should be used to solve the question.
(c) It might be a good idea to give learners an exercise in which they identify which rule is
to be used to solve the question. The learners must also substantiate why they think
that the rule that they have selected applies to the question.
(d) Learners should be encouraged to highlight the different triangles using different
colours.
(e) Initially, expose learners to numeric questions on solving 3D problems. This makes it
easier for them to develop strategies on how to solve such questions. Once learners
have gained confidence with numeric type questions, they should then be exposed to
non-numeric and higher-order questions.
(f) Learners must be reminded that they should not round off intermediate values in their
calculations. Early rounding off creates an error in the final answer. Only the final
answer should be rounded off to the required number of places.",P2
2023,8.0,EUCLIDEAN GEOMETRY,"QUESTION 8: EUCLIDEAN GEOMETRY
Common errors and misconceptions
(a) Q8.1 tested bookwork. Some candidates did not show or describe any construction.
Some candidates labelled angles inappropriately, e.g. just
National Senior Certificate 231 Diagnostic Report 2023 – Part 1
ˆK , instead of
ˆK
1
or
ˆK
2
.
Some candidates used as reason ‘isosceles triangle’, instead of ‘angles opposite equal
sides’.
(b) Some candidates made the following incorrect statements when answering Q8.2:
• DOBC is a cyclic quadrilateral.
ˆ ˆ
• A=2O
1
1
• O ˆ = C ˆ
2 2
• Aˆ =Cˆ
(c) When answering Q8.3.1 many candidates were able to state that OMˆ B=90.
However, they provided the following incorrect reasons for their statement:

Mathematics
• radius perpendicular to chord.
• line from centre perpendicular to chord.
• line from centre to midpoint of chord.
(d) In Q8.3.2 some candidates were unable to provide the correct reason for AM being
equal to MB. However, they were able to calculate the length of OB correctly. Some
candidates did not use brackets when substituting into the expression for the Theorem
of Pythagoras. They wrote 5 32 instead of ( 5 3 )2. Consequently, they went on to
enter the same into the calculator and obtained an incorrect final answer
Suggestions for improvement
(a) Learners should be taught that a construction is required in order to prove a theorem.
If the construction is not shown, then the proof is regarded as a breakdown and they
get no marks.
(b) Teachers must cover the basic work thoroughly. An explanation of the theorem should
be accompanied by showing the relationship in a diagram. In addition, learners should
be made to prove theorems as part of their informal tasks. A good strategy is to expect
learners to write the proof of a theorem as a task the day after the theorem was
explained in class.
(c) Teachers are encouraged to use the ‘Acceptable Reasons’ in the Examination
Guidelines when teaching. This should start from as early as Grade 8. Learners should
be issued with a copy of the ‘Acceptable Reasons’.
(d) Learners should be encouraged to scrutinise the given information and the diagram for
clues about which theorems could be used when answering the question.
(e) Learners should be taught that all statements must be accompanied by reasons. It is
essential that the parallel lines be mentioned when stating that corresponding angles
are equal, alternate angles are equal, the sum of the co-interior angles is 180° or when
stating the proportional intercept theorem.",P2
2023,9.0,EUCLIDEAN GEOMETRY,"QUESTION 9: EUCLIDEAN GEOMETRY
Common errors and misconceptions
(a) In Q9.1 many candidates did not get a mark for the reason, because of only stating:
‘proportionality theorem’, instead of also stating which lines were parallel in the reason.
Some candidates equated ratios between sides which were not actually equal,
FB DE
because they did not choose the sides appropriately, e.g. = .
EB EA
(b) In Q9.2 many candidates did not label the angles correctly, e.g.
National Senior Certificate 232 Diagnostic Report 2023 – Part 1
ˆF and Bˆ instead of
E ˆF D andEBˆA. Some candidates incorrectly gave the reason as ‘alternate angles’ or
‘co-interior angles’. Other candidates correctly gave the reason as ‘corresponding
angles’. However, they did not state ‘the lines parallel’ and were not awarded a mark
as the reason was incomplete.
(c) Many candidates incorrectly used the midpoint theorem to answer Q9.3. They should
have used the fact that the corresponding sides are in proportion when two triangles
are similar. A few candidates incorrectly applied the Theorem of Pythagoras even

Mathematics
though there was no right-angled triangle. They were not aware of the minimum
conditions in which the Theorem of Pythagoras could be used.
Suggestions for improvement
(a) Teachers should focus on developing learners’ skills to analyse the question and the
diagram for clues on which theorems are required to answer the questions correctly.
(b) Clearly explain to learners the difference between the midpoint theorem, the
proportionality theorem and similarity so that they will know which of these concepts
can be used in a specific situation.
(c) When answering Euclidean Geometry, learners should be discouraged from writing
correct statements that are not related to the solution. No marks are awarded for
statements that do not lead to solving the problem.
(d) Learners need to be told that success in answering Euclidean Geometry comes from
regular practice, starting off with the easy and progressing to the difficult.
(e) Teachers should take some time to discuss the naming of angles, for example, the
acceptable methods are
National Senior Certificate 233 Diagnostic Report 2023 – Part 1
ˆT or ˆT 1 or O ˆT S . Teachers should also clarify when it is
acceptable to refer to an angle at ˆT and when to refer to it as ˆT
1
.",P2
2023,10.0,EUCLIDEAN GEOMETRY,"QUESTION 10: EUCLIDEAN GEOMETRY
Common errors and misconceptions
(a) A fair number of candidates made incorrect assumptions when answering Q10.1.
Among them were that: an exterior angle of the cyclic quadrilateral (
ˆB
3
) = the interior
opposite angle (
ˆR
2
), RP = RQ and therefore APQR is a kite, RQ || AP and M
ˆ
1
= 9 0  .
(b) Candidates who could not answer Q10.1 correctly could not understand how to start
to answer Q10.2. Some candidates used the properties of a cyclic quadrilateral in their
attempt to prove that the same quadrilateral is cyclic. Some candidates did not know
the difference between a theorem and its converse. They omitted the word ‘converse’
in the reason: ‘exterior angle of cyclic quad’.
(c) Very few candidates obtained full marks for Q10.3. The main reason for this was that
candidates were unable to answer Q10.1 and Q10.2 correctly. Poor naming of angles
in the answers often led to candidates themselves getting confused about which angle
they were referring to.
(d) Q10.3 required candidates to obtain a proportion from the similar triangles in Q10.2,
using the proportional intercept theorem in ΔRAC to establish a second proportion and
then to combine the two. Many candidates failed to establish one or the other
proportion and therefore could not make the conclusion.
Suggestions for improvement
(a) More time needs to be spent on the teaching of Euclidean Geometry in all grades.
More practice on Grade 11 and 12 Euclidean Geometry will help learners to
understand theorems and diagram analysis. They should read the given information

Mathematics
carefully without making any assumptions. This work covered in class must include
different activities and all levels of the taxonomy.
(b) Teach learners not to assume any facts in a geometry sketch but to only use what was
given and that which was proven already in earlier questions.
(c) Learners need to be made aware that writing correct statements that are irrelevant to
the answer in Euclidean Geometry will not earn them any marks in an examination.
(d) Consider teaching the approach of ‘angle chasing’ where you label one angle as x and
then relate other angles to x. In this way, learners should find it easy to identify angles
that are equal but moreover, they should find it easier to establish the reasons for the
relationships between the angles.
National Senior Certificate 234 Diagnostic Report 2023 – Part 1",P2
2024,,OVERVIEW,"Mathematics
CHAPTER 10
MATHEMATICS
The following report should be read in conjunction with the Mathematics question
papers for the NSC November 2024 examinations.
10.1 PERFORMANCE TRENDS (2020–2024)
The number of candidates who sat for the Mathematics examinations in 2024 decreased by
10 528, compared to that of 2023.
There was a significant improvement in the pass rate this year. Candidates who passed at the
30% level improved from 63,5% in 2023 to 69,1% in 2024. There was a corresponding
improvement in the pass rate at the 40% level over the past two years from 43,6% to 47,9%.
The percentage of distinctions over 80% improved from 3,4% in 2023 to 3,9% in 2024. Despite
the decrease in the size of the 2024 cohort, this converts into an increase in the total number
of distinctions from 8 909 to 9 808.
The various commendable support programmes employed by teachers, subject advisors and
provincial education departments were continued in 2024. The resourcefulness and diligence
of the above-average candidates also contributed to the overall improvement in the subject.
Table 10.1.1 Overall achievement rates in Mathematics
No. achieved at % achieved at No. achieved at % achieved at
Year No. wrote
30% and above 30% and above 40% and above 40% and above
2020 233 315 125 526 53,8 82 964 35,6
2021 259 143 149 177 57,6 97 561 37,6
2022 269 734 148 346 55,0 97 041 36,0
2023 262 016 166 337 63,5 114 311 43,6
2024 251 488 173 774 69,1 120 430 47,9
National Senior Certificate 217 Diagnostic Report 2024 – Part 1

Mathematics
Graph 10.1.1 Overall achievement rates in Mathematics (percentage)
70.0
60.0
50.0
40.0
30.0
20.0
10.0
0.0
2020 2021 2022 2023 2024
2020 2021 2022 2023 2024
% achieved at 30% and above 53.8 57.6 55.0 63.5 69.1
% achieved at 40% and above 35.6 37.6 36.0 43.6 47.9
Graph 10.1.2 Performance distribution curves in Mathematics (percentage)
25.0
20.0
15.0
10.0
5.0
0.0
0-9.9 10-19.9 20-29.9 30-39.9 40-49.9 50-59.9 60-69.9 70-79.9 80-89.9 90-100
2020 12.1 16.5 17.5 18.2 13.2 9.1 6.1 3.9 2.3 0.9
2021 9.7 15.3 17.4 19.9 14.7 9.7 6.4 3.8 2.1 0.8
2022 10.8 16.4 17.8 19.0 13.9 9.5 6.1 3.8 2.0 0.7
2023 6.6 13.3 16.7 19.9 16.1 11.8 7.6 4.7 2.5 0.9
2024 4.5 10.7 15.7 21.2 17.6 12.5 8.3 5.6 3.1 0.8
National Senior Certificate 218 Diagnostic Report 2024 – Part 1

Mathematics
10.2 OVERVIEW OF CANDIDATES' PERFORMANCE IN PAPER 1
(a) The style of questioning was different from previous years as topics (for example, the
inverse function; first principles) were not in the section of the paper that was
predictable.
(b) The focus in the NSC 2024 Mathematics Paper 1 was more on conceptual
understanding of topics in comparison to previous years. This may have had an impact
on the performance of the candidates.
(c) Many candidates were able to answer the knowledge and routine questions correctly.
This suggests that the candidates were well-prepared to deal with these questions.
Candidates scored some marks in most of the questions.
(d) The algebraic skills of the candidates were poor. Most candidates lacked fundamental
and basic mathematical competencies which should have been acquired in the lower
grades. This became an impediment to candidates when answering complex
questions.
(e) While calculations and performing well-known routine procedures form the basis of
answering questions in a Mathematics paper, a deeper understanding of definitions
and concepts cannot be overlooked. Candidates did not fare well in answering
questions that assessed an understanding of concepts.
10.3 DIAGNOSTIC QUESTION ANALYSIS OF PAPER 1
The following graph is based on data from a random sample of candidates' scripts. While this
graph might not accurately reflect national averages, it is useful in assessing the relative
degrees of challenge of each question as experienced by candidates.
Graph 10.3.1 Average performance per question in Paper 1
National Senior Certificate 219 Diagnostic Report 2024 – Part 1

Mathematics
Graph 10.3.2 Average performance per subquestion in Paper 1
Mathematics P1
100%
90%
90% 82% 84% 83%
77%
80%
74%
69% 68%
% 70% 64%
e 58%
62% 62% 62%
59%
c n 60% 56%
a 53% 53%
m r o 50% 47% 45% 48% 50% 50% 48%
f r e 36% 40% 37%
p 40% 35%
.e v A 30% 35% 30% 25% 27% 29% 32%
19%
20% 17%
13% 12%
10% 6% 6%
0%
1.1 1.3 2.2 3.2 4.1 4.3 5.1 5.3 5.5 6.2 6.4 7.2 8.1 8.3 9.2 9.4 10.2 11.2 12.1 12.3
Sub-question
Q Topics
1 Equations, Inequalities & Algebraic Manipulations
2 Number Patterns & Sequences
3 Number Patterns & Sequences
4 Functions & Graphs
5 Functions & Graphs
6 Functions & Graphs
7 Finance
8 Calculus & Inverse Functions
9 Calculus
10 Calculus
11 Probability
12 Counting Principles
10.4 ANALYSIS OF CANDIDATES' PERFORMANCE IN EACH QUESTION IN
PAPER 1",
2024,1.0,ALGEBRA,"QUESTION 1: ALGEBRA
Common errors and misconceptions
(a) In Q1.1.2 some candidates did not write the equation correctly in standard form, so
they substituted incorrectly for the values of 'b' and 'c'. The candidates arrived at the
National Senior Certificate 220 Diagnostic Report 2024 – Part 1

Mathematics
standard form of 2𝑥2+1−4𝑥 = 0 and then substituted into the quadratic formula to
−(1)±√(1)2−4(2)(−4)
get 𝑥 = .
2(2)
If candidates wrote the equation in the correct standard form, another common error
was substituting for 'b' as 4 and not –4.
(b) In Q1.1.3 many candidates treated the inequality as an equation and then struggled to
interpret the answer to the question. Other candidates used the word 'and' in the
solution which was incorrect. Notation still seems to a problem as some candidates left
their answer as −1 > 𝑥 > 3.
(c) In the exponential equation in Q1.1.4, many candidates applied exponential laws
incorrectly, arriving at 22𝑥−2𝑥+2−25 = 0 which led them incorrectly to the equation
2𝑥−𝑥+2−5 =0, but then to the correct answer of 𝑥 = 3.
Another common error was when candidates did not distinguish between real and
invalid solutions: 2𝑥 = 8 or 2𝑥 = −4 leading to 𝑥 = 3 or 𝑥 = −2.
(d) In Q1.1.4, there were still a large number of candidates who did not check the validity
of their solutions. x = –6 needed to be rejected in the answer.
(e) Most candidates were unable to establish the pattern generated in Q1.3. Candidates
who were able to generate a pattern did not articulate themselves well in drawing the
conclusion required.
Suggestions for improvement
(a) Learners must ensure that they understand what correct standard form is in a quadratic
equation.
(b) Learners must be taught to check their solutions when using the squaring technique to
solve an equation that is not originally quadratic, as well as to check the validity of
solutions generated in exponential equations. Teachers must emphasise that implicit
restrictions are placed on surd equations.
(c) Notation in quadratic inequalities should be emphasised. Graphical tools should be
shown to the learners to ensure they understand what the mathematical notation
means on a graph.
(d) Exponential rules, manipulation and equations should be practised. Learners should
understand when to use the technique of equating exponents because the bases are
the same, and when to factorise. These are techniques that are taught in earlier grades
and should be revised from Grade 9 through to Grade 12. The importance of language
used by teachers is emphasised here. Many understanding misconceptions can be
attributed to language used by teachers in the classroom. An example of this is 'drop
the bases' in an exponential equation.
(e) Regular revision and emphasis on working with prime bases in exponents is important.
(f) Problem-solving must be practised. Utilise Olympiad-style questions for practice.
Learners should be taught to reason mathematically through argument either in words
or in symbols.
(g) Teachers must make time to revise algebraic and exponential law work with learners.
National Senior Certificate 221 Diagnostic Report 2024 – Part 1

Mathematics
(h) Teachers should place more emphasis on understanding of concept/s being taught
and reduce the emphasis on how learners can use the calculator to obtain answers.
The answers become meaningful when learners understand the concept and this
allows them to interpret their answers.
(i) As suggested in previous reports:
• Teachers should not take for granted that learners know how to round off a number
to the required number of places. Where necessary, this skill should be retaught
in Grades 11 and 12. Teachers should penalise learners in class work and SBA
tasks when they do not round off to the correct number of places.
• Teachers should take some time, preferably in Grade 10, to focus on teaching
learners how to represent inequalities (e.g. −3 < 𝑥 < 5; 𝑥 < −3 or 𝑥 > 5) on a
number line and how to also write an inequality from the illustration on a number
line. This will benefit learners as they are required to write inequality solutions for
a number of questions in both examination papers. Emphasis on the correct
notation is essential when writing down the solutions to inequalities.
• Linked to this, teachers should explain the difference between 'and' and 'or' in the
context of inequalities. Learners cannot use these words interchangeably as they
have different meanings.",P1
2024,2.0,PATTERNS,"QUESTION 2: PATTERNS
Common errors and misconceptions
(a) In Q2.1.2 many candidates had difficulty understanding what needed to be done to
arrive at an answer. Added to this, they had difficulty writing the answer in the correct
sigma notation. Common erroneous answers were ∑75 (5𝑛+2) =14400;
𝑛=1
∑75 (5𝑛+2) which did not equate sigma to the required sum of
𝑛=21
∑55 (5𝑛+2)= 14400.
𝑛=1
(b) Many candidates did not recognise that the linear pattern given in Q2.2.1 was the first
difference of the quadratic pattern which would help them determine the required term
value in the quadratic pattern. A large number of candidates used their answer in
Q2.2.2 to calculate the answer for Q2.2.1; or they calculated the general term of the
quadratic pattern in both Q2.2.1 and Q2.2.2.
Suggestions for improvement
(a) A solid foundation of sigma notation should be emphasised in the classroom. Learners
should be exposed to both calculating from given sigma notation, and writing
information from a given pattern into sigma notation.
(b) Teaching of patterns needs to include exposing learners to questions that require
reading, understanding and interpretation, not just calculations. Even though time in
the syllabus is limited, it is vital for learners to be able to answer questions of a different
nature. Added to this, questions must be read carefully so that learners know what is
required of them.
(c) As mentioned in previous reports, learners should be discouraged from using
information provided in later questions to answer earlier questions in an examination.
(d) Teachers need to teach the relationships specifically between a quadratic pattern and
a linear pattern, making particular reference to how terms are calculated by using the
sum of linear pattern terms to generate a term in the quadratic pattern.
National Senior Certificate 222 Diagnostic Report 2024 – Part 1

Mathematics",P1
2024,3.0,PATTERNS,"QUESTION 3: PATTERNS
Common errors and misconceptions
(a) A large majority of the candidates interpreted Q3.2 as requiring the sum of the first
10 radii and not the areas of the first 10 circles as required by the question. Those who
did understand that the sum of the areas of the first 10 circles was required, omitted 
in their solution or did not calculate the new ratio of the geometric sequence formed by
1
the areas of the circles to be .
4
(b) The lack of understanding when reading contributed to many candidates not answering
Q3.3 well. Candidates incorrectly equated the general term of the radii with the
𝑛−1
1 3
diameter [6( ) = ]. Added to this, exponential laws were incorrectly applied.
2 128
𝑛−1
This meant candidates simplified 12( 1 ) = 3 to 6𝑛−1 = 3 .
2 128 128
Suggestions for improvement
(a) Teachers should expose learners to real-life and mensuration problems in patterns, as
well as other topics in the Mathematics curriculum.
(b) Learners should be encouraged to write out the first three terms of a pattern so that
they are able to correctly identify the first term and the constant ratio or first difference
in the pattern.
(c) Learners should be taught that when working with constants, such as , they should
not convert them to a decimal format as this can hinder the recognition of a possible
pattern.
(d) Teachers should encourage learners to work with fractions, particularly in geometric
patterns, exponential graphs and hyperbolic functions. Added to this, correct language
should be used at all times by the teacher to ensure understanding of the algebraic
methods are transferred to learners in the classroom. 'Tip and times' is a phrase that
should be replaced with 'multiply by the reciprocal'.
(e) As suggested in previous reports:
• The inclusion of word problems in the patterns section is important. Teachers need
to emphasise how to take the words of a problem and write them in symbolic form
to solve an equation or inequality.
• Constant revision of exponential laws to solve equations correctly is pivotal to
candidates' success. Teachers need to emphasise this and revise this thoroughly
in all grades.",P1
2024,4.0,FUNCTIONS (EXPONENTIAL FUNCTION),"QUESTION 4: FUNCTIONS (EXPONENTIAL FUNCTION)
Common errors and misconceptions
(a) Candidates struggled to correctly answer the range of the exponential function in Q4.2,
which meant their answer was incorrectly written as 𝑦 ∈ R ;𝑦 ≠ −1.
(b) A fair number of candidates drew a hyperbola in Q4.3. This showed a lack of
understanding of the format of the equation of the function provided in the stem of Q4.
National Senior Certificate 223 Diagnostic Report 2024 – Part 1

Mathematics
The asymptote was not necessarily labelled or the drawn graph crossed through its
asymptote.
19
(c) Many candidates did not solve for 'x' when 𝑦 = which led them to assume that
8
x = 0. Secondly, the coordinates of the image of C were not answered well as
candidates reflected the point over the x-axis, y-axis or the line y = –x.
Suggestions for improvement
(a) Learners should be taught to calculate x- and y-intercepts when they are required to
draw a graph. If the learner is still unsure, their default method should be to draw the
graph via point-by-point plotting.
(b) The general form of functions and their shapes should be emphasised from Grade 10
and revised every time a functions question is worked through in class. In addition, the
effects of the parameters a, b, p and q should be thoroughly taught, revised and
practised by learners from the introduction of functions in Grade 10 through to the end
of the Grade 12 academic year.
(c) Teachers should ensure that learners work with transformations in functions from
Grade 10. This should include point transformation, recognition of the transformation
applied to one function's equation to result in another and the rules of reflection,
horizontal and vertical shifts on the equation of a function.",P1
2024,5.0,FUNCTIONS (HYPERBOLA),"QUESTION 5: FUNCTIONS (HYPERBOLA)
Common errors and misconceptions
(a) In Q5.1, many candidates wrote 𝑝 = 1 which could be attributed to the form of the
𝑎
hyperbola being given as 𝑦 = +𝑞. The other incorrect answer from candidates was
𝑥+𝑝
x = –1.
(b) Q5.2 required candidates to calculate the value of the horizontal asymptote.
Candidates who incorrectly answered this question wrote down the answer of y = –3,
taking the value of y from the equation of the straight line. Candidates did not realise
that the y-value of the point of intersection of the vertical asymptote and the straight
line, g, was the equation of the horizontal asymptote.
(c) In Q5.3, some candidates arrived at a positive answer for a.
(d) Q5.4 was poorly answered by many candidates because they tried to solve a rational
inequality, or they omitted the vertical asymptote from their solution.
(e) Q5.5, a problem-solving question, was not well answered by the majority of candidates.
Many candidates had difficulty in interpreting the question and indicated 'reflection over
the line y = x' as the answer. This was incorrect.
Suggestions for improvement
(a) Teachers must refer to the Curriculum Assessment and Policy Statement for the
correct general form of the functions to be used in class. For the hyperbola, this is
𝑎
𝑦 = +𝑞. A 'recipe' for learners to calculate the values of p and q leads to a lack
𝑥+𝑝
of understanding for the learner. It is suggested that teachers emphasise that a vertical
National Senior Certificate 224 Diagnostic Report 2024 – Part 1

Mathematics
asymptote on a function is created when the denominator is undefined. This will lead
to a better understanding by the learners and a more accurate calculation of the
parameter p in the hyperbola equation.
(b) Learners should be taught to work with what is presented to them in each diagram.
Before answering any question on a function, learners should ideally recognise what
each point on the diagram represents and what their properties are. For example: the
value 1 on the x-axis in this graph indicates the x-intercept which means the y-value
is 0 and the coordinate is (1; 0). This process should be followed for each point on a
given graph.
(c) Teachers need to help learners 'error check' their solutions. For a positive 'a'-value in
a hyperbola, the graph needs to be decreasing and for a negative 'a'-value, the graph
is increasing.
(d) It should be emphasised to learners that when answering graphical interpretation
questions on graphs that have a vertical asymptote, this value should always be
considered in their answers to questions of the nature 'For what values of x …'.
(e) Transformation geometry should be taught as an integral part of functions.
(f) Teachers need to include functions practice for the learner throughout the year as a
means of regular revision of the concepts. The functions from Grade 11 are not
retaught in Grade 12 which means that the concepts need to be taught thoroughly in
Grade 11 and then revised thoroughly throughout Grade 12.",P1
2024,6.0,FUNCTIONS (PARABOLA & STRAIGHT LINE),"QUESTION 6: FUNCTIONS (PARABOLA & STRAIGHT LINE)
Common errors and misconceptions
(a) It was a common error for candidates to use the equation given in the question to
'prove' that this was the equation of the straight line in Q6.2.
(b) In Q6.3 many candidates failed to create an expression for the vertical length EH. They
attempted to solve the equation 𝑓(𝑥)−𝑔(𝑥)= 0 as a minimum and maximum
equation. Conceptually, candidates did not realise this calculated the points of
intersection of the graphs f and g.
(c) Q6.4 was poorly answered by the majority of the candidates as it integrated concepts
of functions, calculus and algebraic manipulation. Added to this, candidates incorrectly
assumed that the point E will be the point of contact of the tangent g and the
function k. Candidates also assumed that C and E lie on the same horizontal line.
Even though this is a fact, it was an assumption as this information was not provided
in the question.
(d) Candidates who did not know that they should use gradient to answer Q6.4, incorrectly
differentiated each term that had a variable, irrespective of whether that variable was
x or m. They failed not realise that m should have been treated as a constant in this
instance.
Suggestions for improvement
(a) Learners need to be taught the difference between 'showing' and 'proving' and using
the given equation. The best approach to questions like Q6.2 is to teach learners to
read it as 'work out the equation of the line through A and C.'
National Senior Certificate 225 Diagnostic Report 2024 – Part 1

Mathematics
(b) Teachers need to emphasise that learners cannot assume information in a given
scenario. Learners need to work from the given information to correctly deduce that a
point is a point of contact or prove this through calculation.
(c) It is imperative that learners are exposed to questions that integrate functions, calculus
and transformations. When faced with problem-solving questions, teachers need to
help learners to decode what the words mean (for example: tangent indicates that the
gradients of the two functions are equal at the point of contact) and then guide learners
to use correct algebraic methods to answer the given question.
(d) Learners should practise differentiating expressions that have more than one variable
so that they become familiar with differentiating the expression with respect to the
required variable.
(e) Nature of the roots should not be ignored as an alternate method of dealing with graphs
that intersect, are tangential or do not intersect. This requires teachers to incorporate
the concepts taught in nature of the roots when teaching quadratic functions.",P1
2024,7.0,FINANCE,"QUESTION 7: FINANCE
Common errors and misconceptions
16
6,8
(a) In Q7.1 the common errors were 𝐴 = 5000(1+ ) which omitted the
100
16
6,8
understanding of quarterly compounding or 𝐴 = 5000(1+ ) which failed to
400
account for the number of quarters in 16 years.
(b) A common error in Q7.2 was that candidates used the reducing-balance depreciation
method as they did not realise that the straight-line depreciation was linked to the
simple interest formula.
(c) A number of candidates over-complicated Q7.3.1 and used an annuity formula, which
showed a lack of understanding of the difference between interest on a loan and the
interest rate charged on a loan. Their responses highlighted a lack of understanding of
the total monies paid out when paying back a loan.
(d) Q7.3.2 was poorly answered by the majority of the candidates. The question involved
reading for understanding and multiple steps to the solution. A large number of
candidates left out this question.
Suggestions for improvement
(a) Drills and practice should be undertaken on different compounding periods and the
compound interest formulae so that learners can familiarise themselves with the
number of times that interest is compounded in a specified time frame.
(b) Teachers should teach Financial Mathematics with conceptual understanding and real-
life problems. It may help to have learners draw timelines and identify what happens
at different stages of an annuity (either present or future valued). Visual representation
helps to break up a problem that requires reading for understanding.
(c) Learners should be taught to read for understanding in all problems, especially in
Financial Mathematics problems. Teachers need to emphasise the importance of this
skill.
National Senior Certificate 226 Diagnostic Report 2024 – Part 1

Mathematics",P1
2024,8.0,CALCULUS & INVERSE FUNCTIONS,"QUESTION 8: CALCULUS & INVERSE FUNCTIONS
Common errors and misconceptions
(a) A common error by some candidates in Q8.1.2 was not working with the negative and
3
rational exponent correctly. Candidates incorrectly changed the surd term to−𝑥7.
(b) In Q8.2 many candidates were unable to calculate the gradient of the function at the
point where x = 2 or they did not calculate the point of contact of the function and the
tangent, they used the y-intercept instead of f.
(c) As mentioned in previous reports, the most common errors in the first principles
question Q8.3.1 were incorrect notations.
(d) Many candidates merely found the equation of the inverse function of f instead of
writing down the restriction in Q8.3.2. Those who did write down a restriction indicated
x < 0 or x > 0 where the equality was omitted from the restriction.
(e) In Q8.3.3 many candidates were unaware that there were two possible solutions of y
when taking the square root of the equation 𝑦2 = − 6 , i.e. 𝑦 = ±√− 6 . Many just wrote
𝑥 𝑥
6
down 𝑦 = √− as the solution instead of choosing the negative root.
𝑥
(f) Another common error made by some candidates when solving for y in Q8.3.3, was to
6 6
incorrectly write their answer as 𝑦 =−√ instead of 𝑦 = √− . These candidates were
𝑥 𝑥
confused about the placement of the negative sign because they were taught that you
cannot determine the square root a negative number.
(g) In Q8.3.3 some candidates, after swapping the x and y in the equation, incorrectly used
the logarithms to isolate y. This led them to 𝑥 = −6𝑦2 then 𝑦 = 𝑙𝑜𝑔𝑥2.
6
Suggestions for improvement
(a) As mentioned in previous reports:
• Emphasis should be placed on the use of the correct notation when determining
the derivative, either when using first principles or the rules.
• Teachers should revise the rules of exponents and surds when changing an
expression into differentiable format.
• Integration and re-emphasis of algebraic concepts, viz. fractions, factorising,
inequalities and exponential rules, should be undertaken when working with
Calculus.
(b) Teachers must teach all inverse functions and not just the logarithm. Learners must
practise the inverse of the parabola and straight line as part of this section of work.
National Senior Certificate 227 Diagnostic Report 2024 – Part 1

Mathematics
(c) The derivative needs to be taught in context with the graph and conceptual
understanding needs to be the fundamental of how Calculus is taught. A map of how
the function, x- and y-values of a point, the derivative (gradient function) and the
gradient of the tangent needs to be linked in a visual representation for learners. The
diagram below could help learners understand how these are all integrated and what
to do in different situations.
Function:
Differentiate by rule
x = … y = … Gradient Function:
Substitute to calculate Equate to calculate x",P1
2024,9.0,CALCULUS,"QUESTION 9: CALCULUS
Common error and misconception
(a) Few candidates realised that the x-values of the x-intercepts of the derivative were the
x-values of the turning points given in Q9.2.
(b) In the absence of the equation of the cubic function, many candidates were unable to
determine the x-value of the point of inflection of the graph. A fair number of candidates
attempted to determine the equation of f so that they could determine the second
derivative of f to answer the question.
(c) Most candidates struggled to interpret Q9.4. Some tried to use the discriminant
because they saw k in the question. Others tried to calculate the equation of f.
Suggestions for improvement
(a) The concept of the point of inflection needs to be taught explicitly by explaining both
its link to the second derivative and the conceptual understanding of how it links to the
concavity of the cubic function. Learners must understand that the x-value of the point
of inflection lies halfway between the x-values of the turning points of a cubic function.
(b) Learners need to be exposed to graphical interpretation questions where they apply
their understanding of gradient, concavity, positive and negative values of a function
as examples.
(c) As mentioned in previous reports:
• Teachers should ensure that there is enough time for learners to understand the
application of Calculus fully.
• Learners should be taught to determine the properties of a graph from Grade 10
to 12 in a progressive manner. The defining property of a turning point having a
zero gradient is a way to describe a turning point. Teachers need to prove this link
National Senior Certificate 228 Diagnostic Report 2024 – Part 1

Mathematics
between the definition of a turning point and the Grade 11 concept of determining
the axis of symmetry to calculate the x-coordinate of the turning point.
• Teachers should continue to teach graphical interpretation in cubic graphs as a
follow on from the interpretation taught in Grade 10 and 11.",P1
2024,10.0,CALCULUS (OPTIMISATION),"QUESTION 10: CALCULUS (OPTIMISATION)
Common errors and misconceptions
(a) In Q10.1 most candidates equated the speed to 0 and solved. This led to
−3𝑡2+18𝑡 =0
−3𝑡(𝑡−6) = 0
𝑡 = 0 or 𝑡 = 6
(b) Some candidates calculated the second derivative but did not explicitly set it equal to
zero in Q10.1.
(c) In Q10.2 most candidates did not recognise that the distance was represented by 𝑠(𝑡)
which is the function from which 𝑠/(𝑡) is derived.
distance
(d) In answering Q10.2 many candidates tried to use the concept of speed= or
time
𝛥𝑑
𝛥𝑠 = .
𝛥𝑡
Suggestions for improvement
(a) Calculus lends itself to many applications in optimisation and rates of change.
Teachers need to expose learners to a wide variety of questions, which include
integration of topics including rate of change, analytical geometry, measurement and
trigonometry.
(b) Rate of change must be taught explicitly as part of the optimisation and application of
Calculus.
(c) In all topics, reading for understanding should be ongoing if learners are to improve
their responses to problems.
(d) Learners need to be exposed to working from the derivative function to the original
function using equating of coefficients.",P1
2024,11.0,PROBABILITY,"QUESTION 11: PROBABILITY
Common errors and misconceptions
(a) In Q11.1 many candidates failed to calculate the intersection of the three overlapping
sets in the Venn diagram correctly. Many candidates used a sample space of 56 for
the Venn diagram.
(b) Most candidates did not understand the term 'at least' in the context of probability in
Q11.2. This led these candidates to adding P(M) + P(T) + P(G) instead of using their
Venn diagram to answer the question.
(c) In answering Q11.3 many candidates did not realise that this problem was similar to
working with a contingency table. The necessary values could be found from the Venn
National Senior Certificate 229 Diagnostic Report 2024 – Part 1

Mathematics
diagram. A large number of candidates used the probability rule or used
P(M only) x P(T only) in their calculation rather than the entire set for M and T.
Suggestions for improvement
(a) In the teaching of probability, teachers need to emphasise the terminology of 'at least'.
Teachers must also describe and show learners what is meant by P(A), P(B) and
P(A and B).
(b) Learners need to be taught the difference between mutually exclusive and
independent events and the rules that pertain to each of these concepts. This should
be thoroughly drilled in Grades 10 and 11.
(c) Teachers need to expose learners to different contexts, diagrams and problems in
which independent events can be tested.
(d) When working with Venn diagrams, learners need to start with the intersection of all
the sets first.
(e) As mentioned in previous reports:
• Teaching basic concepts cannot be overlooked. When learners understand the
basic concepts well enough, then the more complex concepts are easier to grasp.
• Reading for understanding must be a regular practice in the classroom. This
should equip learners with the skills to deal with word problems in assessment
tasks.
• Teachers need to teach both tree diagrams and Venn diagrams thoroughly. These
concepts should be examined in school-based assessment tasks throughout the
FET phase.",P1
2024,12.0,COUNTING PRINCIPLES,"QUESTION 12: COUNTING PRINCIPLES
Common errors and misconceptions
(a) In Q12.1 some candidates included the factorial in their answer to arrive incorrectly at
26! X 10! X 26! X 10!.
(b) Most candidates were unable to work with the constraints placed on the calculation in
Q12.2. Responses from candidates included (26 x 26 x 26) x (10 x 10 x 10); 26 x 10;
26 x 10 x 19 x 5 or they included the use of factorials in their answers.
(c) Many candidates were unable to calculate the percentage increase correctly in Q12.3.
Other candidates did not know how to deal with the code formed being odd.
Suggestions for improvement
(a) Teach learners the Fundamental Counting Principle in such a way that they will be
able to base their answers on their reasoning, rather than on any rule. The concept of
the factorial needs to be explained thoroughly.
(b) When teaching learners about the number of options available for a code or set of
items, it is a good idea for learners to draw lines or boxes to represent each space that
is available. Thereafter, learners need to be taught to recognise how many options are
available for each position in the code or list of items. It is important to stress to learners
National Senior Certificate 230 Diagnostic Report 2024 – Part 1

Mathematics
that they should put a 'x' between these numbers so that they can arrive at the correct
solution using the Fundamental Counting Principle.
10.5 OVERVIEW OF CANDIDATES' PERFORMANCE IN PAPER 2
(a) Candidates were not careful when using a calculator, especially in the Statistics
questions. They entered the data incorrectly and arrived at answers that were close to
the correct answer. This resulted in an unnecessary loss of marks.
(b) Candidates made assumptions about features in a question by looking at the diagrams
in the Analytical Geometry and Euclidean Geometry sections. They used these
assumptions in their answers without first proving that the relationship was true.
Candidates who made use of assumptions in their answers were penalised.
(c) Candidates struggled with questions that involved the integration of topics.
(d) Candidates struggled to recall Trigonometric definitions, rules and formulae taught in
Grades 10 and 11. Consequently they resorted to using compound angle formulae
where reduction formulae would have made answering much easier.
(e) As mentioned in previous reports, candidates needed to exercise caution with
algebraic manipulation skills since overlooking certain basic principles or practices
results in the unnecessary loss of marks.
(f) Candidates presented incoherent answers to Euclidean Geometry questions. Marks
were not awarded for correct statements that did not follow logically.
10.6 DIAGNOSTIC QUESTION ANALYSIS FOR PAPER 2
The following graph was based on data from a random sample of candidates' scripts. While
this graph might not accurately reflect national averages, it is useful in assessing the relative
degrees of challenge of each question as experienced by candidates.
Graph 10.6.1 Average performance per question in Paper 2
National Senior Certificate 231 Diagnostic Report 2024 – Part 1

Mathematics
Q Topic(s)
1 Data Handling
2 Data Handling
3 Analytical Geometry
4 Analytical Geometry
5 Trigonometry
6 Trigonometry
7 Trigonometry
8 Trigonometry
9 Euclidean Geometry
10 Euclidean Geometry
11 Euclidean Geometry
Graph 10.6.2 Average performance per subquestion in Paper 2
Mathematics P2
120%
98%
96% 97%
100% 94%
92% 90%
88%
79% 81% 82%
%
e c n
80%
69%
73% 74%
70% 69% 67% 70% 67%
a 63% 63% 62%
m
r o f r e p
.e
60% 46% 44% 49% 51% 47% 52% 43% 52% 40% 51% 48% 51% 41% 50%
v 40%
A
27%
24% 23%
20% 17% 14% 15%
12% 12%
10%
0%
1.1 1.3 1.5 2.1 2.3 2.5 3.1 3.3 3.5 3.7 4.2 4.4 4.6 5.2 6.2 7.1 7.3 8.1 9.1 10.1 11.1 11.3
Sub-question
10.7 ANALYSIS OF CANDIDATES' PERFORMANCE IN EACH QUESTION IN
PAPER 2",P1
2024,1.0,DATA HANDLING,"QUESTION 1: DATA HANDLING
Common errors and misconceptions
(a) In Q1.1 to Q1.4 many candidates failed to round off their answers to the required
number of places.
National Senior Certificate 232 Diagnostic Report 2024 – Part 1

Mathematics
(b) When writing the equation in Q1.1, many candidates interchanged the values of a and
b. Another common error in this question was that candidates failed to round off their
answers for a and b correctly to two decimal places. Some candidates did not enter
the data correctly into the calculator. They arrived at answers that were close to the
correct answers for a and b.
(c) Many candidates did not round off, or rounded off incorrectly, when answering Q1.2.
They gave an answer of –0,7979453714 … or –0,79 instead of 0,8.
(d) While several candidates substituted x = 29 correctly into the least-squares regression
equation, they did not arrive at the correct answer. This was only possible if they had
made mistakes when using the calculator.
(e) Many candidates showed that they lacked the skill of reading for understanding when
answering Q1.4. They calculated the mean of the x-values instead of the mean of the
y-values.
(f) Many candidates did not attempt Q1.5. Some candidates re-calculated the standard
deviation but did not state how the increase in the number of push-ups influenced the
standard deviation. These candidates failed to respond to the question, which pointed
to candidates not being able to read for understanding.
(g) Q1.6 was answered very poorly. Many calculated the predicted value when x = 40
instead of the increase in the number of push-ups. These candidates failed to subtract
6 from the predicted value.
Suggestions for improvement
(a) It should not be taken for granted that learners are able to round off correctly to two
decimal places. In this regard, an exercise on rounding can help correct any
misconceptions.
(b) Teachers should link the equation of the least-squares regression line (y = a + bx) with
the equation of the straight line and emphasise that 'a' refers to the y-intercept and 'b'
refers to the gradient.
(c) As stated in previous reports, when determining the equation of the least-squares
regression line, it is advisable that learners write down the values of a and b and then
write down the equation of the regression line. In this way, they can get the CA mark
for the equation.
(d) When analysing bivariate data, both the x- and y- values are considered in determining
the equation of the least-squares regression line and the value of the correlation
coefficient. However, the x- and y- values in a bivariate data set can also be considered
as two separate sets of data. Learners need to be made aware that they can be asked
to calculate the mean and standard deviation of the x- and/or y-variables of a bivariate
set of data.
(e) Learners should be proficient in using their calculators in STAT mode. They should be
familiar with what the symbols on the calculator represent, for example 𝜎 represents
𝑥
population standard deviation and r represents correlation coefficient.
(f) As mentioned in previous reports, learners should be able to use the values of their
calculations to make predictions and comments about the data. Time should be
devoted to interpretation questions.
National Senior Certificate 233 Diagnostic Report 2024 – Part 1

Mathematics",P2
2024,2.0,DATA HANDLING,"QUESTION 2: DATA HANDLING
Common errors and misconceptions
(a) Many candidates gave the position of the median and not its value when answering
Q2.1. Some candidates did not realise that the minor gridlines represented two units
and not one unit. This led to them reading off the answers incorrectly. Some candidates
calculated the position of the median incorrectly by using the formula for ungrouped
1 1
data, i.e. (𝑛+1). Instead, they should have used the formula 𝑛. A few candidates
2 2
incorrectly indicated the interval in which the median lay.
(b) The errors listed in (a) were made when determining the lower quartile (in Q2.2) and
the interquartile range (in Q2.3). In Q2.3 some candidates subtracted the positions
instead of the values of the upper and lower quartiles. A few candidates calculated the
range or semi-interquartile range; neither of these were correct.
(c) Many candidates knew how to draw the box-and-whisker diagram required in Q2.4.
Some of them used values of the median and quartiles that were different to the ones
that they had calculated in Q2.1 to Q2.3. These candidates were not awarded any
marks.
(d) Candidates were able to correctly read the value at one hour from the ogive. However,
they were unable to use this information to answer the question correctly. They failed
to subtract 26 from 60 because they did not realise that more than one hour was to the
right of 26. A few candidates incorrectly took the total number of workers to be 65 and
subtracted 26 from 65. They were not awarded any marks.
(e) Many candidates did not attempt Q2.6. This question required candidates to read with
understanding and extract the relevant information from the ogive. Many candidates
were unable to interpret 'part thereof' correctly. The common incorrect response was
that workers who travelled for 110 minutes will be allowed 2,5 x 30 minutes =
75 minutes instead of 3 x 30 minutes = 90 minutes. A fair number of candidates had
no understanding of the question and responded in the following way:
110 – 20 = 90 minutes. Although they arrived at the correct answer, they were not
awarded any marks.
Suggestions for improvement
(a) Reading for understanding is a fundamental requirement in the Statistics section and
must be developed in classroom activities.
(b) Questions on Statistics are normally set in context. Learners should be taught to
answer the questions within the context of the question.
(c) Teachers need to explain the difference between the position of the quartiles and the
value of the quartiles. The values of the quartiles are the statistics that describe various
points in the set of data and this information is required in data analysis.
(d) In Grade 11, teachers should take time to explain the concept of cumulative frequency
and how to read and interpret the cumulative frequency from an ogive. For example,
the value of 26 does not represent the number of workers who took 60 minutes to travel
to work. Instead, 26 workers took up to 60 minutes to travel to work, i.e. these workers
travelled between 0 and 60 minutes to get to work.
National Senior Certificate 234 Diagnostic Report 2024 – Part 1

Mathematics
(e) Much of this question was based on reading off the ogive, which is done in Grade 11.
Revision of Grade 11 work in Grade 12 will assist learners prepare for the
examinations.",P2
2024,3.0,ANALYTICAL GEOMETRY,"QUESTION 3: ANALYTICAL GEOMETRY
Common errors and misconceptions
(a) Some candidates were unable to substitute correctly into the gradient formula when
answering Q3.1.
(b) In Q3.2 some candidates swopped the x- and y-values around when substituting into
the equation of the straight line. Other candidates substituted correctly but failed to
simplify the equation correctly.
(c) Some candidates incorrectly assumed that B was the midpoint of CD and used the
midpoint formula to calculate the value of k when answering Q3.3.
(d) Candidates who failed to answer Q3.4 correctly used the coordinates of points other
than C and D in their working or they failed to use their calculators correctly to calculate
the length of CD.
(e) Although Q3.5 was well answered by most candidates, some candidates calculated the
ratio of the gradients of DB and DC instead of calculating the ratio of the lengths of DB
and DC. Some candidates incorrectly assumed that this question required Euclidean
Geometry knowledge.
(f) Q3.6 was not well answered by most of the candidates. Very few realised that they had
to use the proportionality theorem to answer the question. Many incorrectly calculated
1
the areas by using the area of triangle formula: base × height although the triangles
2
chosen were not right-angled. Some candidates wrote down the area rule incorrectly.
A few candidates only substituted the length of one side in the area rule instead of two.
(g) In Q3.7 many candidates were able to establish two equations from the information
given in the question but did not realise that they needed to solve these equations
simultaneously. Some who attempted to solve the equations simultaneously made
errors in calculations that resulted in them not being able to solve for x. A fair number
of candidates assumed that the y-intercept of AD was the midpoint of AD without first
proving this fact. They were not credited for making this assumption.
Suggestions for improvement
(a) If learners are not sure, they should consult the information sheet for the correct
formula.
(b) Teachers should ensure that learners are able to use calculators correctly. It might be
useful to call out the procedure step-by-step as learners perform the calculations.
(c) As stated in previous reports, it is important that learners realise that it is not acceptable
to make any assumptions, e.g. that a certain point is the midpoint of a line. Even if it
looks as if the point is the midpoint, it may not just be assumed and used. These need
to be proven first before the results can be used in an answer.
National Senior Certificate 235 Diagnostic Report 2024 – Part 1

Mathematics
(d) Teach learners to analyse diagrams in Analytical Geometry and to use relevant
properties to respond to questions.
(e) Learners should be advised that they need to fill in the calculated values and additional
information on their sketch in the answer book as they proceed with subquestions. This
helps them visualise what information is at their disposal when answering the next sub-
question.
1
(f) Teach learners how to identify when to use which formula: area = base × height or
2
1
area = 𝑎.𝑏.𝑠𝑖𝑛𝐶 when calculating the area of a triangle.
2
(g) Teach learners to expect that Euclidean Geometry facts will be integrated into
Analytical Geometry and will be needed in the answering of some Analytical Geometry
questions.",P2
2024,4.0,ANALYTICAL GEOMETRY,"QUESTION 4: ANALYTICAL GEOMETRY
Common errors and misconceptions
(a) Few candidates attempted to answer Q4.1 by using the gradient formula instead of the
midpoint formula.
(b) While many candidates answered Q4.2 correctly, some candidates incorrectly used
the gradient of the radius when determining the equation of the tangent. They failed to
realise that the tangent was perpendicular to the radius. Some incorrectly used the
1 1
gradient of instead of − .
3 3
(c) Many candidates answered Q4.3 correctly. Some worked backwards from the
equation that they were required to prove. This was unacceptable and they were not
awarded any marks.
(d) In Q4.4 some candidates incorrectly substituted the value of y into the equation of the
tangent calculated in Q4.3 instead of the equation of the circle.
(e) In Q4.5 many candidates did not label the angles correctly, for example, they wrote
𝑃̂ =𝐿̂, instead of LP̂𝑅 = 𝐿̂. Some candidates assumed, without proof, that PR = LR
and therefore concluded that 𝐿̂ = 45°. Other candidates also assumed that 𝑅̂ = 90°
without first proving it. These candidates were not awarded any marks in both
instances.
(f) Q4.6 was poorly answered by many candidates. Many candidates presented
arguments that were constructed on circular reasoning. They started their responses
by stating that 𝑚 ×𝑚 =−1 and used the value of 𝑚 from Q4.2 to calculate
𝑃𝑇 𝑅𝑇 𝑃𝑇
the value of 𝑚 . Thereafter, they showed that the product of the same two gradients,
𝑅𝑇
𝑚 and 𝑚 , was equal to –1.
𝑃𝑇 𝑅𝑇
Suggestions for improvement
(a) As mentioned in previous reports, teachers need to revise the concepts of
perpendicular lines and gradients, particularly that the tangent is perpendicular to the
radius at the point of contact.
National Senior Certificate 236 Diagnostic Report 2024 – Part 1

Mathematics
(b) Learners should practise using a formula to get an answer (e.g. using the formula to
calculate the coordinates of the midpoint), as well as to calculate an unknown variable
if the answer has been given (e.g. calculate the coordinates of an endpoint if one
endpoint and the midpoint are given).
(c) Teachers should develop learners' ability to reason logically and to write down the
steps in their reasoning.
(d) For learners to be able to reason and answer even more complex questions, they need
a very good understanding of basic concepts, including those from lower grades.
Regular revision of these concepts can help consolidate understanding them.",P2
2024,5.0,TRIGONOMETRY,"QUESTION 5: TRIGONOMETRY
Common errors and misconceptions
(a) In Q5.1.1 some candidates arrived at r = –5 and did not realise that there was a
mistake in their answer as r is a distance and its value cannot be negative. Other
3
candidates gave the answer as 𝑐𝑜𝑠𝐴 = . This was incorrect.
4
(b) In Q5.1.2 some candidates were unable to write the expansion for cos 2A correctly
despite it being given in the information sheet. Instead, they incorrectly wrote the
expansion for cos 2A as 2 cos A. Other candidates substituted a ratio into the place of
−3
the angle, i.e. 𝑐𝑜𝑠( ).
5
(c) Q5.1.3 was not well answered as many candidates did not realise that they had to
draw another sketch for 𝐵̂. Some candidates incorrectly placed 𝐵̂ in either the first or
third quadrants instead of the second quadrant. Some candidates made the
assumption that 𝐴̂+𝐵̂ = 90° and used co-ratios to solve the question.
(d) Q5.2 was poorly answered by many candidates as they failed to multiply the numerator
and denominator by 2. In doing so, they would have created the expansion of the sine
double angle in numerator which would have eased their simplification. Instead, many
candidates expanded the numerator by using the sine and cosine compound angle
expansions. They made many algebraic mistakes in the process. Some candidates
incorrectly replaced 𝛼 with p instead of 𝑐𝑜𝑠𝛼 with p. They did not know the difference
between the angle and the value of the ratio.
Suggestions for improvement
(a) Teachers should ensure that all learners are able to select the relevant quadrant when
drawing sketches in the Cartesian plane to calculate trigonometric ratios. Regular
revision of Grade 10 and 11 Trigonometric concepts can help consolidate this work.
(b) As stated in previous reports, teachers must remind learners that the same
simplification skills used in Algebra also apply to Trigonometry. Revise addition,
subtraction and simplification of algebraic fractions with learners before teaching
simplification of trigonometric expressions and proving trigonometric identities.
(c) Teachers should emphasise the use of the information sheet when working with
compound angles.
National Senior Certificate 237 Diagnostic Report 2024 – Part 1

Mathematics
(d) Expose learners to questions on trigonometric ratios involving combinations of
compound angles, angles greater than 360 and co-ratios.
(e) As mentioned in previous reports, teachers must discuss the difference between an
angle and a trigonometric ratio at the beginning of the study of Trigonometry in
Grade 10. The relevance of an angle in the trigonometric ratio must be emphasised.
(f) Teachers should expose learners to a few methods of simplifying trigonometric
expressions. However, they should develop skills in learners that allow them to answer
questions in the most efficient way.",P2
2024,6.0,TRIGONOMETRY,"QUESTION 6: TRIGONOMETRY
Common errors and misconceptions
(a) Q6.1.1 tested bookwork. However, many candidates were unable to derive the
expression for 𝑐𝑜𝑠(𝑥+𝑦) using the identity for 𝑐𝑜𝑠(𝑥−𝑦). Instead, candidates
merely wrote down the expansion as given in the information sheet. They did not
receive any marks for their effort.
(b) Although Q6.1.2 was well answered by many candidates, some candidates used the
compound angle formulae to expand 𝑐𝑜𝑠(90°−𝑥) or 𝑠𝑖𝑛(360°−𝑥) instead of using
reduction formulae. Some learners failed to show all the steps in their working. They
went directly from 𝑠𝑖𝑛(−𝑦).𝑐𝑜𝑠(180°+𝑥) to 𝑠𝑖𝑛𝑦.𝑐𝑜𝑠𝑥 instead of first writing
(−𝑠𝑖𝑛𝑦)(−𝑐𝑜𝑠𝑥). These candidates were penalised as they did not clearly
demonstrate full understanding of the reduction formulae.
(c) The following were noted in Q6.2: some candidates equated 𝑓(𝑥) to 0 instead of 2 as
given in the question. Many candidates incorrectly reduced −11𝑐𝑜𝑠(90°+𝑥) to
−11𝑠𝑖𝑛𝑥 instead of 11𝑠𝑖𝑛𝑥. Some candidates failed to factorise the quadratic
expression in sinx correctly. A fair number of candidates were able to factorise
6𝑠𝑖𝑛2𝑥+11𝑠𝑖𝑛𝑥+3 correctly but then incorrectly stated that 𝑥 = − 1 or 𝑥 = − 3
3 2
1 3
instead of 𝑠𝑖𝑛𝑥 = − or 𝑠𝑖𝑛𝑥 = − . Some candidates left their answers as general
3 2
solutions and not answers in the third and fourth quadrants as required.
(d) In Q6.3.1 many candidates substituted values of x into the given expression and then
concluded that the maximum value of the expression occurred at x = 0. Some
−𝑏
candidates incorrectly stated that the expression will have a maximum when 𝑥 =
2𝑎
−𝑏
instead of when 𝑠𝑖𝑛𝑥 = . These candidates also arrived at the answer x = 0. Many
2𝑎
candidates were unsuccessful in their attempt to calculate the derivative of the given
expression. They did not apply the Chain rule correctly and omitted 𝑐𝑜𝑠𝑥 from their
derivative.
(e) The answer to Q6.3.2 depended on calculating the answer to Q6.3.1 correctly. As a
result, many candidates were unable to answer Q6.3.2 correctly. Candidates failed to
notice that the value of 0 was excluded from the domain. Some candidates gave the
answer as an interval without realising that the function will attain a maximum value at
a single point.
National Senior Certificate 238 Diagnostic Report 2024 – Part 1

Mathematics
Suggestions for improvement
(a) CAPS indicates that the derivation of the compound angle formulae is examinable.
Teachers should teach the derivation of these formulae.
(b) Teachers should remind learners that they must still use the reduction formulae
together with the compound angle formulae when answering questions in Grade 12.
(c) Teachers should stress the importance of showing the signs when reducing
trigonometric ratios.
(d) Teachers should advocate the use of the k-method when dealing with quadratic
equations involving trigonometric ratios. A simplified quadratic equation may be easier
to solve.
(e) Teachers should explain the difference between the general solution and the specific
solutions within an interval. This point was covered in previous reports.
(f) Expose learners to different types of exercises involving inequalities, writing and
interpreting intervals and working with angle in different quadrants.",P2
2024,7.0,TRIGONOMETRY (GRAPHS),"QUESTION 7: TRIGONOMETRY (GRAPHS)
Common errors and misconceptions
(a) In Q7.1 some candidates incorrectly gave the answer as 𝑦 = 90° or just 90° instead of
𝑥 = 90°. Many candidates ignored the domain specified and gave 𝑥 =−90° as an
answer. Other candidates gave the answer as an interval. This was incorrect.
(b) Many candidates did not attempt Q7.2. Many of those who attempted this question
failed to realise that 𝑥 = −180° was also a solution. Some candidates confused which
of the endpoints to include. They gave the answer as 𝑥 ∈[−90° ; 0°] instead of
𝑥 ∈ (−90° ; 0°].
(c) While Q7.3.1 was well answered by most candidates, some incorrectly gave the
answer as 90 or 360 while others incorrectly gave the answer as an interval
𝑥 ∈ [−180° ; 180°].
(d) When answering Q7.3.2 some candidates overlooked the vertical translation of the
graph. They sketched the graph of 𝑦 = 𝑐𝑜𝑠2𝑥 and left it at that.
(e) Most candidates could not link the equation given in Q7.4 to the equations of the
graphs. Hence, they were unable to use the graphs to establish the answers. Other
candidates made the link between the given equation and the graphs. However,
instead of giving the general solution, they only gave the x-values for which the graphs
intersected as the solution.
Suggestions for improvement
(a) It is necessary for learners to be reminded constantly of the meaning of concepts like
period, domain, amplitude and range.
National Senior Certificate 239 Diagnostic Report 2024 – Part 1

Mathematics
(b) As mentioned in previous reports, learners should be told that the period of a
trigonometric function is the length of a function's cycle. Since this value is a length, it
is a single number and not an interval of values.
(c) Learners should be shown how to write intervals, using both inequality and interval
notations. Teachers are encouraged to use both forms of notations in class. It is good
practice to write an interval in one form and then ask learners to write the same answer
in the other form.
(d) Teachers should teach the 'mother graphs' well so that learners can develop insight
into their characteristics. Thereafter, learners must be exposed to how the change in
the different parameters affect the 'mother graphs'.",P2
2024,8.0,TRIGONOMETRY,"QUESTION 8: TRIGONOMETRY
Common errors and misconceptions
(a) In Q8.1 some candidates chose the incorrect trigonometric ratio to calculate AC. They
used 𝑠𝑖𝑛46,85° or 𝑐𝑜𝑠46,85° instead of 𝑡𝑎𝑛46,85°. Other candidates failed to
identify the opposite and adjacent sides with reference to 46,85°. They wrote
AC 16
𝑡𝑎𝑛46,85°= instead of 𝑡𝑎𝑛46,85°= . Some candidates made mistakes when
16 AC
16
making AC the subject of the formula. They rewrote 𝑡𝑎𝑛46,85°= incorrectly as
AC
AC = 16𝑡𝑎𝑛46,85°.
(b) Q8.2 required candidates to perform several calculations to arrive at the answer. This
proved to be beyond many candidates. Some candidates assumed that AC = BC. This
led to inappropriate values for EC. Some candidates made errors when substituting
into the cosine rule, especially since BC appeared in two places in the formula. Other
candidates made errors in their calculations that led to distances obtained that did not
match the given information.
Suggestions for improvement
(a) Teachers should devote the appropriate amount of time to this section. This should
allow learners to score the accessible marks in this section of work.
(b) Learners need to develop strategies to be used when solving right-angled triangles
and triangles that are not right-angled. Teach learners when to use basic trigonometric
ratios and which basic ratio is appropriate for a given context.
(c) As mentioned previously, it might be a good idea to give learners an exercise in which
they identify which rule is to be used to solve the question. The learners must also
substantiate why they think that the rule that they have selected applies to the question.
(d) Remind learners that the sine and cosine rules are applicable to a single triangle.
Learners may not create a proportion by using the sides and angles or two different
triangles using the sine and cosine rules.
(e) Learners need to be reminded constantly that they may not make assumptions about
the lengths of sides and the sizes of angles based on the diagram. Learners must work
with the information that they are given in the question.
National Senior Certificate 240 Diagnostic Report 2024 – Part 1

Mathematics",P2
2024,9.0,EUCLIDEAN GEOMETRY,"QUESTION 9: EUCLIDEAN GEOMETRY
Common errors and misconceptions
(a) In Q9.1 many candidates assumed that ECB was a tangent to the circle. Hence, they
stated that 𝐴̂ = 86° instead of 40°. Some candidates confused the cyclic quadrilateral
1
theorems and regarded the opposite angles of the cyclic quadrilateral to be equal
instead of being supplementary. Other incorrect assumptions made were that 𝐶̂ was
1
the exterior angle of triangle ADC and that AB || DC and therefore the corresponding
angles were equal.
(b) Some candidates, in answering Q9.2, stated that 𝐶̂ = 𝐴̂ without proving it. Many
2 1
candidates incorrectly used 𝐵̂ = 1 𝐴̂ instead of 𝐴̂ = 1 𝐵̂. Some candidates incorrectly
1 1
2 2
assumed that AC was the diameter of the circle and therefore incorrectly stated that
𝐷̂ = 90°.
Suggestions for improvement
(a) As mentioned in previous reports, teachers are encouraged to use the 'Acceptable
Reasons' in the Examination Guidelines when teaching. This should start from as early
as Grade 8. Learners should be issued with a copy of the 'Acceptable Reasons'.
(b) Teachers should make use of a diagram with annotations to explain a theorem.
Illustrate which information is given and what conclusions can be made from this given
information.
(c) Teachers must insist that learners read the information given in the question. This
information contains key words that direct learners to the theory required to solve the
question.
(d) Teach learners to identify all the theorems that are applicable to a question and how
to select which ones can be used to answer the question.
(e) Teachers must make learners aware that they are not allowed to draw additional lines
on a diagram. In doing so, they are changing the question, and this is not acceptable.",P2
2024,10.0,EUCLIDEAN GEOMETRY,"QUESTION 10: EUCLIDEAN GEOMETRY
Common errors and misconceptions
(a) In Q10.1 some candidates did not draw the constructions nor did they state the
constructions necessary to prove the theorem. Some omitted the perpendicular
symbols for the heights of the triangles. These candidates were not awarded any
marks. Some candidates used the incorrect heights for the triangles they were working
with. Some candidates chose the incorrect triangles and therefore were unable to
prove the theorem. Some learners renamed the given triangle, thereby changing the
question. This was not accepted.
(b) When answering Q10.2.1, some candidates applied the midpoint theorem without first
showing that both O and R were midpoints. Some candidates assumed that lines OR
and WS were parallel in the diagram without proving that they were. The solution of
many candidates lacked logic in their presentation. They presented the necessary
information, but the sequence of the steps created gaps in the logic. These candidates
were not awarded full marks.
National Senior Certificate 241 Diagnostic Report 2024 – Part 1

Mathematics
(c) Q10.2.2 was poorly answered by many candidates. Some candidates applied the
proportionality theorem without first proving that OR || WS. This was considered a
breakdown. Many candidates lost a mark for not stating the parallel lines in the reason
'proportionality theorem'. Some candidates chose the incorrect sides when using the
proportionality theorem to calculate the length of PT. For example, they stated that
PT OT
= but PT was not a side of triangle ROT.
PS OV
Suggestions for improvement
(a) Learners should be taught that a construction is required to prove a theorem. If the
construction is not shown, then the proof is regarded as a breakdown, and they receive
no marks.
(b) Learners should be made to prove theorems as part of their informal tasks. A good
strategy is to expect learners to write the proof of a theorem as a task the day after the
theorem was explained in class. Teachers should also choose random letters to label
the triangles and not stick to the conventional A, B and C.
(c) As mentioned in previous reports, learners should be taught that all statements must
be accompanied by reasons. It is essential that the parallel lines be mentioned when
stating that corresponding angles are equal, alternate angles are equal, and the sum
of the co-interior angles is 180° or when stating the proportional intercept theorem.
(d) It is advisable to train learners to reason logically and to write corresponding
statements and reasons when teaching Euclidean Geometry in Grade 8. This should
enable learners to present coherent proofs or solutions in Grade 12.
(e) Teachers should point out to learners that the midpoint theorem is a special case of
the proportionality theorem.",P2
2024,11.0,EUCLIDEAN GEOMETRY,"QUESTION 11: EUCLIDEAN GEOMETRY
Common errors and misconceptions
(a) Many candidates did not name angles in a precise and correct way when answering
Q11.1. For example, they wrote 𝐹̂. In the context of this question, 𝐹̂ could refer to
three different angles: 𝐹̂ or 𝐹̂ or AF̂𝐺. Some candidates stated that EÂG = Ĉ and
1 2 1
provided the reason 'tangents from a common point'. These candidates combined two
steps into one. They were not credited with any marks because the reason did not
correspond to the statement. Some candidates assumed that if EÂG = 𝑥, then
𝐴̂ = 𝑥 or 𝐴̂ = 𝑥.
1 2
(b) In Q11.2 many candidates assumed that CD || GF and immediately started with a ratio
of sides. This was not accepted as candidates had to first prove that CD ||GF. When
proving that CD || GF, many provided the incorrect reasons: 'corresponding angles',
'converse corresponding angles' or 'corresponding angles present' instead of
corresponding angles are equal.
(c) When answering Q11.3 many candidates stated that 𝐴̂ was common. Some even
stated that 𝐴̂ = 𝐴̂ and gave the reason that they were common even though these
2 3
were angles in two different triangles. When proving the two triangles similar, some
candidates used the reason 'remaining angles' or 'sum of angles in triangle' for the first
National Senior Certificate 242 Diagnostic Report 2024 – Part 1

Mathematics
pair of equal angles. They failed to understand that remaining angles is a consequence
of two other pairs of angles being equal in both triangles.
(d) In Q11.4 most of the candidates found it challenging to correctly identify which pair of
triangles they should prove similar. Some candidates were able to write down the
correct proportions from the pairs of similar triangles but were unable to link these
proportions to prove that GF2 = BC.FC.AF .
AD
Suggestions for improvement
(a) As mentioned in previous reports, more time needs to be spent on the teaching of
Euclidean Geometry in all grades. Learners should read the given information carefully
without making any assumptions. Exercises on Grade 11 and 12 Euclidean Geometry
must include different activities and all levels of the taxonomy.
(b) The need for learners to name the angles correctly has been mentioned in several
reports previously. Teachers should not credit learners with marks in school-based
assessment tasks if the angles are not named correctly.
(c) Teach learners not to assume any facts in a geometry sketch but to use only what was
given and that which had already been proven in earlier questions.
(d) Learners need to be made aware that writing correct statements that are irrelevant to
the answer in Euclidean Geometry will not earn them any marks in an examination.
(e) Consider teaching the approach of 'angle chasing' where you label one angle as x and
then relate other angles to x. In this way, learners should find it easy to identify angles
that are equal but moreover, they should find it easier to establish the reasons for the
relationships between the angles.
(f) Learners need to be told that success in answering Euclidean Geometry comes from
regular practice, starting off with the easy and progressing to the difficult.
National Senior Certificate 243 Diagnostic Report 2024 – Part 1",P2
2025,,OVERVIEW,"Mathematics
CHAPTER 10
MATHEMATICS
The following report should be read in conjunction with the Mathematics question
papers for the NSC November 2025 examinations.
10.1 PERFORMANCE TRENDS (2021–2025)
The number of candidates who sat for the Mathematics examinations in 2025 increased by
2 927, compared to that of 2024.
There was a decline in the pass rate this year. Candidates who passed at the 30% level and
above changed from 69,1% in 2024 to 64,0% in 2025. There was a corresponding change in
the pass rate at the 40% level and above over the past two years from 47,9% to 41,9%.
There was also a decline in the percentage over 80% from 3,9% in 2024 to 1,9% in 2025. The
total number of distinctions has shown a decrease for the past two years from 9 808 in 2024
to 4 834 in 2025.
The various intervention strategies employed by teachers, subject advisors and provincial
education departments were continued in 2025. The resourcefulness and diligence of the
above-average candidates contributed to the overall results in the subject.
Table 10.1.1 Overall achievement rates in Mathematics
No. achieved at % achieved at No. achieved at % achieved at
Year No. wrote
30% and above 30% and above 40% and above 40% and above
2021 259 143 149 177 57,6 97 561 37,6
2022 269 734 148 346 55,0 97 041 36,0
2023 262 016 166 337 63,5 114 311 43,6
2024 251 488 173 774 69,1 120 430 47,9
2025 254 415 162 947 64,0 106 570 41,9
Graph 10.1.1 Overall achievement rates in Mathematics (percentage)
70,0
60,0
50,0
40,0
30,0
20,0
10,0
0,0
2021 2022 2023 2024 2025
2021 2022 2023 2024 2025
% achieved at 30% and above 57,6 55,0 63,5 69,1 64,0
% achieved at 40% and above 37,6 36,0 43,6 47,9 41,9
National Senior Certificate 227 Diagnostic Report 2025 – Part 1

Mathematics
Graph 10.1.2 Performance distribution curves in Mathematics (percentage)
25,0
20,0
15,0
10,0
5,0
0,0
0-9.9 10-19.9 20-29.9 30-39.9 40-49.9 50-59.9 60-69.9 70-79.9 80-89.9 90-100
2021 9,7 15,3 17,4 19,9 14,7 9,7 6,4 3,8 2,1 0,8
2022 10,8 16,4 17,8 19,0 13,9 9,5 6,1 3,8 2,0 0,7
2023 6,6 13,3 16,7 19,9 16,1 11,8 7,6 4,7 2,5 0,9
2024 4,5 10,7 15,7 21,2 17,6 12,5 8,3 5,6 3,1 0,8
2025 4,6 12,4 19,0 22,2 16,8 11,6 7,4 4,1 1,6 0,3
10.2 OVERVIEW OF CANDIDATES' PERFORMANCE IN PAPER 1
(a) The style of questioning was different from previous years making the paper less
predictable.
(b) While calculations and performing well-known routine procedures form the basis of
answering questions in a Mathematics paper, a deeper understanding of definitions
and concepts cannot be overlooked. Candidates did not fare well in answering
questions that assessed an understanding of concepts, even where these questions
were accessible to them.
(c) Many candidates were able to answer the knowledge and routine questions correctly.
This suggests that the candidates were well prepared to deal with these questions.
Candidates scored some marks in most of the questions.
(d) The algebraic skills of the candidates were poor. Most candidates lacked fundamental
and basic mathematical competencies which should have been acquired in the lower
grades. This made manipulation of expressions and complex calculations challenging
for many candidates.
10.3 DIAGNOSTIC QUESTION ANALYSIS OF PAPER 1
The following graph is based on data from a random sample of candidates' scripts. While this
graph might not accurately reflect national averages, it is useful in assessing the relative
degrees of challenge of each question as experienced by candidates.
National Senior Certificate 228 Diagnostic Report 2025 – Part 1

Mathematics
Graph 10.3.1 Average performance per question in Paper 1
90%
81%
80%
69%
67%
70%
58%
60% 53% 53%
49%
50%
39% 40%
40%
30% 25% 25%
20% 14%
10%
0%
1 2 3 4 5 6 7 8 9 10 11 Total
Graph 10.3.2 Average performance per subquestion in Paper 1
100%
90%
90% 86% 86%
82%83%
78% 78%
80% 75%
70% 69% 71%
70%
63%
58% 60% 60% 59%
60% 55%
53%
49% 47% 48%
50% 45%
42%
40% 36%
34% 32% 33% 32%
29% 28%
30%
19% 18%
20% 14% 14%
10% 11%
8%
10%
0%
1212123412345612345612312312123412123
.1.1.2.2.3.3.3.3.4.4.4.4.4.4.5.5.5.5.5.5.6.6.6.7.7.7.8.8.9.9.9.9.0.0.1.1.1
11111
Q Topics
1 Equations, Inequalities and Algebraic Manipulations
2 Number Patterns and Sequences
3 Number Patterns and Sequences
4 Functions, Graphs and Inverse Functions
5 Functions and Graphs
6 Functions and Graphs
National Senior Certificate 229 Diagnostic Report 2025 – Part 1

Mathematics
10.4 ANALYSIS OF CANDIDATES' PERFORMANCE IN EACH QUESTION IN
PAPER 1",
2025,1.0,ALGEBRA,"QUESTION 1: ALGEBRA
Common errors and misconceptions
(a) In Q1.1.2 some candidates substituted incorrect values of b and c into the quadratic
formula because they had not written the equation correctly in standard form.
Candidates were still unable to round off their answers correct to two decimal places.
Some candidates rejected the answer of
National Senior Certificate 230 Diagnostic Report 2025 – Part 1
x = − 1 , 5 4 , perhaps because the answer was
a negative value.
(b) In Q1.1.3 many candidates were able to calculate the critical values but were unable
to identify the correct intervals for the solution to the inequality. They provided the
1 1
following incorrect answers: 0 x  or x>0 or x> . Other candidates used the
4 4
word 'and' in the solution, which was incorrect. Notation still seemed to be problematic
as some candidates left their answer as 0  x 
1
4
.
(c) Factorising the exponential equation in Q1.1.4 proved to be a challenge for many
candidates. Common factorisation errors were that the given equation was factorised
to 2x(2−9)=−4 or 2.2x −9.2x +4=0 was factorised to 2(2x−9+2)=0. Some
candidates used the k-substitution method to answer this question. They correctly
arrived at k = 4 o r k =
1
2
but then failed to solve for x.
(d) In Q1.1.5 many candidates found it challenging to work with two surds that had
fractions in them. Some were able to square both sides of the equation correctly and
1 1
arrived at +2= . Thereafter, they incorrectly squared the terms in this
x x
equation:
 1
x

2
+ ( 2 ) 2 =
 1
x

2
7 Finance
8 Calculus
9 Calculus
10 Calculus
11 Probability and Counting Principles
. Some candidates converted the surds to exponents.
However, they applied the exponential laws incorrectly. Despite being mentioned in
previous reports, candidates still did not check their answers and reject the extraneous
solution.
(e) Most candidates were unable to establish the correct equations from the statements
given in Q1.2. The following incorrect equations were established for the second
statement: 5(x+y)=6x2 or 5(x+y)=6 x or 5xy =6x2 instead of 5xy =6+x2.

Mathematics
Suggestions for improvement
(a) Learners must ensure that they are able to correctly identify the values of a, b and c
in any quadratic equation.
(b) It must be emphasised that the balance of an equation is maintained by performing the
same operation on both sides of the equation. Squaring the individual terms on one
side is not the same as squaring an individual term on the other side.
(c) Learners must be taught to check their solutions when using the squaring technique to
solve an equation that is not originally quadratic, as well as to check the validity of
solutions generated in exponential equations. Teachers must emphasise that implicit
restrictions are placed on surd equations.
(d) Quadratic inequalities should be taught in relation to the quadratic function. Notation
in quadratic inequalities should be emphasised. Graphical tools should be shown to
the learners to ensure they understand what the mathematical notation means on a
graph.
(e) Exponential rules, manipulation and equations should be practised. Learners should
understand when to use the technique of equating exponents because the bases are
the same, and when to factorise. Simplification of exponential expressions and solving
exponential equations are equally important.
(f) Teachers must make time to revise work involving algebraic manipulations and
exponential laws.
(g) Word problems in earlier grades should not be ignored. Translating words to
mathematical statements is an important skill in understanding mathematical
language.
(h) As suggested in previous reports:
• Teachers should not take for granted that learners know how to round off a number
to the required number of places. Where necessary, this skill should be retaught
in Grades 11 and 12. Teachers should penalise learners in class work and SBA
tasks when they do not round off to the correct number of places.
• Teachers should take some time, preferably in Grade 10, to focus on teaching
learners how to represent inequalities (e.g.
National Senior Certificate 231 Diagnostic Report 2025 – Part 1
0  x 
1
4
) on a number line and how
to also write an inequality from the illustration on a number line. This will benefit
learners as they are required to write inequality solutions for a number of questions
in both examination papers. Emphasis on the correct notation is essential when
writing down the solutions to inequalities.
• Linked to this, teachers should explain the difference between 'and' and 'or' in the
context of inequalities. Learners cannot use these words interchangeably as they
have different meanings.",P1
2025,2.0,PATTERNS,"QUESTION 2: PATTERNS
Common errors and misconceptions
(a) Candidates failed to cross multiply and expand the resulting brackets correctly when
answering Q2.1.1. Some candidates substituted t =−2 into the given expression
instead of proving that t =−2. These candidates did not understand the question.

Mathematics
Some candidates incorrectly assumed this to be an arithmetic sequence and
generated an equation of differences between the terms. They were not awarded any
marks.
(b) Many candidates were able to determine the terms in the sequence and calculate the
value of r correctly. However, they did not simplify their answer to bx as required
and instead gave their answer in the form
National Senior Certificate 232 Diagnostic Report 2025 – Part 1
a b. x . Most learners who relied on their
calculators to simplify expressions and equations could not reach the required answer
in the simplest form. They were not awarded a mark for this.
(c) When answering Q2.1.3 some candidates were oblivious to the fact that − 1  r  1 for
a converging geometric sequence. Instead, they incorrectly used a value of r that was
outside this interval. Other candidates incorrectly used the finite sum formula,
S
n
=
a ( r
r
n
−
−
1
1 )
, when answering this question.
(d) In Q2.2.1 some candidates incorrectly calculated the common difference instead of
calculating the difference between T and T .
6 14
(e) The errors made when answering Q2.2.2 showed that candidates had poor
understanding of the concept of sigma notation. They were unable to calculate the
number of terms in the series correctly. Many of them incorrectly indicated that there
were 117 – k terms in the series. The first term of the series was incorrectly calculated
as 4(1) – 1 instead of 4(k) – 1. Some of them did not know that the sum of this series
of terms was 26 675.
Suggestions for improvement
(a) Teachers should emphasise the difference between arithmetic and geometric
sequences.
(b) Learners need to be made aware that when a question requires them to 'show that …',
they may not use this information as given. Instead, they must perform some
calculations and arrive at the answer given in the statement. Learners should master
the simplification of expressions and equations to the simplest form.
(c) Teachers should explain the concept of a converging geometric series by generating
two geometric series, one with the value of r between –1 and 1 and the other having
the value of r > 1. Learners should observe the value of the sum of the first n terms as
more terms are added to the series.
(d) The concepts of S and
n
S

should be explained and the difference between them
should be demonstrated as a series of terms.
(e) A solid foundation of sigma notation should be emphasised in the classroom. Learners
should be exposed to both calculating from given sigma notation, and writing
information from a given pattern into sigma notation. This should give them a better
understanding of the concept.
(f) Exercises in number patterns should include variables so that learners will be able to
attempt higher order questions on this topic.

Mathematics",P1
2025,3.0,PATTERNS,"QUESTION 3: PATTERNS
Common errors and misconceptions
(a) Many candidates used the general term given in Q3.2 to answer Q3.1. This was not
acceptable and they were not awarded any marks in this instance. Some candidates
incorrectly calculated the first differences as being: –35 ; –33 ; … This resulted in an
incorrect value of the fifth term.
(b) In Q3.2 some candidates incorrectly used 2a + b = 35 instead of 3a + b = 35.
(c) In Q3.3 many candidates could not link maximum depth with a positive value. Some
candidates were able to calculate that the maximum depth occurs at n = 19 but then
did not proceed to calculate the maximum depth as required in the question.
(d) Many candidates did not realise that they could use the axis of symmetry to answer
Q3.4. Those who did use the axis of symmetry gave the answer as 32 seconds instead
of the correct answer of 35 seconds. Many candidates opted to solve the equation
T =104. However, they gave both answers instead of the time at which the submarine
n
will be at 104 metres for the second time, namely at 35 seconds.
Suggestions for improvement
(a) Teachers should expose learners to questions on number patterns that are based on
real-life contexts.
(b) Teachers must show the link between the quadratic number pattern and the quadratic
function as many concepts of the quadratic function are tested in quadratic number
patterns.
(c) Teachers should ask learners to interpret context-based questions and explain which
mathematical concept is required to respond to it. In addition, teachers should
encourage learners to ensure that their response is relevant to the context.",P1
2025,4.0,FUNCTIONS (EXPONENTIAL FUNCTION AND ITS INVERSE),"QUESTION 4: FUNCTIONS (EXPONENTIAL FUNCTION AND ITS INVERSE)
Common errors and misconceptions
(a) Candidates were able to swop x and y when determining the inverse in Q4.3.
However, some of them were unable to write the equation of the inverse correctly.
Many wrote the answer as
National Senior Certificate 233 Diagnostic Report 2025 – Part 1
f − 1 ( x ) = x
13
; they incorrectly switched the base and
exponent in the answer.
(b) In Q4.4 a fair number of candidates incorrectly wrote the equation of the asymptote as
q = 0 or x =0 instead of y = 0 .
(c) Many candidates were able to plot the points correctly when answering Q4.5 but they
were unable to draw the correct shape.
(d) Many candidates were unable to interpret Q4.6 correctly. A significant number of
candidates who attempted this question, incorrectly wrote the interval in terms of
x instead of y.

Mathematics
Suggestions for improvement
(a) Point-by-point plotting of graphs is important for learners to understand the shape of
graphs. However, teachers must teach with conceptual understanding. Emphasis
should be placed on the understanding of the asymptote of a function.
(b) The general form of functions and their shapes should be emphasised from Grade 10
and revised every time a functions question is worked through in class. In addition, the
effects of the parameters a, b, p and q should be thoroughly taught, revised and
practised by learners from the introduction of functions in Grade 10 through to the end
of the Grade 12 academic year.
(c) Teachers should ensure that learners work with transformations in functions from
Grade 10. This should include point transformation, recognition of the transformation
applied to one function's equation to result in another and the rules of reflection,
horizontal and vertical shifts on the equation of a function.
(d) Learners should be allowed to investigate the inverse of a function. They should
explore the idea of swapping the x- and y-coordinates and observing how the inverse
is different from the original function.",P1
2025,5.0,FUNCTIONS (HYPERBOLA AND PARABOLA),"QUESTION 5: FUNCTIONS (HYPERBOLA AND PARABOLA)
Common errors and misconceptions
(a) In Q5.1 some candidates wrote the answer as
National Senior Certificate 234 Diagnostic Report 2025 – Part 1
x  R , x = 3 instead of x  R , x  3 .
They did not exclude the asymptote from the domain. This confirms that some
candidates did not understand the concept of asymptote.
(b) Q5.2 required candidates to write down the range of the parabola. Many candidates
excluded the turning point in their answer and wrote the answer as y < 8 or ( −  ; 8 ) .
This was incorrect.
(c) Many candidates were able to establish the correct critical values when answering
Q5.3. However, they were unable to identify the correct regions from the graphs and
state the intervals correctly. In Q5.3.1 many candidates incorrectly wrote the answer
as 3 x 5 or 3 x 5. In Q5.3.2 many candidates were confused about using
'and' and 'or' when stating intervals and wrote x < 1 and x > 5. This answer was
incorrect. Some candidates used the equation of function f given in Q5.4 to answer
Q5.3.1 and Q5.3.2. They tried to solve the following inequalities algebraically:
x
− 4
− 3
 −
1
2
x 2 + 3 x +
7
2
1 7
and − x2 +3x+ 6. They were not awarded any marks
2 2
for their efforts as they did not determine the equation of f before using it.
(d) In Q5.4 many candidates incorrectly took the value of p to be 3 instead of –3.
(e) When answering Q5.5 some candidates stated that the coordinates of M were
(–1 ; 0) without showing any working. They were not awarded full marks for omitting
the necessary working.
(f) Many candidates had difficulty in calculating the gradient of the tangent in Q5.6.
A large number of candidates incorrectly calculated the average gradient between
points D and P. Other candidates incorrectly took the gradient of the tangent as
–1.

Mathematics
Suggestions for improvement
(a) Learners must be made aware that assuming facts without first proving it is not
acceptable when answering questions. In this regard, learners must show all working
steps and may not use the result given in a latter question to answer a question that
that precedes it.
(b) Teachers should pay more attention to establishing the domain and range from the
graph of a given function.
(c) Teachers should demonstrate how to read off answers from a single graph to the
following statements:
National Senior Certificate 235 Diagnostic Report 2025 – Part 1
f ( x ) = 0 , f ( x ) = k , f ( x )  0 , f ( x )  0 , f(x)0, f ( x )  0 ,
f(x)k, etc. They should start with the straight-line graph and then progress to the
other graphs in Grade 10. This should help learners understand how to read off
answers when a question has a combination of graphs.
(d) Many learners can calculate the derivative of a function but they cannot interpret the
answer. The concept of derivative must be stressed as being the gradient of a tangent
to a curve. Learners must be exposed to determining the gradient of a tangent to any
curve and not just the cubic curve.",P1
2025,6.0,FUNCTIONS (HYPERBOLA and STRAIGHT LINE),"QUESTION 6: FUNCTIONS (HYPERBOLA and STRAIGHT LINE)
Common errors and misconceptions
(a) In Q6.1 some candidates incorrectly wrote the coordinates of the x-intercept as
(p ; 0) instead of (–p ; 0).
(b) When answering Q6.2 most candidates were unable to determine the coordinates of
the points along the straight-line in terms of variables. Consequently, they were unable
to derive equations that were required to answer the question. A few candidates were
able to derive the correct equations, but had difficulty in solving them simultaneously.
Some candidates used the fact that the x-coordinate of one point on the straight line
was 1 and assumed the x-coordinates of other points on the straight line. This was
treated as a breakdown.
Suggestions for improvement
(a) Teachers need to emphasise that learners cannot assume information in a given
scenario.
(b) Learners should be exposed to higher-order questions in earlier grades and not only
in Grade 12.",P1
2025,7.0,FINANCE,"QUESTION 7: FINANCE
Common errors and misconceptions
(a) In Q7.1 some candidates incorrectly used the simple interest formula instead of the
compound interest formula. Other candidates swapped the values of A and P in the
formula. This was considered a breakdown.
(b) In Q7.2 many candidates were unable to calculate the correct period of the investment
and consequently were unable to calculate the correct number of deposits made. In

Mathematics
addition, many candidates did not realise that the last deposit was made one quarter
before the investment was withdrawn and therefore the annuity earned additional
interest for this quarter. Some candidates incorrectly used the present-value formula
instead of the future-value formula.
(c) Q7.3.1 was poorly answered by the majority of the candidates. Some candidates
overlooked the fact that the loan would have accrued interest on account of three
missed payments. Other candidates incorrectly used the future-value formula instead
of the present-value formula. Some candidates calculated the number of payments
required to settle the loan but did not add the three months for which payments were
missed when calculating the total time needed to settle the loan.
(d) The common errors in Q7.3.2 were that candidates used the incorrect value of n in
the formula selected to calculate the outstanding balance and they failed to add one
month's interest to the outstanding balance when calculating the final payment.
Suggestions for improvement
(a) Learners should be taught to read for understanding in all problems, especially in
Financial Mathematics problems. Teachers need to emphasise the importance of this
skill.
(b) It may help to have learners draw timelines and identify what happens at different
stages of an annuity (either present or future valued). Visual representation helps to
break up a problem that requires reading for understanding. This also helps with
determining the time-period when dates are given in the question.
(c) Drills and practice should be undertaken on different compounding periods and the
compound interest formulae so that learners can familiarise themselves with the
number of times that interest is compounded in a specified time frame.
(d) Teachers should teach Financial Mathematics with conceptual understanding and real-
life problems.",P1
2025,8.0,CALCULUS,"QUESTION 8: CALCULUS
Common errors and misconceptions
(a) As mentioned in previous reports, the most common errors in Q8.1 (the first principles
question) were incorrect notations. A few candidates left out h in the denominator.
Some candidates changed the question from a linear (f (x)=−2x+3) to a quadratic
(
National Senior Certificate 236 Diagnostic Report 2025 – Part 1
f ( x ) = − 2 x 2 + 3 ), possibly because they were only exposed to questions that
contained quadratic expressions and not linear expressions. They were not awarded
marks for their responses.
(b) Many candidates were unable to write the expression given in Q8.2.2 in differentiable
form.
Suggestions for improvement
(a) As mentioned in previous reports:
• Emphasis should be placed on the use of the correct notation when determining
the derivative, either when using first principles or the rules.

Mathematics
• Teachers should revise the rules of exponents and surds when changing an
expression into differentiable format.
• Integration and re-emphasis of algebraic concepts, viz. fractions, factorising,
inequalities and exponential rules, should be undertaken when working with
Calculus.
(b) Teachers need to cover the derivative using first principles of all the functions
prescribed in CAPS and not only focus on the quadratic function.",P1
2025,9.0,CALCULUS,"QUESTION 9: CALCULUS
Common errors and misconception
(a) Many candidates did not explicitly state that
National Senior Certificate 237 Diagnostic Report 2025 – Part 1
f  ( x ) = 0 when calculating the
x-coordinates of the turning points. A mark was deducted for this omission.
(b) In Q9.2 some candidates were able to calculate the x-coordinate of the point of
inflection correctly but were unable to state the interval for which the graph was
concave down correctly. They wrote x 
8
3
instead of x 
8
3
.
(c) Many candidates attempted to solve Q9.3 by using algebraic methods despite the
question advising candidates to use the graph. However, the resulting inequality
became too complex for them to solve. As was stated elsewhere in the report, some
candidates failed to write down the interval correctly. They included the endpoints of
the interval instead of excluding them.
(d) When answering Q9.4 many candidates did not see the link between the gradient of
the tangent and the derivative of the function. Instead, they equated the gradient of the
tangent to the given function. This constituted a breakdown and they were not awarded
any marks.
Suggestions for improvement
(a) Teachers must not accept sloppy notation in school-based assessment tasks. This will
force learners to pay attention to the details of their answers.
(b) Teachers need to reinforce the concepts of concave up and concave down, both from
the perspective of the graph and from calculations.
(c) Learners need to be exposed to graphical interpretation questions where they apply
their understanding of gradient, concavity, positive and negative values of a function
as examples.
(d) Teachers should continue to teach graphical interpretation in cubic graphs as a follow-
on from the interpretation taught in Grade 10 and 11. Both notations should be used
from Grade 10 so that learners can translate from one notation to the other with ease.",P1
2025,10.0,CALCULUS (OPTIMISATION),"QUESTION 10: CALCULUS (OPTIMISATION)
Common errors and misconceptions
(a) Many candidates did not attempt Q10.1 despite it being a familiar problem. Some of
those who did attempt this question used the incorrect formula for the perimeter. They

Mathematics
used P = x + h instead of P = 2x + 2h. Other candidates incorrectly used x as the
diameter of the cylinder. These candidates did not realise that x was the
circumference of the cylinder.
(b) In Q10.2 some candidates equated the volume to zero instead of the derivative of the
volume to zero, i.e. they solved for x in the equation V(x)=0 instead of V(x)=0.
Many candidates struggled to determine the derivative of the volume because the
expression contained . They did not realise that  is a constant and instead
treated it as a variable. Some candidates arrived at two answers for x but did not
discard x = 0, the extraneous answer.
Suggestions for improvement
(a) The topic of optimisation cannot be ignored in the teaching plan. As was seen in this
examination, learners lose out on obtaining accessible marks if the topic is not covered
adequately.
(b) Using physical resources as a teaching tool will improve the conceptual understanding
of measurement.
(c) A ready reference chart/worksheet on the formulae for measurement of various shapes
should be developed for learners.",P1
2025,11.0,PROBABILITY,"QUESTION 11: PROBABILITY
Common errors and misconceptions
(a) In Q11.1.1 many candidates failed to correctly apply the independent rule:
P(Mand J)=P(M)P(J) to calculate that the value of e was 84 as given in the
question. A number of candidates used e = 84 and then proved that the events male
and choosing juice were independent. They were not awarded marks for this response.
(b) Many candidates were able to correctly calculate the values in the table when
answering Q11.1.2. However, they were unable to determine the probability correctly.
They read off the incorrect values in the table.
(c) Many candidates did not realise that they could have answered Q11.2 by making use
of a tree-diagram and therefore they did not answer the question.
(d) Q11.3.2 required candidates to establish different counting options to solve the
problem. This proved to be difficult for many candidates.
Suggestions for improvement
(a) Learners need to be taught the difference between mutually exclusive and
independent events and the rules that pertain to each of these concepts. This should
be thoroughly drilled in Grades 10 and 11.
(b) Teachers need to expose learners to different contexts, diagrams and problems in
which independent events can be tested.
(c) As mentioned in previous reports:
• Teaching basic concepts cannot be overlooked. When learners understand the
basic concepts well enough, then the more complex concepts are easier to grasp.
National Senior Certificate 238 Diagnostic Report 2025 – Part 1

Mathematics
• Reading for understanding must be a regular practice in the classroom. This
should equip learners with the skills to deal with word problems in assessment
tasks.
(d) Teachers need to teach both tree diagrams and Venn diagrams thoroughly. These
concepts should be examined in school-based assessment tasks throughout the
FET phase.
(e) Teach learners the Fundamental Counting Principle in such a way that they will be
able to base their answers on their reasoning, rather than on any rule. The concept of
the factorial needs to be explained thoroughly.
(f) When teaching learners about the number of options available for a code or set of
items, it is a good idea for learners to draw lines or boxes to represent each space that
is available. Thereafter, learners need to be taught to recognise how many options are
available for each position in the code or list of items. It is important to stress to learners
that they should put an 'x' between these numbers so that they can arrive at the
correct solution using the Fundamental Counting Principle.
10.5 OVERVIEW OF CANDIDATES' PERFORMANCE IN PAPER 2
(a) Although the question paper felt familiar to candidates, the questions required
candidates to answer with understanding rather than with only procedural answers.
This will require many teachers to adjust their way of teaching and teach the entire
curriculum with understanding rather than using the last five years' past papers to drill
the candidates in answering each topic.
(b) Candidates were not careful when using a calculator, especially in the Statistics
questions. They entered the data incorrectly and arrived at answers that were close to
the correct answer. This resulted in an unnecessary loss of marks.
(c) Candidates made assumptions about features in a question by looking at the diagrams
in the Analytical Geometry and Euclidean Geometry sections. They used these
assumptions in their answers without first proving that the relationship is true.
Candidates who made use of assumptions in their answers were penalised.
(d) Candidates struggled with questions that involved the integration of topics.
(e) As mentioned in previous reports, candidates needed to exercise caution with
algebraic manipulation skills since overlooking certain basic principles or practices
results in the unnecessary loss of marks.
(f) Candidates presented incoherent answers to Euclidean Geometry questions. They
need to be aware that they are not awarded for correct statements that do not follow
logically.
(g) Candidates struggled with reasoning in problem-solving questions which required
analysis of the information given and critical thinking to devise a plan of action to solve
the problem.
10.6 DIAGNOSTIC QUESTION ANALYSIS FOR PAPER 2
National Senior Certificate 239 Diagnostic Report 2025 – Part 1

Mathematics
The following graph was based on data from a random sample of candidates' scripts. While
this graph might not accurately reflect national averages, it is useful in assessing the relative
degrees of challenge of each question as experienced by candidates.
Graph 10.6.1 Average performance per question in Paper 2
Q Topic(s)
1 Data Handling
80% 74% 2 Data Handling
70% 70%
70% Analytical
3
Geometry
58%
60%
53% 52% Analytical
49% 4
50% Geometry
41%
40%
5 Trigonometry
40% 36%
33%
29%
30% 6 Trigonometry
20% 7 Trigonometry
10%
8 Trigonometry
0%
Euclidean
1 2 3 4 5 6 7 8 9 10 11 Total 9
Geometry
Euclidean
10
Geometry
Euclidean
11
Geometry
Graph 10.6.2 Average performance per subquestion in Paper 2
120%
97%
100% 97% 95%
90% 95% 90%
87%
77%
80% 73% 72%
71%
66% 65% 64% 67%
60% 61% 58%
53%
60% 58% 52% 54%
45% 43% 45% 45% 46% 47%
41% 40%
40% 38% 36%
32% 32% 32%
27% 26%
23%
19%
16%
20% 14%
0%
1.1 1.3 2.1 3.1 3.3 3.5 3.7 4.2 4.4 4.6 4.8 5.2 6.2 7.2 7.4 8.1 8.3 9.1 10.110.311.2
National Senior Certificate 240 Diagnostic Report 2025 – Part 1

Mathematics
10.7 ANALYSIS OF CANDIDATES' PERFORMANCE IN EACH QUESTION IN
PAPER 2",P1
2025,1.0,DATA HANDLING,"QUESTION 1: DATA HANDLING
Common errors and misconceptions
(a) When writing the equation in Q1.1, many candidates interchanged the values of a and
b. Another common error in this question was that candidates failed to round off their
answers for a and b correctly to two decimal places. Some candidates did not enter
the data correctly into the calculator. They arrived at answers that were close to the
correct answers for a and b.
(b) In Q1.2 some candidates tried to predict the selling price of a car that is 5 years old
from the table rather than using the equation of the least squares regression line.
(c) Many candidates struggled to interpret and use the correlation coefficient in Q1.3.
They gave the answer as 'strong negative correlation'. This showed a lack of
understanding of the reason behind this calculation and reading for understanding
when answering Q1.3.
(d) Most candidates were unable to link the least squares regression line to a straight-line
function. This resulted in a large majority of candidates being unable to write down the
estimated average yearly decrease in the selling price of the cars in Q1.4.
Suggestions for improvement
(a) It should not be taken for granted that learners are able to round off correctly to
two decimal places. In this regard, an exercise on rounding can help correct any
misconceptions.
(b) Teachers should link the equation of the least squares regression line (y = a + bx)
with the equation of the straight-line and emphasise that 'a' refers to the y-intercept
and 'b' refers to the gradient. This requires teachers to integrate these topics and not
teach them in isolation.
(c) As stated in previous reports, when determining the equation of the least squares
regression line, it is advisable that learners write down the values of a and b and
then write down the equation of the regression line. In this way, they can get the CA
mark for the equation.
(d) Learners need to be taught the meaning of the correlation coefficient rather than just
describe the association between the variables as strong/weak and negative/positive.
Teaching for understanding is necessary.
(e) As mentioned in previous reports, learners should be able to use the values of their
calculations to make predictions and comments about the data. Time should be
devoted to interpretation questions.
(f) Statistical language and contexts should be used in class when teaching data handling
as learners will then become familiar with the terminology used and be able to
differentiate between the concepts being tested in the various questions.
National Senior Certificate 241 Diagnostic Report 2025 – Part 1

Mathematics
(g) As indicated in previous reports, the concept of independent (y) and dependent (x)
variables should be emphasised when working with the equation of the least squares
regression line. The y value depends on the x value and not vice versa.",P2
2025,2.0,DATA HANDLING,"QUESTION 2: DATA HANDLING
Common errors and misconceptions
(a) Many candidates struggled to interpret the given cumulative frequency table and found
it challenging to calculate the frequencies for each class interval. Consequently, they
were unable to answer Q2.1.2 and Q2.1.3 correctly. A reason for this could be the lack
of correct reading of each interval and the assumption that the cumulative frequency
table given was similar to the frequency tables found in previous years' question
papers. The total for the number of people who visited the website in a day was
incorrectly answered as 252 instead of 70.
(b) A large number of candidates used the cumulative frequencies to draw the histogram
in Q2.1.3. Others incorrectly drew bar graphs or ogives instead of the histogram
required. They were not awarded marks for this.
(c) In Q2.1.4 many candidates struggled to interpret the skewness of the data from the
histogram.
(d) Q2.2 required candidates to read with understanding. Many candidates worked only
with the data of the 8 learners given and not 9 as required. As a result, the standard
deviation was calculated incorrectly. This affected the answers of the rest of the
question.
(e) There were many candidates who were unable to understand and communicate the
relationship between the data points that were outside one standard deviation of the
mean.
Suggestions for improvement
(a) Reading for understanding is a fundamental requirement in the Statistics section and
must be developed in classroom activities.
(b) The poor performance in Q2 was largely due to misreading of statistical tables,
confusion between frequency and cumulative frequency, and weak conceptual
understanding of mean and standard deviation adjustments. These errors highlight the
need for stronger emphasis on reading for understanding, correct interpretation of
cumulative frequency tables, and conceptual teaching of statistical measures.
(c) Teachers need to revise the graphs taught in lower grades. This teaching must include
clearly distinguishing between the parameters and needs of the different graphs.
(d) Measures of central tendency and dispersion need to be taught for both ungrouped
and grouped data. The focus of teaching should be on the clear understanding of the
concept rather than the calculation of values.
(e) Much of this question was based on cumulative frequency, which is done in Grade 11.
Revision of Grade 11 work in Grade 12 will assist learners to prepare for the
examinations.
National Senior Certificate 242 Diagnostic Report 2025 – Part 1

Mathematics",P2
2025,3.0,ANALYTICAL GEOMETRY,"QUESTION 3: ANALYTICAL GEOMETRY
Common errors and misconceptions
(a) Some candidates were unable to substitute correctly into the distance formula when
answering Q3.1. Other candidates calculated the length of PQ instead of PR.
(b) In Q3.2 some candidates swopped the x- and y-values around when substituting into
the gradient formula.
(c) Some candidates were unable to use the answer calculated in Q3.2 when answering
Q3.3.
(d) Q3.5 was poorly answered by most candidates. Candidates did not read the order of
the parallelogram PQRS and subsequently calculated S in the incorrect quadrant.
Most candidates were unaware that transformation and translation concepts could be
used for the calculation of the fourth vertex of a parallelogram.
(e) Q3.6 was not well answered by most of the candidates as they assumed that T was
the midpoint of QR. Other candidates did not realise that T was the point of
intersection of lines PT and QR.
(f) In Q3.7 many candidates were able to calculate the area of the parallelogram PQRS.
Various errors were made in the use of the sine rule as incorrect angles were selected
from the diagram, others interpreted PQRS as a rectangle (ignoring the information
provided to them in the question), others used the shoelace method and were only
awarded full marks if their answer was correct and a large number of candidates
assumed that two of the sides were perpendicular to each other.
Suggestions for improvement
(a) As stated in previous reports, if learners are not sure, they should consult the
information sheet for the correct formula.
(b) It is important that learners realise that it is not acceptable to make any assumptions,
e.g. that a certain point is the midpoint of a line; two lines are perpendicular to each
other or that a triangle is isosceles.
(c) Teach learners to analyse diagrams in Analytical Geometry and to use relevant
properties to respond to questions.
(d) Teachers should teach learners how to calculate the fourth vertex of a parallelogram
using the transformation method.
(e) As stated in previous reports, learners should be advised that they need to fill in the
calculated values and additional information on their sketch in the answer book as they
proceed with subquestions. This helps them visualise what information is at their
disposal when answering the next sub-question.
1
(f) Teach learners how to identify when to use which formula: area = base × height or
2
1
area = a.b.sinC when calculating the area of a triangle.
2
National Senior Certificate 243 Diagnostic Report 2025 – Part 1

Mathematics
(g) Learners should be advised to expect that Euclidean Geometry facts and Trigonometry
will be integrated into Analytical Geometry and will be needed in the answering of some
Analytical Geometry questions.
(h) When teaching Analytical Geometry, teachers need to revise the concepts of
perpendicular and parallel lines with respect to gradient, simultaneous equations
(linking to functions), inclination and correct calculations of surds. This revision should
also include emphasising that the calculation of the equation of a straight-line depends
on the points on that line and not any points appearing on the diagram.
(i) The properties of all quadrilaterals must be taught in earlier grades and used in
classwork and tasks through the later grades.",P2
2025,4.0,ANALYTICAL GEOMETRY,"QUESTION 4: ANALYTICAL GEOMETRY
Common errors and misconceptions
(a) Most candidates struggled to show q = 4 in Q4.2. This was due to candidates not
being able to recognise right-angled triangles and that radii AM = ME = q + 1. Many
of these candidates assumed AD = 3 units.
(b) Candidates were able to identify the centre of the circle in Q4.3 but many struggled to
calculate the value of the radius, possibly because these candidates did not realise
that point E lies on the circumference of the circle.
(c) In Q4.4 many candidates misread the question and made assumptions of what they
thought the question may be asking. Evidence of this was that these candidates added
2 units to the x-value of –6.
(d) Candidates who struggled with Q4.5 made the following errors: substituted
National Senior Certificate 244 Diagnostic Report 2025 – Part 1
( y − 4 ) 2 = 0 rather than just y = 0, swapped the values of x and y around or
equated each of the brackets to 25.
(e) Most candidates calculated the gradient of BC in Q4.6 without first calculating the
coordinates of the point C. Other candidates who struggled with Q4.6 were unable to
recall that the radius of a circle is perpendicular to its tangent or their formula for the
gradient was incorrect despite this being given in the information sheet.
(f) While many candidates knew the method for solving Q4.7, their equation of BC was
incorrect from Q4.6 which negatively impacted them in this question. Other candidates
assumed the y-value of C to be –2.
(g) Q4.8 was challenging for the majority of candidates as it required a multistep approach
to arrive at the answer. Candidates used gradients that did not relate to the required
angle; calculated distances and used these in an incorrect trigonometric ratio or
assumed E to be the midpoint of DC. Some candidates introduced an angle  in their
working but did not indicate this on their sketch. They then went on to calculate many
other angles but also referred to each of them as . These candidates became
confused about the correct size of each of the angles calculated.
Suggestions for improvement

Mathematics
(a) As mentioned in previous reports, teachers need to revise the concept of perpendicular
lines and gradients, particularly that the tangent is perpendicular to the radius at the
point of contact.
(b) Learners should practise using a formula to get an answer (e.g. using the formula to
calculate the coordinates of the midpoint), as well as to calculate an unknown variable
if the answer has been given (e.g. calculate the coordinates of an endpoint if one
endpoint and the midpoint are given).
(c) Teachers should aim at developing in learners the ability to reason logically and to
write down the steps in their reasoning.
(d) For learners to be able to reason and answer complex questions, they need a very
good understanding of basic concepts, including those from lower grades. Regular
revision of these concepts can help consolidate understanding them.
(e) As mentioned in previous reports, learners need to be taught to read with
understanding. This is vital in answering any question posed to the learner.",P2
2025,5.0,TRIGONOMETRY,"QUESTION 5: TRIGONOMETRY
Common errors and misconceptions
(a) In Q5.1 some candidates struggled to interpret
National Senior Certificate 245 Diagnostic Report 2025 – Part 1
t a n 5 0  = k in terms of trigonometric
definitions, resulting in them not being able to calculate the adjacent, opposite and
hypotenuse of the right-angled triangle in terms of k . Many candidates were unable
to apply Pythagoras' theorem correctly and these candidates calculated
r = k 2 − 1 or r = 1 − k 2 .
(b) In Q5.1.2 some candidates were unable to identify the double angle expansion given
in the question or that the denominator had a common factor of –2 before the double
angle formula of cos 2 could be used.
(a) Q5.1.3 was not well answered as many candidates did not realise that 1 0  could have
been written as 50−40. Thereafter, they could have used the compound angle
formula for either sine or cosine to obtain the answer. Other candidates showed weak
algebraic skills when answering Q5.1.3.
(b) Some candidates were unable to apply co-ratios correctly in Q5. In Q5.1.3 some
incorrectly wrote s in 1 0  = s in 8 0  and in Q5.2.1 they incorrectly wrote
c o s ( 9 0  + x ) = c o s x .
(c) Q5.2.2 was poorly answered by candidates, if attempted at all, as they failed to recall
that a square root must be positive when presented in the form given, or that the
denominator of a fraction may not be 0.
Suggestions for improvement
(a) Teachers should ensure that all learners are able to answer any type of definition
question using trigonometric ratios. Regular revision of Grade 10 and 11 Trigonometric
concepts can help consolidate this work.

Mathematics
(b) As stated in previous reports, remind learners that the same simplification skills used
in Algebra also apply to Trigonometry. Revise addition, subtraction and simplification
of algebraic fractions with learners before teaching simplification of trigonometric
expressions and proving trigonometric identities. This revision should also include the
understanding of when a number is undefined (division by 0) or non-real (square root
of a negative number) and interval or inequality notation.
(c) Teachers should emphasise the use of the information sheet when working with
compound angles. This has been emphasised in numerous previous reports.
(d) Teachers should expose learners to questions on trigonometric ratios involving
combinations of compound angles, angles greater than 360 and co-ratios.
(e) As mentioned in previous reports, teachers must discuss the difference between an
angle and a trigonometric ratio at the beginning of the study of Trigonometry in
Grade 10. The relevance of an angle in the trigonometric ratio must be emphasised.
(f) Teachers should expose learners to a few methods of simplifying trigonometric
expressions. However, they should develop skills in learners that allow them to answer
questions in the most efficient way.",P2
2025,6.0,TRIGONOMETRY,"QUESTION 6: TRIGONOMETRY
Common errors and misconceptions
(a) In Q6.1 some candidates struggled with the application of basic trigonometric
reduction, the square and quotient identities and factorisation. Together with this, many
candidates struggled to work with fractions, in particular combining two terms into one
term and factorisation of cubes and grouping proved challenging to many candidates.
(b) The given arithmetic sequence in Q6.2 confused most candidates as it was an
unexpected inclusion of a Paper 1 topic into Paper 2. Some candidates used the
definition of a geometric sequence instead of an arithmetic sequence; the rejection of
National Senior Certificate 246 Diagnostic Report 2025 – Part 1
4 5  was not indicated in most of the candidates' answers.
Suggestions for improvement
(a) As stated in previous reports, teachers should remind learners that they must still use
the reduction formulae together with the compound angle formulae when answering
questions in Grade 12.
(b) Teachers should stress the importance of showing the signs and steps when reducing
trigonometric ratios.
(c) Teachers should advocate the use of the k-method when dealing with quadratic
equations involving trigonometric ratios. A simplified quadratic equation may be easier
to solve.
(d) Teachers should explain the difference between the general solution and the specific
solutions within an interval. This point was covered in previous reports.
(e) Expose learners to different types of exercises involving reduction, identities and
fractions.

Mathematics
(f) Teachers need to teach with the entire Mathematics syllabus in mind and not in silos.
Learners need to be able to integrate knowledge across topics and between different
papers.
(g) Teachers should spend time revising the general solutions to basic trigonometric
equations and then integrate these into the more complex trigonometric equations.
(h) Learners need to practise many examples independently of all trigonometric content.",P2
2025,7.0,TRIGONOMETRY (GRAPHS),"QUESTION 7: TRIGONOMETRY (GRAPHS)
Common errors and misconceptions
(a) Few candidates were unable to answer Q7.1 correctly. They indicated that the period
of the graph was 135, which was the endpoint of the given interval. These candidates
did not know the effect the coefficient of the angle had on the basic trigonometric
function.
(b) In Q7.2 some candidates had difficulty with sketching the graph of
National Senior Certificate 247 Diagnostic Report 2025 – Part 1
g ( x ) = t a n 2 x − 1
correctly because the asymptotes of this graph were outside the given interval.
(c) Most candidates did not use the direction of the translation of the graph in Q7.3, leaving
their answers as h ( x ) = c o s ( 2 x + 4 5  ) or h ( x ) = c o s ( 2 x − 4 5  ) .
(d) In Q7.4 some candidates confused the variables of the domain and range. Others
could not represent their answers using the correct notation. They presented their
answers as y   1 ; − 1  or − 1  y  1 , both of which were incorrect.
(e) Many candidates failed to recognise the link between the question and the given
graphs. Other candidates calculated the x-intercept but ignored the change in
inequality due to the common factor of –1 when candidates were required to
manipulate tan2x−1 to − ( 1 − t a n 2 x ) .
Suggestions for improvement
(a) It is necessary for learners to be reminded constantly of the meaning of concepts like
period, domain, amplitude and range.
(b) Learners need to be exposed to the drawing of all trigonometric graphs, including
translations and transformations.
(c) As mentioned in previous reports, learners should be taught that the period of a
trigonometric function is the length of a function's cycle. Since this value is a length, it
is a single number and not an interval of values, nor is it an endpoint of the given
interval.
(d) Learners should be shown how to write intervals, using both inequality and interval
notations. Teachers are encouraged to use both forms of notations in class. It is good
practice to write an interval in one form and then ask learners to write the same answer
in the other form.
(e) As emphasised in previous reports, teachers should teach the 'mother graphs' well so
that learners can develop insight into their characteristics. Thereafter, learners must

Mathematics
be exposed to how the change in the different parameters affect the 'mother graphs'.
(f) Interpretation of graphs should be taught with understanding rather than learners
assuming what the question is asking.",P2
2025,8.0,TRIGONOMETRY,"QUESTION 8: TRIGONOMETRY
Common errors and misconceptions
(a) In Q8.1 some candidates assumed that AB = 18 cm instead of using the given ratio
to calculate the length of AB. Many candidates could not interpret the given
proportion: AB : BC = 1 : 2.
(b) Many candidates did not recognise that ABCD is a rectangle and consequently they
did not realise that they needed to use Pythagoras' Theorem to answer Q8.2.
(c) In Q8.3 many candidates assumed the length of BK to be 18 cm and then used the
sine rule to calculate KC. This was incorrect and candidates lost all the marks in this
question.
(d) Q8.4 required candidates to calculate an angle that was not drawn on the diagram.
Candidates opted to use the sine rule instead of the cosine rule. This led to candidates
incorrectly assuming that
National Senior Certificate 248 Diagnostic Report 2025 – Part 1
K
ˆA
C = K
ˆA
B + B
ˆA
C . They did not realise that these angles
lie in different planes and therefore their sum does not lie in a triangle.
Suggestions for improvement
(a) As emphasised in previous reports, teachers should devote the appropriate amount of
time to this section. This should allow learners to score the accessible marks in this
section of work.
(b) Teachers need to develop strategies to be used when solving right-angled triangles
and triangles that are not right-angled. Teach learners when to use basic trigonometric
ratios and which basic ratio is the appropriate one for a given context.
(c) As mentioned previously, it might be a good idea to give learners an exercise in which
they identify which rule is to be used to solve the question. Learners must also
substantiate why they think that the rule that they have selected applies to the question.
(d) Remind learners that the sine and cosine rules are applicable to a single triangle.
Learners may not create a proportion by using the sides and angles or two different
triangles using the sine and cosine rules.
(e) Learners need to be reminded constantly that they may not make assumptions about
the lengths of sides and the sizes of angles based on the diagram. Learners must work
with the information that they are given in the question.",P2
2025,9.0,EUCLIDEAN GEOMETRY,"QUESTION 9: EUCLIDEAN GEOMETRY
Common errors and misconceptions
(a) While Q9.1 was answered well by candidates who had learnt the theory, others drew
incorrect constructions, labelled the angles incorrectly or did not draw any construction.

Mathematics
(b) Some candidates, in answering Q9.2.1, used ext   without first showing that
National Senior Certificate 249 Diagnostic Report 2025 – Part 1
P
ˆL
O =
ˆP
= 3 2  .
(c) Many candidates provided incorrect reasons for their statements in Q9.2.2.
Suggestions for improvement
(a) As mentioned in previous reports, teachers are encouraged to use the 'Acceptable
Reasons' in the Examination Guidelines when teaching. This should start from as early
as Grade 8. Learners should be issued with a copy of the 'Acceptable Reasons'.
(b) Learners should be made to prove theorems as part of their informal tasks. A good
strategy is to expect learners to write the proof of a theorem as a task the day after the
theorem was explained in class. Teachers should also choose random letters to label
the triangles and not stick to the conventional A, B and C.
(c) Teachers should make use of a diagram with annotations to explain a theorem.
Illustrate which information is given and what conclusions can be made from this given
information.
(d) As emphasised in previous reports, teachers must insist that learners read the
information given in the question. This information contains key words that direct
learners to the theory required to solve the question.
(e) Teach learners to identify all the theorems and converse theorems that are applicable
to a question and how to select from these which ones can be used to answer the
question. A clear distinction needs to be made between a theorem and its converse.",P2
2025,10.0,EUCLIDEAN GEOMETRY,"QUESTION 10: EUCLIDEAN GEOMETRY
Common errors and misconceptions
(a) In Q10.1 some candidates assumed that PT was the diameter of the circle before
proving it. This is using information from Q10.3 in Q10.1. This was not accepted. Other
candidates equated angles that were not in the same segment.
(b) When answering Q10.2 some candidates indicated that the opposite angles of a cyclic
quadrilateral were equal instead of them being supplementary. Other candidates
confused co-interior angles and corresponding angles.
(c) Q10.3 was poorly answered by many candidates as they could not provide the correct
reason of converse angles in a semi-circle or line subtends 90.
Suggestions for improvement
(a) The need for learners to name the angles correctly has been mentioned previously in
several reports. Teachers should not credit learners with marks in school-based
assessment tasks if the angles are not named correctly.
(b) It should be emphasised to learners that the theorem angles in the same segment can
only be used when all four vertices lie on the circumference of the same circle.

Mathematics
(c) Teachers need to emphasise when to use the converse theorems in proofs. Teachers
must take note that converse co-interior angles, converse alternate angles and
converse corresponding angles are NOT accepted. Instead, learners should be taught
co-interior angles supplementary, alternate angles equal and corresponding angles
equal.
(d) It is advisable to train learners to reason logically and to write corresponding
statements and reasons when teaching Euclidean Geometry in Grade 8. This should
enable learners to present coherent proofs or solutions in Grade 12.
(e) Learners should be guided on what parts of the proof are required to link it to the
conclusion. A good tactic would to be to ask learners to determine their goal for the
proof, i.e. if PT is a diameter of the circle then Q ˆ =90, therefore the learners should
1
then go about reasoning how to calculate Q ˆ to be
1
National Senior Certificate 250 Diagnostic Report 2025 – Part 1
9 0  ; or to prove PQ || SR then
Vˆ =Q ˆ , then learners can calculate the values of Q ˆ and Vˆ separately to arrive
4 1 1 4
at the correct conclusion.",P2
2025,11.0,EUCLIDEAN GEOMETRY,"QUESTION 11: EUCLIDEAN GEOMETRY
Common errors and misconceptions
(a) Many candidates failed to determine the link between the given ratios and the ratio
required to calculate in Q11.1. Others treated the ratios as actual lengths. This was
incorrect.
(b) In Q11.1.2 some candidates did not know how to express a new ratio using a
previously calculated ratio. Other candidates showed poor algebraic simplification
skills.
(c) Most candidates incorrectly assumed a perpendicular height for the triangles, while
others used the area rule with incorrect sides in Q11.1.3. Many candidates were unable
to recognise that the trapezium's area was a subtraction of a triangles from a bigger
triangle.
(d) In Q11.2.1 many candidates omitted the parallel lines in the reason for the
proportionality theorem. This was not accepted and candidates were not awarded the
mark for the reason.
(e) Many candidates attempted to answer Q11.2.3 using the incorrect triangles. Some
confused similarity and congruency and indicated pairs of lines equal in their proof for
similarity. This was a breakdown.
(f) Q11.2.4 and Q11.2.5 were not attempted by most candidates, while others tried to
manipulate what was required to prove in Q11.2.5 to arrive at an answer.
Suggestions for improvement
(a) As mentioned in previous reports, more time needs to be spent on the teaching of
Euclidean Geometry in all grades. Learners should read the given information carefully
without making any assumptions. Exercises on Grade 11 and 12 Euclidean Geometry
must include different activities and all levels of the taxonomy.

Mathematics
(b) Teach learners not to assume any facts in a geometry sketch but to only use what was
given and that which was already proven in earlier questions.
(c) Learners need to be made aware that writing correct statements that are irrelevant to
the answer in Euclidean Geometry will not earn them any marks in an examination.
(d) Consider teaching geometry with the approach of using different colours to identify
sides and angles; using different variables when working with ratios and using previous
sub-questions to answer later sub-questions.
(e) Learners need to be told that success in answering Euclidean Geometry comes from
regular practice, starting off with the easy and progressing to the difficult.
(f) It is critical that during teaching and learning, learners are exposed to problem-solving
questions where critical thinking is required.
National Senior Certificate 251 Diagnostic Report 2025 – Part 1",P2
