year,document_id,paper,question_number,subquestion,marks,question_text,segmentation_status,topic_v2,subtopic_v2,mapping_method_v2,mapping_confidence_v2,signature_id_v2,_source,inherited_v2,inherited_from_v2,source_type,document_type,source_text_file,extraction_quality,marks_all_found,question_char_count,segment_index,question_id,topic,subtopic,mapping_method,rule_id,mapping_confidence,taxonomy_version
2014,2014_nov_p1_exam_maths,P1,1.0,1.1,,Solve for x:,stem,ALG,,signature,high,nsc_solve_x,path_a,False,,,,,,,,,,,,,,,
2014,2014_nov_p1_exam_maths,P1,1.0,1.1.1,2.0,(x-2)4+x)=0,ok,,,unmapped,,,path_a,False,,,,,,,,,,,,,,,
2014,2014_nov_p1_exam_maths,P1,1.0,1.1.2,4.0,3x° —2x =14 (correct to TWO decimal places),ok,,,unmapped,,,path_a,False,,,,,,,,,,,,,,,
2014,2014_nov_p1_exam_maths,P1,1.0,1.1.3,6.0,"Pe EF = 2D (3)
Lad Solve the following equations simultaneously:
x=2y4+3
3x? —5xy = 244+16y",ok,ALG,,struct,high,STRUCT_ALG,path_a,False,,,,,,,,,,,,,,,
2014,2014_nov_p1_exam_maths,P1,1.0,1.3,,"Solve for x: (x—1)x-2)<6 (4)
14 The roots of a quadratic equation are: x = Bie
For which values of k are the roots real? (2)
[21]",missing_marks,ALG,,signature,high,nsc_solve_x,path_a,False,,,,,,,,,,,,,,,
2014,2014_nov_p2_exam_maths,P2,1.0,1.2,1.0,Calculate the standard deviation of the Mathematics data.,ok,STAT,,signature,high,standard_dev,path_a,False,,,,,,,,,,,,,,,
2014,2014_nov_p2_exam_maths,P2,1.0,1.3,3.0,"Determine the number of candidates whose percentages in Mathematics lie within
ONE standard deviation of the mean.",ok,STAT,,signature,high,standard_dev,path_a,False,,,,,,,,,,,,,,,
2014,2014_nov_p2_exam_maths,P2,1.0,1.4,,"Calculate an equation for the least squares regression line (line of best fit) for the
data. (3)
15 If a candidate from this group scored 60% in the Mathematics examination but was
absent for the Accounting examination, predict the percentage that this candidate
would have scored in the Accounting examination, using your equation in",missing_marks,STAT,,signature,high,regression,path_a,False,,,,,,,,,,,,,,,
2014,2014_nov_p2_exam_maths,P2,1.0,1,,"QUESTION 1.4. (Round off your answer to the NEAREST INTEGER.) (2)
L.6 Use the scatter plot and identify any outlier(s) in the data. (1)
[12]
Copyright reserved Please turn over

===== Page 4 =====
Mathematics/P2 4 DBE/November 2014
NSC",no_sub_markers,STAT,,lexicon,medium,,path_a,False,,,,,,,,,,,,,,,
2014,2014_nov_p1_exam_maths,P1,2.0,2.1,3.0,"Write down the fourth term of the series. (1)
22 Calculate the 251° term of the series.",ok,SEQ,,lexicon,medium,,path_a,False,,,,,,,,,,,,,,,
2014,2014_nov_p1_exam_maths,P1,2.0,2.3,2.0,Express the series in sigma notation.,ok,SEQ,,struct,high,STRUCT_SEQ,path_a,False,,,,,,,,,,,,,,,
2014,2014_nov_p1_exam_maths,P1,2.0,2.4,,"Calculate the sum of the series. (2)
25 How many terms in the series are divisible by 4? (4)
[12]
Copyright reserved Please turn over

===== Page 4 =====
Mathematics/P 1 4 DBE/November 2014
NSC",missing_marks,SEQ,,lexicon,medium,,path_a,False,,,,,,,,,,,,,,,
2014,2014_nov_p2_exam_maths,P2,2.0,2.1,2.0,"Identify the modal class of the data. (1)
Dok Use the histogram to:
ae a Complete the cumulative frequency column in the table on
DIAGRAM SHEET 1",ok,STAT,,lexicon,medium,,path_a,False,,,,,,,,,,,,,,,
2014,2014_nov_p2_exam_maths,P2,2.0,2.2.2,,"Draw an ogive (cumulative frequency graph) of the above data on the grid
on DIAGRAM SHEET 1 (3)
eo The traffic department sends speeding fines to all motorists whose speed exceeds
66 km per hour. Estimate the number of motorists who will receive a speeding fine. (2)
[8]
Copyright reserved Please turn over

===== Page 5 =====
Mathematics/P2 5 DBE/November 2014
NSC",missing_marks,STAT,,signature,high,ogive_reading,path_a,False,,,,,,,,,,,,,,,
2014,2014_nov_p2_exam_maths,P2,2.0,2.2.1,,"Cumulative frequenc

20<x<30 {oD

30 <x < 40

40 <x < 50

50 <x < 60
60<x<70 fo OP
| M<x<80 {oo 5 PT
80<x<90 [2
90<x<100 {oO",missing_marks,STAT,,lexicon,medium,,path_a,False,,,,,,,,,,,,,,,
2014,2014_nov_p2_exam_maths,P2,2.0,2.2.2,,"| Ogive
He eae ti
q Hae
| e rrr] | a rrr i
Bs ore can Coton |
0 10 20 30 40 50 60 70 80 90 100 |
Speed (in km per hour)
Copyright reserved

===== Page 16 =====
Mathematics/P2 DBE/November 2014
NSC
DIAGRAM SHEET 2",missing_marks,STAT,,signature,high,ogive_reading,path_a,False,,,,,,,,,,,,,,,
2014,2014_nov_p1_exam_maths,P1,3.0,3.1,2.0,"Given the quadratic sequence: —1;—7;-—11;p;...
Silak Write down the value of p.",stem,SEQ,,lexicon,medium,,path_a,False,,,,,,,,,,,,,,,
2014,2014_nov_p1_exam_maths,P1,3.0,3.1.2,4.0,Determine the n” term of the sequence.,ok,SEQ,,lexicon,medium,,path_a,False,,,,,,,,,,,,,,,
2014,2014_nov_p1_exam_maths,P1,3.0,3.13,4.0,"The first difference between two consecutive terms of the sequence is 96.
Calculate the values of these two terms.",ok,SEQ,,signature,high,nsc_term_to_term,path_a,False,,,,,,,,,,,,,,,
2014,2014_nov_p1_exam_maths,P1,3.0,3.2,2.0,"The first three terms of a geometric sequence are: 16; 4; 1
S21 Calculate the value of the 12"" term. (Leave your answer in simplified
exponential form.) (3)
i ae Calculate the sum of the first 10 terms of the sequence.",ok,SEQ,,signature,high,nsc_geometric_seq,path_a,False,,,,,,,,,,,,,,,
2014,2014_nov_p1_exam_maths,P1,3.0,3.3,,"Determine the value of: (i + aC + AC + + + ‘) ... up to 98 factors.
2 3 4 5 (4)
[19]
Copyright reserved Please turn over

===== Page 5 =====
Mathematics/P 1 2) DBE/November 2014
NSC",missing_marks,,,unmapped,,,path_a,False,,,,,,,,,,,,,,,
2014,2014_nov_p2_exam_maths,P2,3.0,3.1,3.0,"Write down the length of the radius of the circle having centre M. (1)
ere Write down the equation of the circle having centre M, in the form
(x-a)’ +(y-b)y’ =r’. (1)
33 Calculate the coordinates of A.",ok,AGEO,,signature,high,circle_equation,path_a,False,,,,,,,,,,,,,,,
2014,2014_nov_p2_exam_maths,P2,3.0,3.4,,"If the coordinates of B are (8 ; 0), calculate:",stem,,,unmapped,,,path_a,False,,,,,,,,,,,,,,,
2014,2014_nov_p2_exam_maths,P2,3.0,3.4.1,2.0,The gradient of MB,ok,AGEO,,signature,high,gradient,path_a,False,,,,,,,,,,,,,,,
2014,2014_nov_p2_exam_maths,P2,3.0,3.4.2,2.0,"The equation of the tangent PB in the form y=mx+c (3)
oT Write down the equation of tangent SKL.",ok,CALC,,signature,high,tangent_gradient,path_a,False,,,,,,,,,,,,,,,
2014,2014_nov_p2_exam_maths,P2,3.0,3.6,2.0,"Show that L is the point (20 ; 9). (2)
x Tag Calculate the length of ML in surd form.",ok,FUNC,,signature,medium,nsc_length,path_a,False,,,,,,,,,,,,,,,
2014,2014_nov_p2_exam_maths,P2,3.0,3.8,,"Determine the equation of the circle passing through points K, L and M in the form
(x- py +(y-q) =e"" (5)
[21]
Copyright reserved Please turn over

===== Page 6 =====
Mathematics/P2 6 DBE/November 2014
NSC",missing_marks,AGEO,,signature,high,circle_equation,path_a,False,,,,,,,,,,,,,,,
2014,2014_nov_p1_exam_maths,P1,4.0,4.1,2.0,Write down the values of p and gq.,ok,,,unmapped,,,path_a,False,,,,,,,,,,,,,,,
2014,2014_nov_p1_exam_maths,P1,4.0,4.2,2.0,Calculate the x-coordinate of T.,ok,FUNC,,lexicon,medium,,path_a,False,,,,,,,,,,,,,,,
2014,2014_nov_p1_exam_maths,P1,4.0,4.3,1.0,"Write down the equation of the vertical asymptote of the graph of A,
if h(x) = g(x +5)",ok,FUNC,,signature,high,asymptotes,path_a,False,,,,,,,,,,,,,,,
2014,2014_nov_p1_exam_maths,P1,4.0,4.4,,"Calculate the length of OS. (5)
- 4.5 For which values of k will the equation g(x) =x +k have two real roots that are of
opposite signs? (1)
[11]
Copyright reserved Please turn over

===== Page 6 =====
Mathematics/P 1 6 DBE/November 2014
NSC",missing_marks,FUNC,,signature,medium,nsc_length,path_a,False,,,,,,,,,,,,,,,
2014,2014_nov_p2_exam_maths,P2,4.0,4.1,2.0,Determine the coordinates of E.,ok,,,unmapped,,,path_a,False,,,,,,,,,,,,,,,
2014,2014_nov_p2_exam_maths,P2,4.0,4.2,4.0,"Calculate the size of DAE. (3)
43 Determine the equation of AB in the form y= mx +c.",ok,,,unmapped,,,path_a,False,,,,,,,,,,,,,,,
2014,2014_nov_p2_exam_maths,P2,4.0,4.4,4.0,"If AB has equation x-2y+9=0, determine the coordinates of D.",ok,,,unmapped,,,path_a,False,,,,,,,,,,,,,,,
2014,2014_nov_p2_exam_maths,P2,4.0,4.5,,"Calculate the area of quadrilateral DMOE. (6)
[19]

Copyright reserved Please turn over

===== Page 7 =====
Mathematics/P2 7 DBE/November 2014
NSC",missing_marks,EUCL,,lexicon,medium,,path_a,False,,,,,,,,,,,,,,,
2014,2014_nov_p1_exam_maths,P1,5.0,5.4,1.0,Write down the domain of g.,ok,FUNC,,signature,high,nsc_domain,path_a,False,,,,,,,,,,,,,,,
2014,2014_nov_p2_exam_maths,P2,5.0,5.1,2.0,"Show, by calculation, that x = 60°.",ok,,,unmapped,,,path_a,False,,,,,,,,,,,,,,,
2014,2014_nov_p2_exam_maths,P2,5.0,5.2,9.0,"Calculate the length of AD. (4)
Diolk Determine y. (3)",ok,FUNC,,signature,medium,nsc_length,path_a,False,,,,,,,,,,,,,,,
2014,2014_nov_p1_exam_maths,P1,6.0,6.1,2.0,"Determine the x-coordinate of S, correct to TWO decimal places.",ok,FUNC,,lexicon,medium,,path_a,False,,,,,,,,,,,,,,,
2014,2014_nov_p1_exam_maths,P1,6.0,6.2,2.0,Write down the coordinates of the turning point of g.,ok,CALC,,struct,medium,STRUCT_CALC,path_a,False,,,,,,,,,,,,,,,
2014,2014_nov_p1_exam_maths,P1,6.0,6.3,,"6.3.1 Write down the length of QKT in terms of x, where x_ is the
x-coordinate of K. (3)
. 6.3.2 Calculate the maximum length of QT. (6)
[13]
Copyright reserved Please turn over

===== Page 8 =====
Mathematics/P 1 8 DBE/November 2014
NSC",missing_marks,CALC,,signature,medium,nsc_maximum,path_a,False,,,,,,,,,,,,,,,
2014,2014_nov_p2_exam_maths,P2,6.0,6.1,5.0,Prove the identity: cos’ (180° + x) + tan(x —180°)sin(720° — x) cos. x = cos2x,ok,TRIG,,signature,high,identity_proof,path_a,False,,,,,,,,,,,,,,,
2014,2014_nov_p2_exam_maths,P2,6.0,6.2,3.0,Use cos(a +) =cosacos #-sinasin f to derive the formula for sin(@ — f).,ok,TRIG,,lexicon,medium,,path_a,False,,,,,,,,,,,,,,,
2014,2014_nov_p2_exam_maths,P2,6.0,6.3,2.0,"If sin 76° =x and cos 76° = y, show that x - y = sin 62°. (4)

[12]

Copyright reserved Please turn over

===== Page 8 =====
Mathematics/P2 8 DBE/November 2014
NSC
~ QUESTION 7
In the diagram below, the graph of f(x) =sinx +1 is drawn for —90° <x < 270°.
ay .
x
-90 -45 0 45 90 135 180 225 270
| Be) |

yl Write down the range of f.",ok,FUNC,,signature,high,nsc_range,path_a,False,,,,,,,,,,,,,,,
2014,2014_nov_p1_exam_maths,P1,7.0,7.1,,"Exactly five years ago Mpume bought a new car for R145 000. The current book
value of this car is R72 500. If the car depreciates by a fixed annual rate according to
the reducing-balance method, calculate the rate of depreciation. (3)
- 72 Samuel took out a home loan for R500 000 at an interest rate of 12% per annum,
compounded monthly. He plans to repay this loan over 20 years and his first payment
is made one month after the loan is granted.",missing_marks,FIN,,signature,high,nsc_loan,path_a,False,,,,,,,,,,,,,,,
2014,2014_nov_p1_exam_maths,P1,7.0,7.2.1,13.0,"Calculate the value of Samuel's monthly instalment. (4)
22 Melissa took out a loan for the same amount and at the same interest rate
as Samuel. Melissa decided to pay R6 000 at the end of every month.
Calculate how many months it took for Melissa to settle the loan. (4)
Tedd Who pays more interest, Samuel or Melissa? Justify your answer. (2)",ok,FIN,,signature,high,nsc_loan,path_a,False,,,,,,,,,,,,,,,
2014,2014_nov_p2_exam_maths,P2,7.0,7.4,,"2
aT
-90 -45 0 45 90 135 180 225 270
-| |
=2",missing_marks,,,unmapped,,,path_a,False,,,,,,,,,,,,,,,
2014,2014_nov_p1_exam_maths,P1,8.0,8.1,5.0,Determine /’(x) from first principles if f(x) = x°.,ok,CALC,,signature,high,nsc_first_principles,path_a,False,,,,,,,,,,,,,,,
2014,2014_nov_p1_exam_maths,P1,8.0,8.2,2.0,Determine the derivative of: f(x) = 2x? + > -3,ok,,,unmapped,,,path_a,False,,,,,,,,,,,,,,,
2014,2014_nov_p1_exam_maths,P1,8.0,8.3,,"If y=(x° -1)’, prove that @ a2 7, if x >I, (3)
x",missing_marks,EUCL,,struct,medium,STRUCT_EUCL,path_a,False,,,,,,,,,,,,,,,
2014,2014_nov_p1_exam_maths,P1,8.0,8.4,,"Given: f(x) =2x° —2x* +4x-1. Determine the interval on which f is concave up. (4)
[14]
Copyright reserved Please turn over

===== Page 9 =====
Mathematics/P | 9 DBE/November 2014
NSC",missing_marks,CALC,,struct,medium,STRUCT_CALC,path_a,False,,,,,,,,,,,,,,,
2014,2014_nov_p2_exam_maths,P2,8.0,8.1,,"In the diagram, O is the centre of the circle passing through A, B and C.

CAB= 48°, COB=x and C,=y.

A
4g°
8
i
ee
|
> :

Determine, with reasons, the size of:",stem,EUCL,,signature,high,with_reasons,path_a,False,,,,,,,,,,,,,,,
2014,2014_nov_p2_exam_maths,P2,8.0,8.1.1,2.0,x,ok,,,unmapped,,,path_a,False,,,,,,,,,,,,,,,
2014,2014_nov_p2_exam_maths,P2,8.0,8.1.2,2.0,y,ok,,,unmapped,,,path_a,False,,,,,,,,,,,,,,,
2014,2014_nov_p2_exam_maths,P2,8.0,8.2,,"In the diagram, O is the centre of the circle passing through A, B, C and D.

AOD is a straight line and F is the midpoint of chord CD. ODF = 30° and OF are

joined.

A
| e
ar.

Determine, with reasons, the size of:",stem,EUCL,,signature,high,with_reasons,path_a,False,,,,,,,,,,,,,,,
2014,2014_nov_p2_exam_maths,P2,8.0,8.2.1,,"F, (2)

Ae: ABC (2)

Copyright reserved Please turn over

===== Page 10 =====
Mathematics/P2 10 DBE/November 2014
NSC",missing_marks,,,unmapped,,,path_a,False,,,,,,,,,,,,,,,
2014,2014_nov_p2_exam_maths,P2,8.0,8.3,,"In the diagram, AB and AE are tangents to the circle at B and E respectively.
BC is a diameter of the circle. AC = 13, AE=x and BC=x+7.
A
x
oS E
a)
|",stem,CALC,,signature,high,tangent_gradient,path_a,False,,,,,,,,,,,,,,,
2014,2014_nov_p2_exam_maths,P2,8.0,8.3.1,,"Give reasons for the statements below.
Complete the table on DIAGRAM SHEET 3.
[sence [te",missing_marks,EUCL,,lexicon,medium,,path_a,False,,,,,,,,,,,,,,,
2014,2014_nov_p2_exam_maths,P2,8.0,8.3.2,,"Calculate the length of AB. (4)
[14]
Copyright reserved Please turn over

===== Page 11 =====
Mathematics/P2 1] DBE/November 2014
NSC",missing_marks,FUNC,,signature,medium,nsc_length,path_a,False,,,,,,,,,,,,,,,
2014,2014_nov_p2_exam_maths,P2,8.0,8.1,,"A
48°
@
. ]
Cc LZ }
1
oS
Copyright reserved

===== Page 17 =====
Mathematics/P2 DBE/November 2014
NSC
DIAGRAM SHEET 3",missing_marks,,,unmapped,,,path_a,False,,,,,,,,,,,,,,,
2014,2014_nov_p2_exam_maths,P2,8.0,8.2,,"A
NF”",missing_marks,,,unmapped,,,path_a,False,,,,,,,,,,,,,,,
2014,2014_nov_p2_exam_maths,P2,8.0,8.3,,"A x
— E
a |
|
CS
Copyright reserved

===== Page 18 =====
Mathematics/P2 DBE/November 2014
. NSC
DIAGRAM SHEET 4",missing_marks,,,unmapped,,,path_a,False,,,,,,,,,,,,,,,
2014,2014_nov_p1_exam_maths,P1,9.0,9.1,4.0,"Calculate the coordinates of the turning points of the graph of (6)
92 Sketch the graph of f, clearly indicating the intercepts with the axes and the
turning points.",ok,CALC,,struct,medium,STRUCT_CALC,path_a,False,,,,,,,,,,,,,,,
2014,2014_nov_p1_exam_maths,P1,9.0,9.3,13.0,For which value(s) of x will x. f/(x) <0? (3),ok,ALG,,struct,medium,STRUCT_ALG,path_a,False,,,,,,,,,,,,,,,
2014,2014_nov_p2_exam_maths,P2,9.0,9.122,,"Given below is the partially completed proof of the theorem that states
that ifin any AABC the line DE|| BC then Ae = Ag
DB EC
Using the above diagram, complete the proof of the theorem on
DIAGRAM SHEET 4.
Construction: Construct the altitudes (heights) # and k in AADE.
(ADM
areaAADE_ 92 _
area ADEB (pyn)
2
area AADE _ _ AE
aan Re siusmusmaasnis Se
But area ADEB = ....,....ccsesscsserreceranees (TESROKE u.nicuasimcnamauamed
_ area AADE _
Sr
_ AD _ AE
DB EC
(5)
Copyright reserved Please turn over

===== Page 12 =====
Mathematics/P2 12 DBE/November 2014
NSC",missing_marks,TRIG,,lexicon,medium,,path_a,False,,,,,,,,,,,,,,,
2014,2014_nov_p2_exam_maths,P2,9.0,9.2,,"In the diagram, ABCD is a parallelogram. The diagonals of ABCD intersect in M.
F isa point on AD such that AF : FD = 4:3. E isa point on AM such that
EF || BD. FC and MD intersect in G.
VX
B &
Calculate, giving reasons, the ratio of:
EM
CM
022 VE (3)
923 area AFDC
~ area ABDC (4)
[16]
Copyright reserved Please turn over

===== Page 13 =====
Mathematics/P2 13 DBE/November 2014
NSC",missing_marks,FUNC,,signature,high,nsc_log_graph,path_a,False,,,,,,,,,,,,,,,
2014,2014_nov_p2_exam_maths,P2,9.0,9.1,,"A
< :
aN
C",stem,,,unmapped,,,path_a,False,,,,,,,,,,,,,,,
2014,2014_nov_p2_exam_maths,P2,9.0,9.1.2,,"Construction: Construct the altitudes (heights) h and k in AADE.
1
area AADE _ 5 ADKA) _
area ADEB ae 1 — wee eeeee
—(BDXh
“(BD\i)
area AADE _ _ AE
area ALEC een agree ""5
. Biiarea ADEE smsccsmusssmeenaen
(reason: setsesenaeesensestsnessessensssensessusseaescenesacensensnaseasaseasensenenscsssesasecseesssessusacssessasssccassesetsesssesees)
_ area AADE |
""rea ADEB et
_ AD _AE
DB EC
Copyright reserved

===== Page 19 =====
Mathematics/P2 DBE/November 2014
NSC
DIAGRAM SHEET 5",missing_marks,TRIG,,lexicon,medium,,path_a,False,,,,,,,,,,,,,,,
2014,2014_nov_p2_exam_maths,P2,9.0,9.2,,"A FE D
Woe
Copyright reserved

===== Page 20 =====
Mathematics/P2 DBE/November 2014
NSC
DIAGRAM SHEET 6",missing_marks,,,unmapped,,,path_a,False,,,,,,,,,,,,,,,
2014,2014_nov_p1_exam_maths,P1,10.0,10.1,1.0,Express the length / in terms of the height A.,ok,SEQ,,lexicon,medium,,path_a,False,,,,,,,,,,,,,,,
2014,2014_nov_p1_exam_maths,P1,10.0,10.2,3.0,Hence prove that the volume of the box is given by V = h(50—h)(40 —2h),ok,EUCL,,struct,medium,STRUCT_EUCL,path_a,False,,,,,,,,,,,,,,,
2014,2014_nov_p1_exam_maths,P1,10.0,10.3,,"For which value of / will the volume of the box be a maximum? (5)
[9]
Copyright reserved Please turn over

===== Page 10 =====
Mathematics/P 1 10 DBE/November 2014
NSC",missing_marks,CALC,,signature,medium,nsc_maximum,path_a,False,,,,,,,,,,,,,,,
2014,2014_nov_p2_exam_maths,P2,10.0,10.1,,"Give reasons for the statements below.

Complete the table on DIAGRAM SHEET 6.

LetR, =x and R, =y

| | Statement [| CReason id

10,1,5 | ‘L=

posfiey To

Copyright reserved Please turn over

===== Page 14 =====
Mathematics/P2 14 DBE/November 2014
NSC",missing_marks,EUCL,,lexicon,medium,,path_a,False,,,,,,,,,,,,,,,
2014,2014_nov_p2_exam_maths,P2,10.0,10.2,,"Prove that RT = Were (2)
RS",missing_marks,EUCL,,struct,medium,STRUCT_EUCL,path_a,False,,,,,,,,,,,,,,,
2014,2014_nov_p2_exam_maths,P2,10.0,10.3,4.0,"Identify, with reasons, another TWO angles equal to y.",ok,EUCL,,signature,high,with_reasons,path_a,False,,,,,,,,,,,,,,,
2014,2014_nov_p2_exam_maths,P2,10.0,10.4,3.0,"Prove that Q, = W,. (3)
~ 10.5 Prove that ARTS || | ARQP.",ok,EUCL,,struct,medium,STRUCT_EUCL,path_a,False,,,,,,,,,,,,,,,
2014,2014_nov_p2_exam_maths,P2,10.0,10.6,,"Hence, prove that WR = il .
RQ RP’ (3)
[20]
TOTAL: 150
Copyright reserved

===== Page 15 =====
- Mathematics/P2 DBE/November 2014
NSC
DIAGRAM SHEET 1",missing_marks,EUCL,,struct,medium,STRUCT_EUCL,path_a,False,,,,,,,,,,,,,,,
2014,2014_nov_p2_exam_maths,P2,10.0,10,,"QUESTION 10
a, |
| >
X
| Q
NAN
a
¥
LetR, =x and R, =y
| | Statement [ CReason
Copyright reserved

===== Page 21 =====
Mathematics/P2 DBE/November 2014
NSC
INFORMATION SHEET
—_ —b+vVb2 —4ac
2a
A= P(1+ni) A= P(1-ni) A= P(1-i)’ A=P(i+i)""
T, =a+(n-l)d S, = 5 Ra+(-na]
T, =ar"""" S _ alr"" -1) sf #1 S,=—<“; -l<r<l
: r-l l-r
+a -1] pst G+"" |
i i
h>0 h
5 X, +x. +y
d= (x, -x%) +0, —y,) M ut Mier ed Ee
2 2
y=mx+e y-y, =mM(x-x,) ee mea) m=tan@
in Bape 8 ee i,
sinA sinB sinC
a’ =b> +c? —2be.cosA
area AABC = 5 absinc
sin(a + B) = sina.cos#+cosa.sinB sin(a ~ B) =sina.cosB —cosa.sinB
cosa + B) =cos@.cos#—sina.sinB cosa - B) =cosa@.cos#+sina.sin 2
cos’ a—sin’ a
cos2@ =41—2sin’ a sin2a = 2sina.cosa
2cos* a-l
y= oo =
n nh
n( A)
P(A)= P(A or B) = P(A) + P(B) — P(A and B)
n(S)
x-x\Xy-y
yp=atbx p= Le —KY-9) Ky=¥)
Di e-xY
Copyright reserved",no_sub_markers,ALG,,struct,medium,STRUCT_ALG,path_a,False,,,,,,,,,,,,,,,
2014,2014_nov_p1_exam_maths,P1,11.0,11.1,1.0,"Determine the probability that a randomly selected staff member:
11,11 Is male",stem,PROB,,signature,medium,nsc_probability,path_a,False,,,,,,,,,,,,,,,
2014,2014_nov_p1_exam_maths,P1,11.0,11.1.2,7.0,"Does not prefer visiting a game park (2)
E12 Are the events 'being a male' and 'staying at home' independent events. Motivate your
answer with relevant calculations. (4)",ok,PROB,,signature,high,nsc_independent,path_a,False,,,,,,,,,,,,,,,
2014,2014_nov_p1_exam_maths,P1,12.0,12.1.2,,"The password must start with a 'D' and end with an 'L' (2)
122 Seven cars of different manufacturers, of which 3 are silver, are to be parked in a
, straight line.",missing_marks,PROB,,lexicon,medium,,path_a,False,,,,,,,,,,,,,,,
2014,2014_nov_p1_exam_maths,P1,12.0,12.2.1,,"In how many different ways can ALL the cars be parked? (2)
22 If the three silver cars must be parked next to each other, determine in
how many different ways the cars can be parked. (3)
[9]
TOTAL: 150
Copyright reserved

===== Page 11 =====
, Mathematics/P 1 DBE/November 2014
NSC
INFORMATION SHEET
es —b+Vb? —4ac
2a
A= P(1+ni) A= P(\-ni) A=P(1-i)"" A= P(1+i)""
T, =a+(n-1)d S, = SRa+(n-d]
T, =ar""' S _ alr” 1) ee a es
& r—-] l—F
+a"" 1] p24""
i i
h>0 h
> X, +X, VW +y
d= (x, -x) +0, -y,) M| ——?*;-+ 4
2 2
y=mx+c y-y, =mMx-x,) m=22—71 m=tand
se |
inaspe; 2-2.
sinA sinB sinC
a =b> +c? —2be.cosA
area AABC = sabsin€
sin(a + #) = sina.cosf + cosa.sinB sin(a —B)=sina.cosB —cosa.sinB
. costar + B) =cosa@.cos # —sina.sin B cola - B) =cosa@.cos#+sina.sin#
cos’ a-sin’ a
cos2a@ =41-2sin’ a sin2a = 2sina.cosa
2cos* a—1
x= ot oo? =e
n n
n( A)
P(A) = P(A or B) = P(A) + P(B) — P(A and B)
nS)
“ x—xKy-y
y=atbx pa de Ky-¥)
5
Copyright reserved",missing_marks,ALG,,struct,medium,STRUCT_ALG,path_a,False,,,,,,,,,,,,,,,
2015,2015_nov_p1_exam_maths,P1,1.0,1.1,3.0,"Solve for x:
LL x” -9x+20=0",stem,ALG,,signature,high,nsc_solve_x,path_a,False,,,,,,,,,,,,,,,
2015,2015_nov_p1_exam_maths,P1,1.0,1.1.2,,"3x° +5x=4 (correct to TWO decimal places) (4)
=>",missing_marks,,,unmapped,,,path_a,False,,,,,,,,,,,,,,,
2015,2015_nov_p1_exam_maths,P1,1.0,1.1.3,4.0,24° =64,ok,,,unmapped,,,path_a,False,,,,,,,,,,,,,,,
2015,2015_nov_p1_exam_maths,P1,1.0,1.1.4,4.0,V2-x=x-2,ok,,,unmapped,,,path_a,False,,,,,,,,,,,,,,,
2015,2015_nov_p1_exam_maths,P1,1.0,1.1.5,3.0,x°+7x<0,ok,ALG,,struct,medium,STRUCT_ALG,path_a,False,,,,,,,,,,,,,,,
2015,2015_nov_p1_exam_maths,P1,1.0,1.2,,"Given: (3x- y) +(x-5) =0
Solve for x and y. (4)
L3 For which value of k will the equation x° +x=k have no real roots? (4)
[26]",missing_marks,ALG,,signature,high,nsc_solve_x,path_a,False,,,,,,,,,,,,,,,
2015,2015_nov_p2_exam_maths,P2,1.0,1.22,1.0,"Draw the least squares regression line on the scatter plot drawn
for QUESTION 1.1. (2)
L3 Identify an outlier in the data set.",ok,STAT,,signature,high,regression,path_a,False,,,,,,,,,,,,,,,
2015,2015_nov_p2_exam_maths,P2,1.0,1.4,2.0,Calculate the value of the correlation coefficient.,ok,STAT,,signature,high,correlation,path_a,False,,,,,,,,,,,,,,,
2015,2015_nov_p2_exam_maths,P2,1.0,1.5,,"Comment on the strength of the relationship between the fat content and the number
of kilojoules of energy. (1)
[11]
Copyright reserved Please turn over

===== Page 4 =====
Mathematics/P2 4 DBE/November 2015
NSC",missing_marks,SEQ,,signature,high,nsc_term_to_term,path_a,False,,,,,,,,,,,,,,,
2015,2015_nov_p1_exam_maths,P1,2.0,2.4,,"Determine S,,—S, inthe form ab”, where S, is the sum of the first 1 terms of
the sequence. (4)
[10]
Copyright reserved Please turn over

===== Page 4 =====
Mathematics/P 1 4 DBE/November 2015
NSC",missing_marks,SEQ,,lexicon,medium,,path_a,False,,,,,,,,,,,,,,,
2015,2015_nov_p2_exam_maths,P2,2.0,2.4,,"Determine the number of times that the sum of the recorded values of the dice is
within ONE standard deviation from the mean. Show your calculations. (3)
[9]
Copyright reserved Please turn over

===== Page 5 =====
Mathematics/P2 5 DBE/November 2015
NSC",missing_marks,STAT,,signature,high,standard_dev,path_a,False,,,,,,,,,,,,,,,
2015,2015_nov_p1_exam_maths,P1,3.0,3.2,2.0,"Write S, in sigma notation.",ok,SEQ,,struct,high,STRUCT_SEQ,path_a,False,,,,,,,,,,,,,,,
2015,2015_nov_p1_exam_maths,P1,3.0,3.3,3.0,"Show that S|, =4n* -7n.",ok,,,unmapped,,,path_a,False,,,,,,,,,,,,,,,
2015,2015_nov_p1_exam_maths,P1,3.0,3.4,,"Another sequence is defined as:
Q, =-6
Os =-H-3
Q, =-6-3+5
Q, =-6-34+5+13
Q, =-6-34+5413+21",stem,SEQ,,lexicon,medium,,path_a,False,,,,,,,,,,,,,,,
2015,2015_nov_p1_exam_maths,P1,3.0,3.4.1,2.0,"Write down a numerical expression for Q,.",ok,,,unmapped,,,path_a,False,,,,,,,,,,,,,,,
2015,2015_nov_p1_exam_maths,P1,3.0,3.4.2,12.0,"Calculate the value of Q,,.. (3)",ok,,,unmapped,,,path_a,False,,,,,,,,,,,,,,,
2015,2015_nov_p2_exam_maths,P2,3.0,3.1,2.0,"The gradient of PQ (2)
cme The equation of MN in the form y= mx +c and give reasons (4)
ad The length of MN",ok,AGEO,,signature,high,gradient,path_a,False,,,,,,,,,,,,,,,
2015,2015_nov_p2_exam_maths,P2,3.0,3.4,1.0,The length of RS,ok,EUCL,,lexicon,medium,,path_a,False,,,,,,,,,,,,,,,
2015,2015_nov_p2_exam_maths,P2,3.0,3.5,3.0,"The coordinates of S such that PQRS, in this order, is a parallelogram",ok,FUNC,,signature,high,nsc_log_graph,path_a,False,,,,,,,,,,,,,,,
2015,2015_nov_p2_exam_maths,P2,3.0,3.6,,"The coordinates of P (6)

[18]

Copyright reserved Please turn over

===== Page 6 =====
Mathematics/P2 6 DBE/November 2015
NSC",missing_marks,,,unmapped,,,path_a,False,,,,,,,,,,,,,,,
2015,2015_nov_p1_exam_maths,P1,4.0,4.1,1.0,Write down the equation of the asymptote of f-,ok,FUNC,,signature,high,asymptotes,path_a,False,,,,,,,,,,,,,,,
2015,2015_nov_p1_exam_maths,P1,4.0,4.2,4.0,"Sketch the graph of f Clearly indicate ALL intercepts with the axes as well as the
asymptote.",ok,FUNC,,signature,high,asymptotes,path_a,False,,,,,,,,,,,,,,,
2015,2015_nov_p1_exam_maths,P1,4.0,4.3,,"The graph of g is obtained by reflecting the graph of f in the y-axis. Write down
the equation of g. (1)
[6]
Copyright reserved Please turn over

===== Page 5 =====
Mathematics/P 1 5 DBE/November 2015
NSC",missing_marks,FUNC,,lexicon,medium,,path_a,False,,,,,,,,,,,,,,,
2015,2015_nov_p2_exam_maths,P2,4.0,4.1,3.0,Determine the equation of the circle in the form (x—a)? +(y—b)* =r’.,ok,AGEO,,signature,high,circle_equation,path_a,False,,,,,,,,,,,,,,,
2015,2015_nov_p2_exam_maths,P2,4.0,4.2,3.0,Calculate the coordinates of S.,ok,,,unmapped,,,path_a,False,,,,,,,,,,,,,,,
2015,2015_nov_p2_exam_maths,P2,4.0,4.3,4.0,Determine the equation of the tangent APB inthe form y=mx+c.,ok,CALC,,signature,high,tangent_gradient,path_a,False,,,,,,,,,,,,,,,
2015,2015_nov_p2_exam_maths,P2,4.0,4.4,2.0,Calculate the size of a.,ok,,,unmapped,,,path_a,False,,,,,,,,,,,,,,,
2015,2015_nov_p2_exam_maths,P2,4.0,4.5,4.0,"Calculate, with reasons, the size of 8.",ok,EUCL,,signature,high,with_reasons,path_a,False,,,,,,,,,,,,,,,
2015,2015_nov_p2_exam_maths,P2,4.0,4.6,,"Calculate the area of APQS. (4)

[20]

Copyright reserved Please turn over

===== Page 7 =====
Mathematics/P2 (aan DBE/November 2015
NSC",missing_marks,TRIG,,lexicon,medium,,path_a,False,,,,,,,,,,,,,,,
2015,2015_nov_p1_exam_maths,P1,5.0,5.1,2.0,Determine the coordinates of Q.,ok,FUNC,,lexicon,medium,,path_a,False,,,,,,,,,,,,,,,
2015,2015_nov_p1_exam_maths,P1,5.0,5.2,3.0,Write down the domain of h''.,ok,FUNC,,signature,high,nsc_domain,path_a,False,,,,,,,,,,,,,,,
2015,2015_nov_p1_exam_maths,P1,5.0,5.3,3.0,"Sketch the graph of /7' in your ANSWER BOOK, clearly indicating the y-intercept
and the end points.",ok,,,unmapped,,,path_a,False,,,,,,,,,,,,,,,
2015,2015_nov_p1_exam_maths,P1,5.0,5.4,5.0,"For which value(s) of x will h(x)=h""'(x)? (3)
5:5 P(x ; y) is the point on the graph of / that is closest to the origin. Calculate the
distance OP.",ok,AGEO,,signature,high,distance,path_a,False,,,,,,,,,,,,,,,
2015,2015_nov_p1_exam_maths,P1,5.0,5.6,,"Given: h(x)= f""(x) where f is a function defined for -2<x<4.",stem,,,unmapped,,,path_a,False,,,,,,,,,,,,,,,
2015,2015_nov_p1_exam_maths,P1,5.0,5.6.1,,"Explain why / has a local minimum. (2)
36,2 Write down the value of the maximum gradient of the tangent to the
graph of 7. (1)
[19]
Copyright reserved Please turn over

===== Page 6 =====
Mathematics/P 1 6 DBE/November 2015
NSC",missing_marks,CALC,,signature,high,tangent_gradient,path_a,False,,,,,,,,,,,,,,,
2015,2015_nov_p2_exam_maths,P2,5.0,5.1.3,6.0,"tan(—23°) (2)
SZ Simplify the following expression to a single trigonometric function:
4 cos(—x).cos(90° + x)
sin(30° — x).cos x + cos(30° — x).sin x",ok,TRIG,,lexicon,medium,,path_a,False,,,,,,,,,,,,,,,
2015,2015_nov_p2_exam_maths,P2,5.0,5.3,6.0,Determine the general solution of cos2x—7cosx—-3=0.,ok,TRIG,,signature,high,general_solution,path_a,False,,,,,,,,,,,,,,,
2015,2015_nov_p2_exam_maths,P2,5.0,5.4,,"Given that sin@ = ; , calculate the numerical value of sin30, WITHOUT using
a calculator. (5)
[24]
Copyright reserved Please turn over

===== Page 8 =====
Mathematics/P2 8 DBE/November 2015
NSC",missing_marks,TRIG,,lexicon,medium,,path_a,False,,,,,,,,,,,,,,,
2015,2015_nov_p1_exam_maths,P1,6.0,6.1,1.0,"The graphs of f(x)=-2x?+18 and g(x)=ax’?+bx+c are sketched below.
Points P and Q are the x-intercepts of £ Points Q and R are the x-intercepts
of g. S is the turning point of g. T is the y-intercept of both f and g.
J
oh
f
x
P 0 R
S
GAs) Write down the coordinates of T.",stem,FUNC,,signature,medium,nsc_graph_interp,path_a,False,,,,,,,,,,,,,,,
2015,2015_nov_p1_exam_maths,P1,6.0,6.12,3.0,Determine the coordinates of Q.,ok,FUNC,,lexicon,medium,,path_a,False,,,,,,,,,,,,,,,
2015,2015_nov_p1_exam_maths,P1,6.0,6.1.3,2.0,"Given that x = 4,5 at S, determine the coordinates of R.",ok,FUNC,,lexicon,medium,,path_a,False,,,,,,,,,,,,,,,
2015,2015_nov_p1_exam_maths,P1,6.0,6.1.4,2.0,Determine the value(s) of x for which g”(x)>0.,ok,ALG,,struct,medium,STRUCT_ALG,path_a,False,,,,,,,,,,,,,,,
2015,2015_nov_p1_exam_maths,P1,6.0,6.2,,"The function defined as_y =“? + q_has the following properties:
x+p
e The domainis xe R, x #-2.
° y=x+6 isan axis of symmetry.
° The function is increasing for all x € R, x + -2.
Draw a neat sketch graph of this function. Your sketch must include the asymptotes,
if any. (4)
[12]
Copyright reserved Please turn over

===== Page 7 =====
Mathematics/P 1 7 DBE/November 2015
NSC",missing_marks,FUNC,,signature,high,asymptotes,path_a,False,,,,,,,,,,,,,,,
2015,2015_nov_p2_exam_maths,P2,6.0,6.1,4.0,Determine the values of p and q.,ok,,,unmapped,,,path_a,False,,,,,,,,,,,,,,,
2015,2015_nov_p2_exam_maths,P2,6.0,6.2,2.0,Determine the values of x in the interval —240° <x < 240° for which f(x) > g(x).,ok,,,unmapped,,,path_a,False,,,,,,,,,,,,,,,
2015,2015_nov_p2_exam_maths,P2,6.0,6.3,,"Describe a transformation that the graph of g has to undergo to form the graph of A,

where h(x) =—cosx. (2)

[8]

Copyright reserved Please turn over

===== Page 9 =====
Mathematics/P2 9 DBE/November 2015
NSC",missing_marks,TRIG,,lexicon,medium,,path_a,False,,,,,,,,,,,,,,,
2015,2015_nov_p1_exam_maths,P1,7.0,7.1,3.0,"How much did Joe pay for the vehicle? (1)
Ted Use the reducing-balance method to calculate the percentage annual rate of
depreciation of the vehicle that Joe bought. (4)
73 If the average rate of the price increase of the vehicle is 8,1% p.a., calculate the value
of a.",ok,FIN,,signature,high,nsc_depreciat,path_a,False,,,,,,,,,,,,,,,
2015,2015_nov_p1_exam_maths,P1,7.0,7.4,,"A vehicle that costs R450 000 now, is to be replaced at the end of 4 years. The old
vehicle will be used as a trade-in. A sinking fund is created to cover the replacement
cost of this vehicle. Payments will be made at the end of each month. The first
payment will be made at the end of the 13"" month and the last payment will be made
at the end of the 48"" month. The sinking fund earns interest at a rate of 6,2% p.a.,
compounded monthly.
Calculate the monthly payment to the fund. (3)
[13]
Copyright reserved Please turn over

===== Page 8 =====
Mathematics/P1 8 DBE/November 2015
NSC",missing_marks,FIN,,signature,high,nsc_compound,path_a,False,,,,,,,,,,,,,,,
2015,2015_nov_p2_exam_maths,P2,7.0,7.1,,"Determine an expression for CAD in terms of @ (1)
fe Prove that cos@ =—~—. (4)
x+3",missing_marks,EUCL,,struct,medium,STRUCT_EUCL,path_a,False,,,,,,,,,,,,,,,
2015,2015_nov_p2_exam_maths,P2,7.0,7.3,,"If it is given that x = 2, calculate AB, the height of the piece of wood. (5)
[10]
Copyright reserved Please turn over

===== Page 10 =====
Mathematics/P2 10 DBE/November 2015
NSC
Give reasons for ALL statements in QUESTIONS 8, 9, 10 and 11.",missing_marks,EUCL,,lexicon,medium,,path_a,False,,,,,,,,,,,,,,,
2015,2015_nov_p1_exam_maths,P1,8.0,8.1,,"If f(x) =x° —3x, determine f(x) from first principles. )",missing_marks,CALC,,signature,high,nsc_first_principles,path_a,False,,,,,,,,,,,,,,,
2015,2015_nov_p1_exam_maths,P1,8.0,8.2,11.0,"Determine:
a5.1 Y i y= [+ -5) (3)
dx x""
x -1
(3)",ok,,,unmapped,,,path_a,False,,,,,,,,,,,,,,,
2015,2015_nov_p2_exam_maths,P2,8.0,8.1,,"Inthe diagram below, cyclic quadrilateral ABCD is drawn in the circle with centre O.
A a
(5 |
Cc",stem,EUCL,,signature,high,cyclic_quad,path_a,False,,,,,,,,,,,,,,,
2015,2015_nov_p2_exam_maths,P2,8.0,8.1.1,1.0,"Complete the following statement:
The angle subtended by a chord at the centre of a circle is ... the angle subtended
by the same chord at the circumference of the circle.",ok,AGEO,,signature,high,circle_equation,path_a,False,,,,,,,,,,,,,,,
2015,2015_nov_p2_exam_maths,P2,8.0,8.1.2,,"Use QUESTION 8.1.1 to prove that A+C =180°. (3)
Copyright reserved Please turn over

===== Page 11 =====
Mathematics/P2 1] DBE/November 2015
NSC",missing_marks,EUCL,,struct,medium,STRUCT_EUCL,path_a,False,,,,,,,,,,,,,,,
2015,2015_nov_p2_exam_maths,P2,8.0,8.2,,"In the diagram below, CD is a common chord of the two circles. Straight lines ADE
and BCF are drawn. Chords AB and EF are drawn.
B XY
A iN
RK.
D )
E
Prove that EF || AB. (5)
[9]
Copyright reserved Please turn over

===== Page 12 =====
Mathematics/P2 12 DBE/November 2015
NSC",missing_marks,AGEO,,signature,high,circle_equation,path_a,False,,,,,,,,,,,,,,,
2015,2015_nov_p1_exam_maths,P1,9.0,9.1,5.0,Show that a= 5 and b=6.,ok,,,unmapped,,,path_a,False,,,,,,,,,,,,,,,
2015,2015_nov_p1_exam_maths,P1,9.0,9.2,4.0,"Calculate the average gradient of h between P and Q, if it is given that
x=-latP.",ok,AGEO,,signature,high,gradient,path_a,False,,,,,,,,,,,,,,,
2015,2015_nov_p1_exam_maths,P1,9.0,9.3,3.0,Show that the concavity of h changes at x= >,ok,,,unmapped,,,path_a,False,,,,,,,,,,,,,,,
2015,2015_nov_p1_exam_maths,P1,9.0,9.4,,"Explain the significance of the change in QUESTION 9.3 with respect to A. (1)
95 Determine the value of x, given x <0, at which the tangent to h is parallel to g. (4)
[17]
Copyright reserved Please turn over

===== Page 9 =====
Mathematics/P 1 9 DBE/November 2015
NSC",missing_marks,CALC,,signature,high,tangent_gradient,path_a,False,,,,,,,,,,,,,,,
2015,2015_nov_p2_exam_maths,P2,9.0,9.1,2.0,"Prove that K 3 =X. (4)
2 Prove that AKBT is acyclic quadrilateral.",ok,EUCL,,signature,high,cyclic_quad,path_a,False,,,,,,,,,,,,,,,
2015,2015_nov_p2_exam_maths,P2,9.0,9.3,4.0,Prove that TK bisects AKB.,ok,EUCL,,struct,medium,STRUCT_EUCL,path_a,False,,,,,,,,,,,,,,,
2015,2015_nov_p2_exam_maths,P2,9.0,9.4,2.0,"Prove that TA is a tangent to the circle passing through the points A, K and H.",ok,CALC,,signature,high,tangent_gradient,path_a,False,,,,,,,,,,,,,,,
2015,2015_nov_p2_exam_maths,P2,9.0,9.5,,"S is a point in the circle such that the points A, S, K and B are concyclic.
Explain why A, S, B and T are also concyclic. (2)
[14]
Copyright reserved Please turn over

===== Page 13 =====
Mathematics/P2 13 DBE/November 2015
NSC",missing_marks,EUCL,,signature,high,cyclic_quad,path_a,False,,,,,,,,,,,,,,,
2015,2015_nov_p1_exam_maths,P1,10.0,10.1,2.0,Determine r in terms of 4. Leave your answer in surd form.,ok,SEQ,,lexicon,medium,,path_a,False,,,,,,,,,,,,,,,
2015,2015_nov_p1_exam_maths,P1,10.0,10.2,,"Determine the derivative of the volume of water with respect to 4 when / is equal
to 9cm. (5)
[7]
Copyright reserved Please turn over

===== Page 10 =====
Mathematics/P1 10 DBE/November 2015
NSC",missing_marks,,,unmapped,,,path_a,False,,,,,,,,,,,,,,,
2015,2015_nov_p2_exam_maths,P2,10.0,10.1,3.0,"Calculate, with reasons, the length of DC.",ok,EUCL,,signature,high,with_reasons,path_a,False,,,,,,,,,,,,,,,
2015,2015_nov_p2_exam_maths,P2,10.0,10.2,3.0,"E isa pointon BC such that BE: EC =3: 1. EF is parallel to BD with
F on DC.
2A Calculate, with reasons, the length of CF.",stem,EUCL,,signature,high,with_reasons,path_a,False,,,,,,,,,,,,,,,
2015,2015_nov_p2_exam_maths,P2,10.0,10.2.2,5.0,Prove that ABAC || | AFEC.,ok,EUCL,,struct,medium,STRUCT_EUCL,path_a,False,,,,,,,,,,,,,,,
2015,2015_nov_p2_exam_maths,P2,10.0,10.2.3,4.0,Calculate the length of AC.,ok,FUNC,,signature,medium,nsc_length,path_a,False,,,,,,,,,,,,,,,
2015,2015_nov_p2_exam_maths,P2,10.0,10.2.4,,"Write down, giving reasons, the radius of the circle passing through points
A, B and C. (2)
[17]
Copyright reserved Please turn over

===== Page 14 =====
Mathematics/P2 14 DBE/November 2015
NSC",missing_marks,AGEO,,signature,high,circle_equation,path_a,False,,,,,,,,,,,,,,,
2015,2015_nov_p1_exam_maths,P1,11.0,11.1,,"For two events, A and B, it is given that:
P(A) = 0,2
P(B) = 0,63
P(A and B) = 0,126
Are the events, A and B, independent? Justify your answer with appropriate
calculations. (3)
ae The letters of the word DECIMAL are randomly arranged into a new ‘word', also
consisting of seven letters. How many different arrangements are possible if:",missing_marks,PROB,,signature,high,nsc_independent,path_a,False,,,,,,,,,,,,,,,
2015,2015_nov_p1_exam_maths,P1,11.0,11.2.1,2.0,Letters may be repeated,ok,,,unmapped,,,path_a,False,,,,,,,,,,,,,,,
2015,2015_nov_p1_exam_maths,P1,11.0,11.2.2,4.0,"Letters may not be repeated (2)
Li233 The arrangements must start with a vowel and end in a consonant and no
repetition of letters is allowed",ok,PROB,,signature,high,nsc_no_repeat,path_a,False,,,,,,,,,,,,,,,
2015,2015_nov_p1_exam_maths,P1,11.0,11.3,,"There are ¢ orange balls and 2 yellow balls in a bag. Craig randomly selects one ball
from the bag, records his choice and returns the ball to the bag. He then randomly
selects a second ball from the bag, records his choice and returns it to bag. It is known
that the probability that Craig will select two balls of the same colour from the bag
is 52%.
Calculate how many orange balls are in the bag. (6)
[17]
TOTAL: 150
Copyright reserved

===== Page 11 =====
Mathematics/P 1 DBE/November 2015
NSC
INFORMATION SHEET
_ —~b+ Vb? —4ac
2a
A=P(1+ni) A= P(1—ni) A=P(1-i)” A= P(1+i)”
T, =a+(n-l)d S, =F a+ (n—1d]
T. =ar"""" S _ alr” -1) opel S,=—-3-ler<l
mn r—-] l-r
r+ -1] pa l-0+i""|
7 i
h>0 h
a. oe 7 X,+xX, yt+y
Z 2
y=mxt+e y-y, =mM(x-x,) m=22—*1 m=tan@
a i |
(ea)? +(y-a) =r?
snA sinB sinC
a’ =b? +c? —2be.cosA
area AABC = sabsinC
sin(a + B) = sina.cos# + cosa.sinB sin(a —B)=sina.cosB —cosa.sinB
cota + B) =cosa@.cos#—sina.sin B cosa ~ B) =cosa@.cos#+sina.sin B
cos’ asin’ a
cos2@ =41—2sin’ a sin2a = 2sina.cosa
2cos’ a —1
x= go? = +1 __
n n
P(A) =——= P(A or B) = P(A) + P(B) — P(A and B)
n(S)
x-xKy-y
y=atbx b= Le-y-7)
D@-x)
Copyright reserved",missing_marks,PROB,,signature,medium,nsc_probability,path_a,False,,,,,,,,,,,,,,,
2015,2015_nov_p2_exam_maths,P2,11.0,11.1,,"Complete the following statement:
If the sides of two triangles are in the same proportion, then the triangles are ... (1)
LL.2 In the diagram below, K, M and N respectively are points on sides PQ, PR and
QR of APQR. KP = 1,5; PM = 2; KM = 2,5; MN =1; MR = 1,25 and
NR = 0,75.
Nig
1,5 Z
M
K 1,25
R
N 0,75
Q",missing_marks,EUCL,,lexicon,medium,,path_a,False,,,,,,,,,,,,,,,
2015,2015_nov_p2_exam_maths,P2,11.0,11.2.1,3.0,Prove that AKPM ||| ARNM.,ok,EUCL,,struct,medium,STRUCT_EUCL,path_a,False,,,,,,,,,,,,,,,
2015,2015_nov_p2_exam_maths,P2,11.0,11.2.2,,"Determine the length of NQ. (6)
[10]
TOTAL: 150
Copyright reserved

===== Page 15 =====
Mathematics/P2 DBE/November2015
NSC
INFORMATION SHEET
re —b+Vb2 —4ac
2a
A= P(l+ni) A= P(1-ni) A= P(1-i)” A= P(1+i)”
n
T, =a+(n-l)d S, = 5Pa+(n-1a]
T, =ar""""' 5 _ ar"" -1) ;rel S,=-—3-ler<
"" r-1 l-r
+a -1] p_xl-04"")
i i
h>0 h
x, +X y Ty
d= (x, ey"" +e M Soe ts
2 2
y=mxt+c y-y, =m(x-x,) m= 2 m=tan@d
a? ad |
(x-a)’ +(y-b) =r?
In AABC: _#. = —_ = —_
snA sinB~ sinC
a’ =? +7 —2bc.cos A
area AABC = 5abssinc
sin(a + B) = sina.cosf + cosa.sin B sin(a - B) = sina.cos# —cosa.sinB
cota + B) =cosa.cos#—sina.sinB coda _ B) =cosa@.cos#+sina.sinB
cos’ a@—sin’ a
cos2a@ =41-2sin’a@ sin2a@ = 2sina.cosa
2cos* a—1
x,-X
x= oe o = +L __
n n
nA) -
P(A) = a) P(A or B) = P(A) + P(B) — P(A and B)
n
. > (e-xXy-9)
yp=a+bx b= eS
Diez
Copyright reserved",missing_marks,ALG,,struct,medium,STRUCT_ALG,path_a,False,,,,,,,,,,,,,,,
2016,2016_nov_p1_exam_maths,P1,1.0,1.1,,Solve for x:,stem,ALG,,signature,high,nsc_solve_x,path_a,False,,,,,,,,,,,,,,,
2016,2016_nov_p1_exam_maths,P1,1.0,1.1.1,5.0,"x(x-—7)=0 (2)
Li2 x° —6x +2 =0 (correct to TWO decimal places) (3)
L153 vx-1+1l=x",ok,,,unmapped,,,path_a,False,,,,,,,,,,,,,,,
2016,2016_nov_p1_exam_maths,P1,1.0,1.1.4,,"3**° 3°? = 486 (4)
ld Given: f(x)=x?+3x-4",missing_marks,,,unmapped,,,path_a,False,,,,,,,,,,,,,,,
2016,2016_nov_p1_exam_maths,P1,1.0,1.2.1,2.0,"Solve for x if f(x)=0 (2)
Lee Solve for x if f(x)<0 (2)
L223 Determine the values of x for which f/(x) > 0",ok,ALG,,signature,high,nsc_solve_x,path_a,False,,,,,,,,,,,,,,,
2016,2016_nov_p1_exam_maths,P1,1.0,1.3,,"Solve for x and y: x=2y and x’ —Sxy=-24 (4)
[24]",missing_marks,ALG,,signature,high,nsc_solve_x,path_a,False,,,,,,,,,,,,,,,
2016,2016_nov_p2_exam_maths,P2,1.0,1.1,1.0,"Use the scatter plot to comment on the strength of the relationship between the
distance a shopper lived from the store and the average number of times she/he
shopped at the store in a week.",ok,SEQ,,signature,high,nsc_term_to_term,path_a,False,,,,,,,,,,,,,,,
2016,2016_nov_p2_exam_maths,P2,1.0,1.2,3.0,"Calculate the correlation coefficient of the data. (1)
153 Calculate the equation of the least squares regression line of the data.",ok,STAT,,signature,high,regression,path_a,False,,,,,,,,,,,,,,,
2016,2016_nov_p2_exam_maths,P2,1.0,1.4,,"Use your answer at QUESTION 1.3 to estimate the average number of times that a
shopper living 6 km from the supermarket will visit the store in a week. (2)
LS Sketch the least squares regression line on the scatter plot provided in the ANSWER
BOOK. (2)
[9]
Copyright reserved Please turn over

===== Page 4 =====
Mathematics/P2 4 DBE/November 2016
NSC",missing_marks,STAT,,signature,high,regression,path_a,False,,,,,,,,,,,,,,,
2016,2016_nov_p1_exam_maths,P1,2.0,2.1,3.0,"Write down the fourth term (T4) of the sequence. (1)
22 Calculate the number of terms in the sequence.",ok,SEQ,,lexicon,medium,,path_a,False,,,,,,,,,,,,,,,
2016,2016_nov_p1_exam_maths,P1,2.0,2.3,3.0,Calculate the sum of all the negative numbers in the sequence.,ok,SEQ,,lexicon,medium,,path_a,False,,,,,,,,,,,,,,,
2016,2016_nov_p1_exam_maths,P1,2.0,2.4,,"Consider the sequence: 5 ; 1 ; -3; ... ; -83 ; -87; ... ; 4187
Determine the number of terms in this sequence that will be exactly divisible by 5. (4)
[11]
Copyright reserved Please turn over

===== Page 4 =====
Mathematics/P | 4 DBE/November 2016
NSC",missing_marks,SEQ,,lexicon,medium,,path_a,False,,,,,,,,,,,,,,,
2016,2016_nov_p2_exam_maths,P2,2.0,2.2,2.0,"Calculate the range of the heights. (2)
235 Complete the cumulative frequency column in the table given in the ANSWER
BOOK.",ok,STAT,,lexicon,medium,,path_a,False,,,,,,,,,,,,,,,
2016,2016_nov_p2_exam_maths,P2,2.0,2.4,2.0,"Draw an ogive (cumulative frequency curve) to represent the data on the grid
provided in the ANSWER BOOK. (4)
ZS Eighty learners are less than x metres in height. Estimate x.",ok,STAT,,signature,high,ogive_reading,path_a,False,,,,,,,,,,,,,,,
2016,2016_nov_p2_exam_maths,P2,2.0,2.6,,"The person taking the measurements only had
a 1,5 m measuring tape available. In order to
compensate for the short measuring tape, he |
decided to mount the tape on a wall at a height Ls P
of 1 m above the ground. After recording the ""cei
measurements he discovered that the tape was |
mounted at 1,1 m above the ground instead of
1m. Distance above the ground
GROUND
How does this error influence the following:",stem,AGEO,,signature,high,distance,path_a,False,,,,,,,,,,,,,,,
2016,2016_nov_p2_exam_maths,P2,2.0,2.6.1,1.0,Mean of the data set,ok,STAT,,signature,medium,mean,path_a,False,,,,,,,,,,,,,,,
2016,2016_nov_p2_exam_maths,P2,2.0,2.6.2,,"Standard deviation of the data set (1)
[13]
Copyright reserved Please turn over

===== Page 5 =====
Mathematics/P2 5 DBE/November 2016
NSC",missing_marks,STAT,,signature,high,standard_dev,path_a,False,,,,,,,,,,,,,,,
2016,2016_nov_p1_exam_maths,P1,3.0,3.1.1,4.0,"Calculate the value(s) of x. (4)
che Be If x = 0, determine the position of the first term in the quadratic number
pattern for which the sum of the first n first differences will be greater
than 250.",ok,SEQ,,signature,high,nsc_first_difference,path_a,False,,,,,,,,,,,,,,,
2016,2016_nov_p1_exam_maths,P1,3.0,3.2,,"Rectangles of width 1 cm are drawn from the edge of a sheet of paper that is 30 cm
long such that there is a 1 cm gap between one rectangle and the next. The length of
the first rectangle is 21 cm and the length of each successive rectangle is 85% of the
length of the previous rectangle until there are rectangles drawn along the entire
length of AD. Each rectangle is coloured grey.
A B
|
30 cm
lcm t
dD iE i ae ee a ns weet Aa rte ob oa te xu eS ee ee Cc
21cm",stem,,,unmapped,,,path_a,False,,,,,,,,,,,,,,,
2016,2016_nov_p1_exam_maths,P1,3.0,3.2.1,3.0,"Calculate the length of the 10"" rectangle.",ok,FUNC,,signature,medium,nsc_length,path_a,False,,,,,,,,,,,,,,,
2016,2016_nov_p1_exam_maths,P1,3.0,3.22,,"Calculate the percentage of the paper that is coloured grey. (4)
[15]
Copyright reserved Please turn over

===== Page 5 =====
Mathematics/P 1 5 DBE/November 2016
NSC",missing_marks,,,unmapped,,,path_a,False,,,,,,,,,,,,,,,
2016,2016_nov_p2_exam_maths,P2,3.0,3.3,3.0,"Hence, calculate the value of p.",ok,,,unmapped,,,path_a,False,,,,,,,,,,,,,,,
2016,2016_nov_p2_exam_maths,P2,3.0,3.4,3.0,Calculate the length of DB.,ok,FUNC,,signature,medium,nsc_length,path_a,False,,,,,,,,,,,,,,,
2016,2016_nov_p2_exam_maths,P2,3.0,3.5,2.0,Calculate the size of @,ok,,,unmapped,,,path_a,False,,,,,,,,,,,,,,,
2016,2016_nov_p2_exam_maths,P2,3.0,3.6,3.0,"Calculate the size of OGB. (3)
A Determine the equation of the circle passing through points D, B and C in the form
(x-a)’ +(y—by =r’.",ok,AGEO,,signature,high,circle_equation,path_a,False,,,,,,,,,,,,,,,
2016,2016_nov_p2_exam_maths,P2,3.0,3.8,,"If AD is shifted so that ABCD becomes a square, will BC be a tangent to the
circle passing through points A, M and B, where M is now the intersection of the
diagonals of the square ABCD? Motivate your answer. (2)
[19]
Copyright reserved Please turn over

===== Page 6 =====
Mathematics/P2 6 DBE/November 2016
NSC",missing_marks,CALC,,signature,high,tangent_gradient,path_a,False,,,,,,,,,,,,,,,
2016,2016_nov_p1_exam_maths,P1,4.0,4.1,1.0,Write down the equation of the asymptote of A.,ok,FUNC,,signature,high,asymptotes,path_a,False,,,,,,,,,,,,,,,
2016,2016_nov_p1_exam_maths,P1,4.0,4.2,1.0,Determine the coordinates of R.,ok,FUNC,,lexicon,medium,,path_a,False,,,,,,,,,,,,,,,
2016,2016_nov_p1_exam_maths,P1,4.0,4.3,2.0,Calculate the value of a.,ok,,,unmapped,,,path_a,False,,,,,,,,,,,,,,,
2016,2016_nov_p1_exam_maths,P1,4.0,4.4,4.0,D isa point such that DQ || y-axis and DP || x-axis. Calculate the length of DP.,ok,FUNC,,signature,medium,nsc_length,path_a,False,,,,,,,,,,,,,,,
2016,2016_nov_p1_exam_maths,P1,4.0,4.5,,"Determine the values of & for which the equation A(x+2)+k=0 will have a root

that is less than —6. (3)
(11]

Copyright reserved Please turn over

===== Page 6 =====
Mathematics/P | 6 DBE/November 2016
NSC",missing_marks,,,unmapped,,,path_a,False,,,,,,,,,,,,,,,
2016,2016_nov_p2_exam_maths,P2,4.0,4.1,1.0,Give a reason why TSR =90°.,ok,EUCL,,lexicon,medium,,path_a,False,,,,,,,,,,,,,,,
2016,2016_nov_p2_exam_maths,P2,4.0,4.2,2.0,"Calculate the gradient of TS. (2)
43 Determine the equation of the line SR in the form y= mx +c. (3)
2
44 The equation of the circle above is (x —9)? + [y - 63) = 36.
4.4.] Calculate the length of TR in surd form.",ok,AGEO,,signature,high,gradient,path_a,False,,,,,,,,,,,,,,,
2016,2016_nov_p2_exam_maths,P2,4.0,4.4.2,3.0,Calculate the coordinates of R.,ok,,,unmapped,,,path_a,False,,,,,,,,,,,,,,,
2016,2016_nov_p2_exam_maths,P2,4.0,4.4.3,3.0,Calculate sinR.,ok,,,unmapped,,,path_a,False,,,,,,,,,,,,,,,
2016,2016_nov_p2_exam_maths,P2,4.0,4.4.4,3.0,Show that 6 = 12a — 29.,ok,,,unmapped,,,path_a,False,,,,,,,,,,,,,,,
2016,2016_nov_p2_exam_maths,P2,4.0,4.4.5,,"If TK =TR, calculate the coordinates of K. (6)
[23]
Copyright reserved Please turn over

===== Page 7 =====
Mathematics/P2 7 DBE/November 2016
NSC",missing_marks,,,unmapped,,,path_a,False,,,,,,,,,,,,,,,
2016,2016_nov_p1_exam_maths,P1,5.0,5.4,4.0,"Determine the equation of the vertical asymptote of the graph of A if
A(x) = g(x +4) (1)
a5 Determine the values of p and 1.",ok,FUNC,,signature,high,asymptotes,path_a,False,,,,,,,,,,,,,,,
2016,2016_nov_p1_exam_maths,P1,5.0,5.6,,"Write down the values of x for which f(x).g’(x)>0 (4)
[14]
Copyright reserved Please turn over

===== Page 7 =====
Mathematics/P | 7 DBE/November 2016
NSC",missing_marks,,,unmapped,,,path_a,False,,,,,,,,,,,,,,,
2016,2016_nov_p2_exam_maths,P2,5.0,5.2,,"Given: cos(A —B) =cosAcosB + sinAsinB
Use the formula for cos(A -B) to derive a formula for sin(A +B) (3)
/ 2
a3 Simplify es completely, given that 0°< A < 90°. (5)
cos(—A).cos(90° + A)
SA Given: cos 2B= = and 0°<B<90°
Determine, without using a calculator, the value of EACH of the following in its
simplest form:",missing_marks,TRIG,,lexicon,medium,,path_a,False,,,,,,,,,,,,,,,
2016,2016_nov_p2_exam_maths,P2,5.0,5.4.1,3.0,cosB,ok,,,unmapped,,,path_a,False,,,,,,,,,,,,,,,
2016,2016_nov_p2_exam_maths,P2,5.0,5.4.2,2.0,sinB,ok,TRIG,,lexicon,medium,,path_a,False,,,,,,,,,,,,,,,
2016,2016_nov_p2_exam_maths,P2,5.0,5.4.3,,"cos (B + 45°) (4)
[21]
Copyright reserved Please turn over

===== Page 8 =====
Mathematics/P2 8 DBE/November 2016
NSC",missing_marks,TRIG,,lexicon,medium,,path_a,False,,,,,,,,,,,,,,,
2016,2016_nov_p1_exam_maths,P1,6.0,6.1,4.0,"On the same set of axes, sketch the graphs of f and_ g, clearly showing ALL
intercepts with the axes.",ok,FUNC,,signature,medium,nsc_graph_interp,path_a,False,,,,,,,,,,,,,,,
2016,2016_nov_p1_exam_maths,P1,6.0,6.2,2.0,"Write down the equation of g' (x), the inverse of g, inthe form y=...",ok,FUNC,,signature,high,nsc_inverse,path_a,False,,,,,,,,,,,,,,,
2016,2016_nov_p1_exam_maths,P1,6.0,6.3,3.0,"Explain how you will use QUESTION 6.1 and/or QUESTION 6.2 to solve the
equation log, (3 ~ x) =X.",ok,FUNC,,signature,high,nsc_log_graph,path_a,False,,,,,,,,,,,,,,,
2016,2016_nov_p1_exam_maths,P1,6.0,6.4,10.0,"Write down the solution to log, (3— x)= x. (1)",ok,FUNC,,signature,high,nsc_log_graph,path_a,False,,,,,,,,,,,,,,,
2016,2016_nov_p2_exam_maths,P2,6.0,6.1,3.0,"On the system of axes on which / is drawn in the ANSWER BOOK, draw the graph
of g(x)=—cos2x for x € [-180° ; 180°]. Clearly show all intercepts with the axes,
the coordinates of the turning points and end points of the graph.",ok,CALC,,struct,medium,STRUCT_CALC,path_a,False,,,,,,,,,,,,,,,
2016,2016_nov_p2_exam_maths,P2,6.0,6.2,4.0,"Write down the maximum value of /(x)-—3. (2)
G2 Determine the general solution of f(x) = g(x).",ok,TRIG,,signature,high,general_solution,path_a,False,,,,,,,,,,,,,,,
2016,2016_nov_p2_exam_maths,P2,6.0,6.4,,"Hence, determine the values of x for which /(x)< g(x) in the interval
x € [—180° ; 0°]. (3)
[12]
Copyright reserved Please turn over

===== Page 9 =====
Mathematics/P2 9 DBE/November 2016
NSC",missing_marks,,,unmapped,,,path_a,False,,,,,,,,,,,,,,,
2016,2016_nov_p1_exam_maths,P1,7.0,7.3,5.0,"If Thabiso paid R9 000 as his monthly instalment starting on 1 September 2016,
how many months sooner will he repay the loan?",ok,FIN,,signature,high,nsc_loan,path_a,False,,,,,,,,,,,,,,,
2016,2016_nov_p1_exam_maths,P1,7.0,7.4,,"If Thabiso paid R9 000 as a monthly instalment starting on 1 September 2016,
calculate the final instalment to repay the loan. (4)
[15]
Copyright reserved Please turn over

===== Page 8 =====
Mathematics/P 1 8 DBE/November 2016
NSC",missing_marks,FIN,,signature,high,nsc_loan,path_a,False,,,,,,,,,,,,,,,
2016,2016_nov_p2_exam_maths,P2,7.0,7.1,,"Calculate the length of OB. (3)
3
dz Show that cos@ =—_————
21” 4: a
2 (5)
im If the volume of the pyramid is 15 m° , calculate the value of @. (4)
[12]
Copyright reserved Please turn over

===== Page 10 =====
Mathematics/P2 10 DBE/November 2016
NSC
Give reasons for ALL statements and calculations in QUESTIONS 8, 9 and 10.",missing_marks,FUNC,,signature,medium,nsc_length,path_a,False,,,,,,,,,,,,,,,
2016,2016_nov_p1_exam_maths,P1,8.0,8.1,5.0,Determine f’(x) from first principles if f(x) =3x?,ok,CALC,,signature,high,nsc_first_principles,path_a,False,,,,,,,,,,,,,,,
2016,2016_nov_p1_exam_maths,P1,8.0,8.2,2.0,"John determines g’(a), the derivative of a certain function g at x =a, and arrives
. V4+h-2
at the answer: -—
Write down the equation of g and the value of a.",ok,,,unmapped,,,path_a,False,,,,,,,,,,,,,,,
2016,2016_nov_p1_exam_maths,P1,8.0,8.3,,"Determine wy if y= vx? - z (4)
dx x",missing_marks,ALG,,struct,high,STRUCT_ALG,path_a,False,,,,,,,,,,,,,,,
2016,2016_nov_p1_exam_maths,P1,8.0,8.4,,"g(x)=-8x+20 isa tangent to f(x)=x°>+ax’+bx+18 at x = 1. Calculate the
values of a and 5b. (5)
[16]",missing_marks,CALC,,signature,high,tangent_gradient,path_a,False,,,,,,,,,,,,,,,
2016,2016_nov_p2_exam_maths,P2,8.0,8.1,,"In the diagram below PQRT is a cyclic quadrilateral having RT || QP. The tangent
at P meets RT produced at S. QP = QT and PTS = 70°.
S
“*",stem,CALC,,signature,high,tangent_gradient,path_a,False,,,,,,,,,,,,,,,
2016,2016_nov_p2_exam_maths,P2,8.0,8.1.1,1.0,"Give a reason why P, = 70°.",ok,EUCL,,lexicon,medium,,path_a,False,,,,,,,,,,,,,,,
2016,2016_nov_p2_exam_maths,P2,8.0,8.1.2,,"Calculate, with reasons, the size of:
(a2) Q, (3)
(b) PB, (2)
Copyright reserved Please turn over

===== Page 11 =====
Mathematics/P2 1] DBE/November 2016
NSC",missing_marks,EUCL,,signature,high,with_reasons,path_a,False,,,,,,,,,,,,,,,
2016,2016_nov_p2_exam_maths,P2,8.0,8.2,,"A, B and C are points on the circle having centre O. S and T are points on AC
and AB respectively such that OS | AC and OT | AB. AB = 40 and AC = 48.
C
A
OE,
B",stem,AGEO,,signature,high,circle_equation,path_a,False,,,,,,,,,,,,,,,
2016,2016_nov_p2_exam_maths,P2,8.0,8.2.1,1.0,Calculate AT.,ok,,,unmapped,,,path_a,False,,,,,,,,,,,,,,,
2016,2016_nov_p2_exam_maths,P2,8.0,8.2.2,,"If OS= “or, calculate the radius OA of the circle. (5)
[12]
Copyright reserved Please turn over

===== Page 12 =====
Mathematics/P2 12 DBE/November 2016
NSC",missing_marks,AGEO,,signature,high,circle_equation,path_a,False,,,,,,,,,,,,,,,
2016,2016_nov_p1_exam_maths,P1,9.0,9.1,3.0,Calculate the x-coordinates of the stationary points of f.,ok,,,unmapped,,,path_a,False,,,,,,,,,,,,,,,
2016,2016_nov_p1_exam_maths,P1,9.0,9.2,3.0,For which values of x is f concave down?,ok,CALC,,signature,high,nsc_concave,path_a,False,,,,,,,,,,,,,,,
2016,2016_nov_p1_exam_maths,P1,9.0,9.3,2.0,Determine the values of x for which f is strictly increasing.,ok,,,unmapped,,,path_a,False,,,,,,,,,,,,,,,
2016,2016_nov_p1_exam_maths,P1,9.0,9.4,13.0,"If it is further given that f(x)=ax'+bx?+cx+d and f(0)=~-18, determine the
equation of f. (5)",ok,,,unmapped,,,path_a,False,,,,,,,,,,,,,,,
2016,2016_nov_p2_exam_maths,P2,9.0,9.1,,Give a reason why EACH of the following is TRUE:,stem,EUCL,,lexicon,medium,,path_a,False,,,,,,,,,,,,,,,
2016,2016_nov_p2_exam_maths,P2,9.0,9.1.1,1.0,"B, =x",ok,,,unmapped,,,path_a,False,,,,,,,,,,,,,,,
2016,2016_nov_p2_exam_maths,P2,9.0,9.1.2,1.0,"BCD =B,",ok,,,unmapped,,,path_a,False,,,,,,,,,,,,,,,
2016,2016_nov_p2_exam_maths,P2,9.0,9.2,2.0,"Prove that BCDE is a cyclic quadrilateral. (2)
93 Which TWO other angles are each equal to x?",ok,EUCL,,signature,high,cyclic_quad,path_a,False,,,,,,,,,,,,,,,
2016,2016_nov_p2_exam_maths,P2,9.0,9.4,,"Prove that B, =C,. (3)
[9]
Copyright reserved Please turn over

===== Page 13 =====
Mathematics/P2 13 DBE/November 2016
NSC",missing_marks,EUCL,,struct,medium,STRUCT_EUCL,path_a,False,,,,,,,,,,,,,,,
2016,2016_nov_p1_exam_maths,P1,10.0,10.1,2.0,"Determine the number of molecules of the drug in the bloodstream 3 hours after the
drug was taken.",ok,,,unmapped,,,path_a,False,,,,,,,,,,,,,,,
2016,2016_nov_p1_exam_maths,P1,10.0,10.2,3.0,"Determine the rate at which the number of molecules of the drug in the bloodstream is
changing at exactly 2 hours after the drug was taken.",ok,CALC,,lexicon,medium,,path_a,False,,,,,,,,,,,,,,,
2016,2016_nov_p1_exam_maths,P1,10.0,10.3,,"How many hours after taking the drug will the rate at which the number of molecules
of the drug in the bloodstream is changing, be a maximum? (3)
[8]
Copyright reserved Please turn over

===== Page 9 =====
Mathematics/P 1 9 DBE/November 2016
NSC",missing_marks,CALC,,signature,medium,nsc_maximum,path_a,False,,,,,,,,,,,,,,,
2016,2016_nov_p2_exam_maths,P2,10.0,10.1,,"In the diagram APQR is drawn. S and T are points on sides PQ and PR
respectively such that ST || QR.
P
S -
Q R
Prove the theorem which states that re = il ‘ (6)
SQ TR
Copyright reserved Please turn over

===== Page 14 =====
Mathematics/P2 14 DBE/November 2016
NSC",missing_marks,EUCL,,lexicon,medium,,path_a,False,,,,,,,,,,,,,,,
2016,2016_nov_p2_exam_maths,P2,10.0,10.2,1.0,"In the diagram HLKF is a cyclic quadrilateral. The chords HL and FK are produced
to meet at M. The line through F parallel to KL meets MH produced at G.
MK =x, KF = 2x, ML=y and LH=HG.
M
a
L
: Aas is H
G
F
1034 Give a reason why GFM = LKM.",stem,EUCL,,signature,high,cyclic_quad,path_a,False,,,,,,,,,,,,,,,
2016,2016_nov_p2_exam_maths,P2,10.0,10.2.2,,"Prove that:
(a) GH=y (3)
(b) AMFH]|||AMGF (5)
(©) GF _3x
FH 2y (2)
y 3",missing_marks,EUCL,,struct,medium,STRUCT_EUCL,path_a,False,,,,,,,,,,,,,,,
2016,2016_nov_p2_exam_maths,P2,10.0,10.2.3,,"Show that — = ,/—
P 4 2 (3)
[20]
TOTAL: 150
Copyright reserved

===== Page 15 =====
Mathematics/P2 DBE/November 2016
NSC
INFORMATION SHEET
ve —~b+yb"" —4ac
2a
A= P(l+ni) A= P(1—ni) A= P(1-i)"" A= P(i+i)”
T, =a+(n-l)d S, = 52a +(n—-1)d]
eT a S _ alr"" -1) eA S, =7—3 -l<r<l
n r- 1 —-r
Pe (el p_sl-d+iy"")
i i
.. Jxt+h-f@)
'(x) = im
#) h>0 h
X, +X, yy t+y
d= (x, -x,)? +0,-y,)” M fe he
Z 2
_ _ y27V1 _
y=mxt+ce y-y, =m(x-x,) Ce ee m=tan@
a |
snA sinB© sinC
a’ =5* +e"" —2bc.cos A
area AABC = 5abssin
sin(a + B) = sina.cos# + cosa.sin B sin(a — B) = sina.cos#—cosa.sinB
coda + B) =cosa@.cosf—sina.sin PB cofa - B) =cosa@.cosf+sina.sinB
cos* a—sin’a
cos2@ =41-—2sin’a sin2a@ = 2sina.cosa
2cos’? a—1
x == oo =
n n
n(A) _
P(A) = 78) P(A or B) = P(A) + P(B) — P(A and B)
n
x-x\Ky-y
p=atbx 5 - =P) Ky=9)
Yor-3)
Copyright reserved",missing_marks,ALG,,struct,medium,STRUCT_ALG,path_a,False,,,,,,,,,,,,,,,
2016,2016_nov_p1_exam_maths,P1,11.0,11.1,,"Calculate the values of a and b. (2)
LL Are the events ‘being a male’ and 'did not watch TV during examinations’ mutually
exclusive? Give a reason for your answer. (2)
LL If a learner who participated in this survey is chosen at random, what is the
probability that the learner:",missing_marks,PROB,,signature,medium,nsc_probability,path_a,False,,,,,,,,,,,,,,,
2016,2016_nov_p1_exam_maths,P1,11.0,11.3.1,2.0,Watched TV in the period during which the examinations were written?,ok,,,unmapped,,,path_a,False,,,,,,,,,,,,,,,
2016,2016_nov_p1_exam_maths,P1,11.0,11.3.2,8.0,"Is not a male and did not watch TV in the period during which
examinations were written? (2)",ok,,,unmapped,,,path_a,False,,,,,,,,,,,,,,,
2016,2016_nov_p1_exam_maths,P1,12.0,12,,"QUESTION 12
The digits 1 to 7 are used to create a four-digit code to enter a locked room. How many
different codes are possible if the digits may not be repeated and the code must be an even
number bigger than 5 000? [5]
TOTAL: 150
Copyright reserved

===== Page 10 =====
Mathematics/P 1 DBE/November 2016
NSC
INFORMATION SHEET
—_ —~b+Vb? —4ac
2a
A= P(l+ni) A= P(\-ni) A= P(1-i)’ A= P(1+i)”
T, =a+(n-l)d S, = 5Ra+@-d]
Z, =r S _ alr” -1) srs | S,=— +; -lerei
"" r=] l-r
+i -1] p_al-0+)""|
i i
h>0 h
x, +x, yty
d= (x, -x,)° +(y, -y,y M oe bias
2 2
y=mx+c y-y, =mM(x—-x,) ee 2A. m = tan @
ae
(x—a)' +(y-by =r? page Heat.
sinA sinB sinC
a’ =b’? +c? —2bc.cos A
area AABC = sabesinc
sin(a + ) = sina.cosf# +cosa.sin B sin(a - B) = sina.cosB —cosa.sinB
cota + B)=cosa.cos$ —sina.sin B cosa — 8) =cosa.cos#+sina.sin B
cos’ a@-—sin’ a
cos2a =41-2sin’ a sin2a = 2sina.cosa
2cos’ a-
~e, ~ay
e= y o? =
n n
n(A) _
P(A)=— P(A or B) = P(A) + P(B) — P(A and B)
n(S)
x-x\y-y
yp=athbx p= due 2-9) Ky=9)
Yo-%
Copyright reserved",no_sub_markers,PROB,,signature,high,nsc_no_repeat,path_a,False,,,,,,,,,,,,,,,
2017,2017_nov_p1_exam_maths,P1,1.0,1.1,,Solve for x:,stem,ALG,,signature,high,nsc_solve_x,path_a,False,,,,,,,,,,,,,,,
2017,2017_nov_p1_exam_maths,P1,1.0,1.1.1,3.0,x? +9x+14=0,ok,ALG,,struct,high,STRUCT_ALG,path_a,False,,,,,,,,,,,,,,,
2017,2017_nov_p1_exam_maths,P1,1.0,1.1.2,4.0,"4x°+9x-3=0 (correct to TWO decimal places) (4)
11300 Vx?-5 =2vx",ok,ALG,,struct,high,STRUCT_ALG,path_a,False,,,,,,,,,,,,,,,
2017,2017_nov_p1_exam_maths,P1,1.0,1.2,6.0,"Solve for x and y if:
3x-y=4 and x*4+2xy-y? =-2",ok,ALG,,signature,high,nsc_solve_x,path_a,False,,,,,,,,,,,,,,,
2017,2017_nov_p1_exam_maths,P1,1.0,1.3,,Given: (x)= x? +8x+16,stem,ALG,,struct,high,STRUCT_ALG,path_a,False,,,,,,,,,,,,,,,
2017,2017_nov_p1_exam_maths,P1,1.0,1.3.1,3.0,Solve for x if f(x) >0.,ok,ALG,,signature,high,nsc_solve_x,path_a,False,,,,,,,,,,,,,,,
2017,2017_nov_p1_exam_maths,P1,1.0,1.3.2,,"For which values of p will f (x) = p have TWO unequal negative roots? (4)
[24]",missing_marks,,,unmapped,,,path_a,False,,,,,,,,,,,,,,,
2017,2017_nov_p2_exam_maths,P2,1.0,1.1,3.0,Determine the values of a and 3b.,ok,,,unmapped,,,path_a,False,,,,,,,,,,,,,,,
2017,2017_nov_p2_exam_maths,P2,1.0,1.2,2.0,"An athlete runs the 100 metre sprint in 11,7 seconds. Use »=a+bx to predict the
distance of the best long jump of this athlete.",ok,AGEO,,signature,high,distance,path_a,False,,,,,,,,,,,,,,,
2017,2017_nov_p2_exam_maths,P2,1.0,1.3,,"Another athlete completes the 100 metre sprint in 12,3 seconds and the distance of his
best long jump is 7,6 metres. If this is included in the data, will the gradient of the
least squares regression line increase or decrease? Motivate your answer without any
further calculations. (2)
[7]
Copyright reserved Please turn over

===== Page 4 =====
Mathematics/P2 4 DBE/November 2017
NSC",missing_marks,STAT,,signature,high,regression,path_a,False,,,,,,,,,,,,,,,
2017,2017_nov_p1_exam_maths,P1,2.0,2.1,,Given the following quadratic number pattern: 5 ; —-4 ; -19 ; 40; ...,stem,SEQ,,signature,high,nsc_quadratic_pattern,path_a,False,,,,,,,,,,,,,,,
2017,2017_nov_p1_exam_maths,P1,2.0,2.1.1,4.0,"Determine the constant second difference of the sequence. (2)
212 Determine the n"" term (T,) of the pattern.",ok,SEQ,,signature,high,second_difference,path_a,False,,,,,,,,,,,,,,,
2017,2017_nov_p1_exam_maths,P1,2.0,2.1.3,3.0,Which term of the pattern will be equal to —25 939?,ok,SEQ,,lexicon,medium,,path_a,False,,,,,,,,,,,,,,,
2017,2017_nov_p1_exam_maths,P1,2.0,2.2,,The first three terms of an arithmetic sequence are 2k-—7 ; k+8 and 2k-1.,stem,SEQ,,signature,high,nsc_arithmetic_seq,path_a,False,,,,,,,,,,,,,,,
2017,2017_nov_p1_exam_maths,P1,2.0,2.2.1,5.0,Calculate the value of the 15” term of the sequence.,ok,SEQ,,lexicon,medium,,path_a,False,,,,,,,,,,,,,,,
2017,2017_nov_p1_exam_maths,P1,2.0,2.2.2,,"Calculate the sum of the first 30 even terms of the sequence. (4)
[138]",missing_marks,SEQ,,lexicon,medium,,path_a,False,,,,,,,,,,,,,,,
2017,2017_nov_p2_exam_maths,P2,2.0,2.1,,Calculate:,stem,,,unmapped,,,path_a,False,,,,,,,,,,,,,,,
2017,2017_nov_p2_exam_maths,P2,2.0,2.1.1,2.0,The mean of the data,ok,STAT,,signature,medium,mean,path_a,False,,,,,,,,,,,,,,,
2017,2017_nov_p2_exam_maths,P2,2.0,2.1.2,3.0,The interquartile range of the data,ok,STAT,,signature,high,iqr,path_a,False,,,,,,,,,,,,,,,
2017,2017_nov_p2_exam_maths,P2,2.0,2.2,2.0,"The standard deviation of the times taken by the girls is 5,94. How many girls took
longer than ONE standard deviation from the mean to name the colours?",ok,STAT,,signature,high,standard_dev,path_a,False,,,,,,,,,,,,,,,
2017,2017_nov_p2_exam_maths,P2,2.0,2.3,3.0,"Draw a box and whisker diagram to represent the data on the number line provided in
the ANSWER BOOK.",ok,STAT,,signature,high,box_whisker,path_a,False,,,,,,,,,,,,,,,
2017,2017_nov_p2_exam_maths,P2,2.0,2.4,,"The five-number summary of the times taken by a group of 23 boys in naming the
colours of the rectangles correctly is (15 ; 21 ; 23,5 ; 26 ; 38).",stem,,,unmapped,,,path_a,False,,,,,,,,,,,,,,,
2017,2017_nov_p2_exam_maths,P2,2.0,2.4.1,1.0,"Which of the two groups, girls or boys, had the lower median time to
correctly name the colours of the rectangles?",ok,,,unmapped,,,path_a,False,,,,,,,,,,,,,,,
2017,2017_nov_p2_exam_maths,P2,2.0,2.4.2,,"The first three learners who named the colours of all 30 rectangles
correctly in the shortest time will receive a prize. How many boys will be
among these three prizewinners? Motivate your answer. (2)
[13]
Copyright reserved Please turn over

===== Page 5 =====
Mathematics/P2 5 DBE/November 2017
NSC",missing_marks,,,unmapped,,,path_a,False,,,,,,,,,,,,,,,
2017,2017_nov_p1_exam_maths,P1,3.0,3.1,2.0,"If T,+T, =2, write down an expression for a in terms of +.",ok,,,unmapped,,,path_a,False,,,,,,,,,,,,,,,
2017,2017_nov_p1_exam_maths,P1,3.0,3.2,,"Calculate the values of a and r. (6)
[8]
Copyright reserved Please turn over

===== Page 4 =====
Mathematics/P1 4 DBE/November 2017
NSC",missing_marks,,,unmapped,,,path_a,False,,,,,,,,,,,,,,,
2017,2017_nov_p2_exam_maths,P2,3.0,3.1,,Calculate:,stem,,,unmapped,,,path_a,False,,,,,,,,,,,,,,,
2017,2017_nov_p2_exam_maths,P2,3.0,3.1.1,4.0,The equation of AC in the form y=mx+e,ok,AGEO,,lexicon,medium,,path_a,False,,,,,,,,,,,,,,,
2017,2017_nov_p2_exam_maths,P2,3.0,3.1.2,3.0,The coordinates of G if the equation of BG is 7x— 10y=8,ok,,,unmapped,,,path_a,False,,,,,,,,,,,,,,,
2017,2017_nov_p2_exam_maths,P2,3.0,3.2,2.0,Show by calculation that the coordinates of A is (2 ; 5).,ok,,,unmapped,,,path_a,False,,,,,,,,,,,,,,,
2017,2017_nov_p2_exam_maths,P2,3.0,3.3,4.0,Prove that EF || BG.,ok,EUCL,,struct,medium,STRUCT_EUCL,path_a,False,,,,,,,,,,,,,,,
2017,2017_nov_p2_exam_maths,P2,3.0,3.4,,"ABCD is a parallelogram with D in the first quadrant. Calculate the coordinates of D. (4)
[17]
Copyright reserved Please turn over

===== Page 6 =====
Mathematics/P2 6 DBE/November 2017
NSC",missing_marks,FUNC,,signature,high,nsc_log_graph,path_a,False,,,,,,,,,,,,,,,
2017,2017_nov_p1_exam_maths,P1,4.0,4.1,5.0,"The gradient of the tangent to the graph of f at the point [-1 ; z) is 3.
Show that a= ; and b=2.",ok,CALC,,signature,high,tangent_gradient,path_a,False,,,,,,,,,,,,,,,
2017,2017_nov_p1_exam_maths,P1,4.0,4.2,3.0,Calculate the x-intercepts of f.,ok,,,unmapped,,,path_a,False,,,,,,,,,,,,,,,
2017,2017_nov_p1_exam_maths,P1,4.0,4.3,3.0,Calculate the coordinates of the turning point of £,ok,CALC,,struct,medium,STRUCT_CALC,path_a,False,,,,,,,,,,,,,,,
2017,2017_nov_p1_exam_maths,P1,4.0,4.4,4.0,"Sketch the graph of /. Clearly indicate ALL intercepts with the axes and the turing
point.",ok,,,unmapped,,,path_a,False,,,,,,,,,,,,,,,
2017,2017_nov_p1_exam_maths,P1,4.0,4.5,2.0,"Use the graph to determine the values of x for which f(x)> 6. (3)
46 Sketch the graph of g(x) =-x-—1 on the same set of axes as f. Clearly indicate
ALL intercepts with the axes.",ok,,,unmapped,,,path_a,False,,,,,,,,,,,,,,,
2017,2017_nov_p1_exam_maths,P1,4.0,4.7,,"Write down the values of x for which /(x).g(x) <0. (3)
[23]
Copyright reserved Please turn over

===== Page 5 =====
Mathematics/P 1 5 DBE/November 2017
NSC",missing_marks,,,unmapped,,,path_a,False,,,,,,,,,,,,,,,
2017,2017_nov_p2_exam_maths,P2,4.0,4.1,,Determine:,stem,,,unmapped,,,path_a,False,,,,,,,,,,,,,,,
2017,2017_nov_p2_exam_maths,P2,4.0,4.1.1,4.0,The gradient of SR,ok,AGEO,,signature,high,gradient,path_a,False,,,,,,,,,,,,,,,
2017,2017_nov_p2_exam_maths,P2,4.0,4.1.2,2.0,The equation of SR in the form y = mx +c,ok,AGEO,,lexicon,medium,,path_a,False,,,,,,,,,,,,,,,
2017,2017_nov_p2_exam_maths,P2,4.0,4.1.3,4.0,"The equation of the circle in the form (x—a)’ +(y—b) =r""",ok,AGEO,,signature,high,circle_equation,path_a,False,,,,,,,,,,,,,,,
2017,2017_nov_p2_exam_maths,P2,4.0,4.1.4,3.0,The size of PKR,ok,,,unmapped,,,path_a,False,,,,,,,,,,,,,,,
2017,2017_nov_p2_exam_maths,P2,4.0,4.1.5,2.0,The equation of the tangent to the circle at K in the form y = mx +c,ok,CALC,,signature,high,tangent_gradient,path_a,False,,,,,,,,,,,,,,,
2017,2017_nov_p2_exam_maths,P2,4.0,4.2,3.0,"Determine the values of t¢ such that the line y = = +t cuts the circle at two different
points.",ok,AGEO,,signature,high,circle_equation,path_a,False,,,,,,,,,,,,,,,
2017,2017_nov_p2_exam_maths,P2,4.0,4.3,,"Calculate the area of ASMK. (5)
[23]
Copyright reserved Please turn over

===== Page 7 =====
Mathematics/P2 7 DBE/November 2017
NSC",missing_marks,TRIG,,lexicon,medium,,path_a,False,,,,,,,,,,,,,,,
2017,2017_nov_p1_exam_maths,P1,5.0,5.1,2.0,Write down the range of g.,ok,FUNC,,signature,high,nsc_range,path_a,False,,,,,,,,,,,,,,,
2017,2017_nov_p1_exam_maths,P1,5.0,5.2,3.0,"Determine the equation of g. (2)
53 Calculate the value of ¢.",ok,,,unmapped,,,path_a,False,,,,,,,,,,,,,,,
2017,2017_nov_p1_exam_maths,P1,5.0,5.4,2.0,"Write down the equation of f~’, the inverse of /, in the form yr...",ok,FUNC,,signature,high,nsc_inverse,path_a,False,,,,,,,,,,,,,,,
2017,2017_nov_p1_exam_maths,P1,5.0,5.5,2.0,For which values of x will f'(x)<3?,ok,FUNC,,signature,medium,nsc_interpret,path_a,False,,,,,,,,,,,,,,,
2017,2017_nov_p1_exam_maths,P1,5.0,5.6,,"Determine the point of intersection of the graphs of f and the axis of symmetry of g
that has a negative gradient. (3)
[14]
Copyright reserved Please turn over

===== Page 6 =====
Mathematics/P1 6 DBE/November 2017
NSC",missing_marks,AGEO,,signature,high,gradient,path_a,False,,,,,,,,,,,,,,,
2017,2017_nov_p2_exam_maths,P2,5.0,5.2,,"In the diagram, P(3 ; #) is a point in the Cartesian plane. OP =./34 and HOP= Bis

a reflex angle.

y
B H
x
Ba
\ PB ; £)

Without using a calculator, determine the value of:",stem,,,unmapped,,,path_a,False,,,,,,,,,,,,,,,
2017,2017_nov_p2_exam_maths,P2,5.0,5.2.1,2.0,t,ok,,,unmapped,,,path_a,False,,,,,,,,,,,,,,,
2017,2017_nov_p2_exam_maths,P2,5.0,5.2.2,1.0,tan B,ok,TRIG,,lexicon,medium,,path_a,False,,,,,,,,,,,,,,,
2017,2017_nov_p2_exam_maths,P2,5.0,5.2.3,4.0,cos 28,ok,TRIG,,lexicon,medium,,path_a,False,,,,,,,,,,,,,,,
2017,2017_nov_p2_exam_maths,P2,5.0,5.3,,Prove:,stem,EUCL,,lexicon,medium,,path_a,False,,,,,,,,,,,,,,,
2017,2017_nov_p2_exam_maths,P2,5.0,5.3.1,2.0,sin(A + B)—sin(A -B) = 2cosA.sinB,ok,TRIG,,lexicon,medium,,path_a,False,,,,,,,,,,,,,,,
2017,2017_nov_p2_exam_maths,P2,5.0,5.3.2,,"Without using a calculator, that sin77° —sin 43° = sin17° (4)

[19]

Copyright reserved Please turn over

===== Page 8 =====
Mathematics/P2 8 DBE/November 2017
NSC",missing_marks,TRIG,,lexicon,medium,,path_a,False,,,,,,,,,,,,,,,
2017,2017_nov_p1_exam_maths,P1,6.0,6.1,5.0,"Mbali invested R10 000 for 3 years at an interest rate of r % p.a., compounded
monthly. At the end of this period, she received R12 146,72. Calculate r, correct
to ONE decimal place.",ok,FIN,,signature,high,nsc_compound,path_a,False,,,,,,,,,,,,,,,
2017,2017_nov_p1_exam_maths,P1,6.0,6.2,,"Piet takes a loan from a bank to buy a car for R235 000. He agrees‘to repay the loan
over a period of 54 months. The first instalment will be paid one month after the loan
is granted. The bank charges interest at 11% p.a., compounded monthly.",stem,FIN,,signature,high,nsc_loan,path_a,False,,,,,,,,,,,,,,,
2017,2017_nov_p1_exam_maths,P1,6.0,6.2.1,4.0,Calculate Piet's monthly instalment.,ok,FIN,,signature,high,nsc_instalment,path_a,False,,,,,,,,,,,,,,,
2017,2017_nov_p1_exam_maths,P1,6.0,6.2.2,15.0,"Calculate the total amount of interest that Piet will pay during the first
year of the repayment of the loan. (6)",ok,FIN,,signature,high,nsc_loan,path_a,False,,,,,,,,,,,,,,,
2017,2017_nov_p2_exam_maths,P2,6.0,6.1,4.0,"Draw the graph of g(x)=2sinx—-1 for the interval x €[—270°;90°] on the grid
given in your ANSWER BOOK. Show ALL the intercepts with the axes, as well as
the turning points.",ok,CALC,,struct,medium,STRUCT_CALC,path_a,False,,,,,,,,,,,,,,,
2017,2017_nov_p2_exam_maths,P2,6.0,6.2,4.0,"Let A be a point of intersection of the graphs of f and g. Show that the x-coordinate
of A satisfies the equation sin x = a 1+ v5 .
2",ok,CALC,,signature,medium,nsc_intersect_3,path_a,False,,,,,,,,,,,,,,,
2017,2017_nov_p2_exam_maths,P2,6.0,6.3,,"Hence, calculate the coordinates of the points of intersection of graphs of f and g for
the interval x €[—270°; 90°]. (4)
[12]
Copyright reserved Please turn over

===== Page 9 =====
Mathematics/P2 9 DBE/November 2017
NSC",missing_marks,CALC,,signature,medium,nsc_intersect_3,path_a,False,,,,,,,,,,,,,,,
2017,2017_nov_p1_exam_maths,P1,7.0,7.1,6.0,"Given: f(x) =2x?-x
Determine f’(x) from first principles.",ok,CALC,,signature,high,nsc_first_principles,path_a,False,,,,,,,,,,,,,,,
2017,2017_nov_p1_exam_maths,P1,7.0,7.2,,Determine:,stem,,,unmapped,,,path_a,False,,,,,,,,,,,,,,,
2017,2017_nov_p1_exam_maths,P1,7.0,7.2.1,,"D,{(x +1)3x-7)] (2)
dy . 3; ~6(C«<CO;SCd
722 if yeViP-2 450 (4)
[12]
Copyright reserved Please turn over

===== Page 7 =====
Mathematics/P1 7 DBE/November 2017
NSC",missing_marks,,,unmapped,,,path_a,False,,,,,,,,,,,,,,,
2017,2017_nov_p2_exam_maths,P2,7.0,7.1,1.0,Write down the size of ABC.,ok,,,unmapped,,,path_a,False,,,,,,,,,,,,,,,
2017,2017_nov_p2_exam_maths,P2,7.0,7.2,,"Show that AC = Ktany (4)
sin x",missing_marks,TRIG,,lexicon,medium,,path_a,False,,,,,,,,,,,,,,,
2017,2017_nov_p2_exam_maths,P2,7.0,7.3,,"If it is further given that DAC=2x and AD = AC, show that the distance DC
between the players at D and C is 2k tan y. (5)
[10]
Copyright reserved Please turn over

===== Page 10 =====
Mathematics/P2 10 DBE/November 2017
NSC
Give reasons for your statements in QUESTIONS 8, 9, 10 and 11.",missing_marks,SEQ,,signature,high,nsc_term_to_term,path_a,False,,,,,,,,,,,,,,,
2017,2017_nov_p1_exam_maths,P1,8.0,8.1,5.0,Show that f has a point of inflection at x = 2.,ok,,,unmapped,,,path_a,False,,,,,,,,,,,,,,,
2017,2017_nov_p1_exam_maths,P1,8.0,8.2,4.0,"Sketch the graph of f, clearly indicating the intercepts with the axes and the turning
points.",ok,CALC,,lexicon,medium,,path_a,False,,,,,,,,,,,,,,,
2017,2017_nov_p1_exam_maths,P1,8.0,8.3,2.0,For which values of x will y=~—f (x) be concave down?,ok,CALC,,signature,high,nsc_concave,path_a,False,,,,,,,,,,,,,,,
2017,2017_nov_p1_exam_maths,P1,8.0,8.4,,Use your graph to answer the following questions:,stem,CALC,,lexicon,medium,,path_a,False,,,,,,,,,,,,,,,
2017,2017_nov_p1_exam_maths,P1,8.0,8.4.1,15.0,"Determine the coordinates of the local maximum of h if
A(x) = f(x-2)+3. (2)
842 Claire claims that f’ (2) =1.
Do you agree with Claire? Justify your answer. (2)",ok,CALC,,signature,medium,nsc_maximum,path_a,False,,,,,,,,,,,,,,,
2017,2017_nov_p2_exam_maths,P2,8.0,8.1,,"Calculate, with reasons, the size of:",stem,EUCL,,signature,high,with_reasons,path_a,False,,,,,,,,,,,,,,,
2017,2017_nov_p2_exam_maths,P2,8.0,8.1.1,3.0,A,ok,,,unmapped,,,path_a,False,,,,,,,,,,,,,,,
2017,2017_nov_p2_exam_maths,P2,8.0,8.1.2,2.0,"C,",ok,,,unmapped,,,path_a,False,,,,,,,,,,,,,,,
2017,2017_nov_p2_exam_maths,P2,8.0,8.2,,"Prove, with a reason, that CF is a tangent to the circle passing through points C, D

and E, (2)

[7]

Copyright reserved Please turn over

===== Page 11 =====
Mathematics/P2 11 DBE/November 2017
NSC",missing_marks,CALC,,signature,high,tangent_gradient,path_a,False,,,,,,,,,,,,,,,
2017,2017_nov_p1_exam_maths,P1,9.0,9,,"QUESTION 9
An aerial view of a stretch of road is shown in the diagram below. The road can be described by
the function y=x°+2, x>0 ifthe coordinate axes (dotted lines) are chosen as shown in the
diagram.
Benny sits at a vantage point B(O ; 3) and observes a car, P, travelling along the road.
*B(0; 3)
y=x° +2; x>0
a: a: <
Calculate the distance between Benny and the car, when the car is closest to Benny. [7]
Copyright reserved Please turn over

===== Page 8 =====
Mathematics/P 1 8 DBE/November 2017
NSC",no_sub_markers,AGEO,,signature,high,distance,path_a,False,,,,,,,,,,,,,,,
2017,2017_nov_p2_exam_maths,P2,9.0,9.1,,Prove that:,stem,EUCL,,struct,medium,STRUCT_EUCL,path_a,False,,,,,,,,,,,,,,,
2017,2017_nov_p2_exam_maths,P2,9.0,9.1.1,2.0,FG || BC,ok,,,unmapped,,,path_a,False,,,,,,,,,,,,,,,
2017,2017_nov_p2_exam_maths,P2,9.0,9.1.2,,"AH _AE (3)

HK ED",missing_marks,,,unmapped,,,path_a,False,,,,,,,,,,,,,,,
2017,2017_nov_p2_exam_maths,P2,9.0,9.2,,"If it is further given that AH = 15 and ED = 12, calculate the length of EK. (5)
[10]

Copyright reserved Please turn over

===== Page 12 =====
Mathematics/P2 12 DBE/November 2017
NSC",missing_marks,FUNC,,signature,medium,nsc_length,path_a,False,,,,,,,,,,,,,,,
2017,2017_nov_p1_exam_maths,P1,10.0,10.1,4.0,Draw a Venn diagram to illustrate the information above.,ok,PROB,,signature,high,venn,path_a,False,,,,,,,,,,,,,,,
2017,2017_nov_p1_exam_maths,P1,10.0,10.2,2.0,Calculate the value of x.,ok,,,unmapped,,,path_a,False,,,,,,,,,,,,,,,
2017,2017_nov_p1_exam_maths,P1,10.0,10.3,3.0,"Calculate the probability that a learner, chosen randomly, uses only ONE of these
applications. (2)",ok,PROB,,signature,medium,nsc_probability,path_a,False,,,,,,,,,,,,,,,
2017,2017_nov_p2_exam_maths,P2,10.0,10.1,1.0,Give a reason why OV MN.,ok,EUCL,,lexicon,medium,,path_a,False,,,,,,,,,,,,,,,
2017,2017_nov_p2_exam_maths,P2,10.0,10.2,,Prove that:,stem,EUCL,,struct,medium,STRUCT_EUCL,path_a,False,,,,,,,,,,,,,,,
2017,2017_nov_p2_exam_maths,P2,10.0,10.2.1,2.0,MN || TS,ok,,,unmapped,,,path_a,False,,,,,,,,,,,,,,,
2017,2017_nov_p2_exam_maths,P2,10.0,10.2.2,4.0,TMNS is acyclic quadrilateral,ok,EUCL,,signature,high,cyclic_quad,path_a,False,,,,,,,,,,,,,,,
2017,2017_nov_p2_exam_maths,P2,10.0,10.2.3,,"OS . MN =20N . WS (5)

[12]

Copyright reserved Please turn over

===== Page 13 =====
Mathematics/P2 13 DBE/November 2017
NSC",missing_marks,,,unmapped,,,path_a,False,,,,,,,,,,,,,,,
2017,2017_nov_p1_exam_maths,P1,11.0,11.1,3.0,"How many different clients can be identified with a coding system that is made up of
TWO letters and TWO digits?",ok,,,unmapped,,,path_a,False,,,,,,,,,,,,,,,
2017,2017_nov_p1_exam_maths,P1,11.0,11.2,,"Determine the least number of digits that is required for a company to uniquely
identify 700 000 clients using their coding system. (3)
[6]
TOTAL: 150
Copyright reserved

===== Page 9 =====
Mathematics/P 1 DBE/November 2017
NSC
INFORMATION SHEET: MATHEMATICS
—b+\b* —4ac
x =——__—_—_—
2a
A=P(l+ni) A= P(1-ni) A=P(1-i)"" A= P(1+i)”
T, =at+(n-l)d S, = 5 a+ (n-Dd]
T, =ar"""" S _ alr” -1) ;r#l S,=—-;-ler<l
. r—1 l-r
i i
; h) ~ f(x)
(x) = lim L(x th)- Ff)
Le h->0 h
i aes Xp +X, yy +y
d=y(x, —x,)* +(y, ~y,)? Ma)
_ _y _ y27V _
y=mxt+e y-y, =m(x-x,) m= ++ m=tan@
x2 ~*)
(x—a) +(y-b) =r?
InAABC: 4 Fe
snA sinB~ sinC
a* =b* +¢? —2bce.cos A
area AABC = = absinC
sin(a+ B) = sina.cos# + cosa.sin sina — B) = sina.cos# —cosa.sin£
cofat B) =cosa.cos#—sina.sinB cosar— B) = cosa@.cos# +sina.sinZ
[cos? a-—sin’a@
cos2a@ =<41—-2sin’ a sin2a@ = 2sina.cosa
[pcos a-l
7 2
_ ee: ; Dil, —x)
x = OO ———
nh n
n(A) _
P(A) = a8) P(A or B) = P(A) + P(B) — P(A and B)
nh
Di @- xy -3)
p=ath b= SS
Yeas ox ye)
Copyright reserved",missing_marks,,,unmapped,,,path_a,False,,,,,,,,,,,,,,,
2017,2017_nov_p2_exam_maths,P2,11.0,11.1,,"In the diagram, chords KM, MN and KN are drawn in the circle with centre O.

PNQ is the tangent to the circle at N.

(
<= |
aS N
P

Prove the theorem which states that MNQ =K, (5)

Copyright reserved Please turn over

===== Page 14 =====
Mathematics/P2 14 DBE/November 2017
NSC",missing_marks,CALC,,signature,high,tangent_gradient,path_a,False,,,,,,,,,,,,,,,
2017,2017_nov_p2_exam_maths,P2,11.0,11.2,,"In the diagram, BC is a diameter of the circle. The tangent at point D on the
circle meets CB produced at A. CD is produced to E such that EA 1 AC.
BD is drawn.
Let C=x.
E
NN
NN
De
A “Sy
1 / ~
| a 2 2/ A _ |
A BS ec
/
\ /",stem,CALC,,signature,high,tangent_gradient,path_a,False,,,,,,,,,,,,,,,
2017,2017_nov_p2_exam_maths,P2,11.0,11.2.1,1.0,"Give a reason why:
(a) D,=90° (1)
(b) ABDE is a cyclic quadrilateral (1)
() D,=x",ok,EUCL,,signature,high,cyclic_quad,path_a,False,,,,,,,,,,,,,,,
2017,2017_nov_p2_exam_maths,P2,11.0,11.2.2,3.0,"Prove that:
(a) AD=AE (3)
(b) AADB ||| AACD",ok,EUCL,,struct,medium,STRUCT_EUCL,path_a,False,,,,,,,,,,,,,,,
2017,2017_nov_p2_exam_maths,P2,11.0,11.2.3,,"It is further given that BC = 2AB = 2r.
(a) Prove that AD’ =3r’ (2)
(b) Hence, prove that AADE is equilateral. (4)
[20]
TOTAL: 150
Copyright reserved

===== Page 15 =====
Mathematics/P2 DBE/November 2017
NSC
INFORMATION SHEET: MATHEMATICS
~b+\b? —4ac
X=
2a
A= P(1+ni) A= P(1-ni) A= P(l—i)"" A= P(1+i)""
T, =a+(n-ld S, = 5 [2a+ (nnd
T, =ar”™"" S _ alr” -1) ;re#l S,=—-;-ler<l
""— r-l l-r
past = p04"")
i i
Poa tim LOAF)
h->0 h
nn. nn) X tx, ypty
d= \(x, —x,)7 +(y, -y,)° M2122)
2 2
_ _ v2 7 _
y=mxt+e y-y, =m(x-x,) m= m=tan0
%27~*)
(a)? +(y-2) =P
InAABC: So
snA sinB~ sinC
a* =b* +¢7 —2be.cosA
area KAABC = 5 absinc
sin(a + B) = sina.cosf + cosa.sin 8 sin(a - B) = sina.cos # —cosa.sin 8
coat B) =cosa.cos#—sina.sin B cola —B) =cosa@.cos#+sina.sin #
[ere a-—sin’ a
cos2a@ =41—2sin* a sin2a@ = 2sina.cosa
ls cos” a-l
n 2
Yix > (x, x)
x= ot og? = 1 _
a nh
_ nA) _
P(A) = =) P(A or B) = P(A) + P(B) — P(A and B)
ft
x-x\Ky-y
p=atbx p= ae ko=9)
5 (x—-¥)
Copyright reserved",missing_marks,EUCL,,struct,medium,STRUCT_EUCL,path_a,False,,,,,,,,,,,,,,,
2018,2018_nov_p1_exam_maths,P1,1.0,1.1,,Solve for x:,stem,ALG,,signature,high,nsc_solve_x,path_a,False,,,,,,,,,,,,,,,
2018,2018_nov_p1_exam_maths,P1,1.0,1.1.1,3.0,x* —-4x+3=0,ok,,,unmapped,,,path_a,False,,,,,,,,,,,,,,,
2018,2018_nov_p1_exam_maths,P1,1.0,1.1.2,3.0,5x* —5x+1=0 (correct to TWO decimal places),ok,ALG,,struct,high,STRUCT_ALG,path_a,False,,,,,,,,,,,,,,,
2018,2018_nov_p1_exam_maths,P1,1.0,1.1.3,3.0,x’ —3x-10>0,ok,ALG,,struct,medium,STRUCT_ALG,path_a,False,,,,,,,,,,,,,,,
2018,2018_nov_p1_exam_maths,P1,1.0,1.1.4,4.0,3Vx =x-4,ok,,,unmapped,,,path_a,False,,,,,,,,,,,,,,,
2018,2018_nov_p1_exam_maths,P1,1.0,1.2,6.0,"Solve simultaneously for x and y:
3x-y=2 and 2y+9x*? =-]",ok,ALG,,struct,high,STRUCT_ALG,path_a,False,,,,,,,,,,,,,,,
2018,2018_nov_p1_exam_maths,P1,1.0,1.3,,"If 3°*=64 and 5%” =64, calculate, WITHOUT the use of a calculator,
the value of: bap
vs"" (a
[23]",missing_marks,,,unmapped,,,path_a,False,,,,,,,,,,,,,,,
2018,2018_nov_p2_exam_maths,P2,1.0,1.1,,"The cumulative frequency graph (ogive) drawn below shows the total number of
food items ordered from a menu over a period of 1 hour.

° TA C | min 8 oom
povmiedHandun oc untied ci eat ontontantcatesioeradfus fenieiies
Mobis fecafest cd osttsstessfsafeatlottoatee’ cafaaHlcd Oanbetie:
-Sogesist et] EEE HE ET ITEE EY al HEEET TEL
=o UGsudi fHsszd/ if ceaffl/cedfdHocatf TT FsedHiIEEETTEGUT

ie) 10 20 30 40 50 60
Number of minutes",stem,STAT,,signature,high,ogive_reading,path_a,False,,,,,,,,,,,,,,,
2018,2018_nov_p2_exam_maths,P2,1.0,1.1.1,1.0,"Write down the total number of food items ordered from the menu during
this hour.",ok,,,unmapped,,,path_a,False,,,,,,,,,,,,,,,
2018,2018_nov_p2_exam_maths,P2,1.0,1.1.2,1.0,Write down the modal class of the data.,ok,STAT,,lexicon,medium,,path_a,False,,,,,,,,,,,,,,,
2018,2018_nov_p2_exam_maths,P2,1.0,1.1.3,1.0,How long did it take to order the first 30 food items?,ok,,,unmapped,,,path_a,False,,,,,,,,,,,,,,,
2018,2018_nov_p2_exam_maths,P2,1.0,1.1.4,2.0,How many food items were ordered in the last 15 minutes?,ok,STAT,,lexicon,medium,,path_a,False,,,,,,,,,,,,,,,
2018,2018_nov_p2_exam_maths,P2,1.0,1.1.5,2.0,"Determine the 75"" percentile for the data.",ok,STAT,,lexicon,medium,,path_a,False,,,,,,,,,,,,,,,
2018,2018_nov_p2_exam_maths,P2,1.0,1.1.6,,"Calculate the interquartile range of the data. (2)

Copyright reserved Please turn over

===== Page 4 =====
Mathematics/P2 4 DBE/November 2018
NSC",missing_marks,STAT,,signature,high,iqr,path_a,False,,,,,,,,,,,,,,,
2018,2018_nov_p2_exam_maths,P2,1.0,1.2,,"Reggie works part-time as a waiter at a local restaurant. The amount of money
(in rands) he made in tips over a 15-day period is given below.
C=[e[= [= [=
Pe [ow [oe Pe [os",stem,,,unmapped,,,path_a,False,,,,,,,,,,,,,,,
2018,2018_nov_p2_exam_maths,P2,1.0,1.2.1,2.0,"Calculate:
(a) The mean of the data (2)
(b) The standard deviation of the data",ok,STAT,,signature,high,standard_dev,path_a,False,,,,,,,,,,,,,,,
2018,2018_nov_p2_exam_maths,P2,1.0,1.2.2,,"Mary also works part-time as a waitress at the same restaurant. Over the
same 15-day period Mary collected the same mean amount in tips as
Reggie, but her standard deviation was R14.
Using the available information, comment on the:
(a) Total amount in tips that they EACH collected over the 15-day
period (1)
(b) Variation that EACH of them received in daily tips over this period (1)
[15]
Copyright reserved Please turn over

===== Page 5 =====
Mathematics/P2 5 DBE/November 2018
NSC",missing_marks,STAT,,signature,high,standard_dev,path_a,False,,,,,,,,,,,,,,,
2018,2018_nov_p1_exam_maths,P1,2.0,2.1,,Given the quadratic sequence: 2;3;10;23;...,stem,SEQ,,lexicon,medium,,path_a,False,,,,,,,,,,,,,,,
2018,2018_nov_p1_exam_maths,P1,2.0,2.1.1,1.0,Write down the next term of the sequence.,ok,SEQ,,lexicon,medium,,path_a,False,,,,,,,,,,,,,,,
2018,2018_nov_p1_exam_maths,P1,2.0,2.1.2,4.0,"Determine the n"" term of the sequence.",ok,SEQ,,lexicon,medium,,path_a,False,,,,,,,,,,,,,,,
2018,2018_nov_p1_exam_maths,P1,2.0,2.1.3,2.0,"Calculate the 20"" term of the sequence.",ok,SEQ,,lexicon,medium,,path_a,False,,,,,,,,,,,,,,,
2018,2018_nov_p1_exam_maths,P1,2.0,2.2,3.0,"Given the arithmetic sequence: 35 ; 28;21;...
Calculate which term of the sequence will have a value of -140.",ok,SEQ,,signature,high,nsc_arithmetic_seq,path_a,False,,,,,,,,,,,,,,,
2018,2018_nov_p1_exam_maths,P1,2.0,2.3,,For which value of 1 will the sum of the first » terms of the arithmetic sequence in,missing_marks,SEQ,,signature,high,nsc_arithmetic_seq,path_a,False,,,,,,,,,,,,,,,
2018,2018_nov_p1_exam_maths,P1,2.0,2.2,,be equal to the 7” term of the quadratic sequence in,missing_marks,SEQ,,lexicon,medium,,path_a,False,,,,,,,,,,,,,,,
2018,2018_nov_p1_exam_maths,P1,2.0,2,,"QUESTION 2.1? (6)
[16]
Copyright reserved Please turn over

===== Page 4 =====
Mathematics/P 1 4 DBE/November 2018
NSC",no_sub_markers,,,unmapped,,,path_a,False,,,,,,,,,,,,,,,
2018,2018_nov_p2_exam_maths,P2,2.0,2.1,1.0,Write down the fastest average serve speed (in km/h) achieved in this tournament.,ok,,,unmapped,,,path_a,False,,,,,,,,,,,,,,,
2018,2018_nov_p2_exam_maths,P2,2.0,2.2,,"Consider the following correlation coefficients:
A. r=0,93 B. r=-0,42 C. r=0,52",stem,STAT,,signature,high,correlation,path_a,False,,,,,,,,,,,,,,,
2018,2018_nov_p2_exam_maths,P2,2.0,2.2.1,1.0,Which ONE of the given correlation coefficients best fits the plotted data?,ok,STAT,,signature,high,correlation,path_a,False,,,,,,,,,,,,,,,
2018,2018_nov_p2_exam_maths,P2,2.0,2.2.2,1.0,"Use the scatter plot and least squares regression line to motivate your
answer to QUESTION 2.2.1.",ok,STAT,,signature,high,regression,path_a,False,,,,,,,,,,,,,,,
2018,2018_nov_p2_exam_maths,P2,2.0,2.3,1.0,"What does the data suggest about the speed of a tennis serve (in km/h) and the height
of a player (in metres)?",ok,STAT,,lexicon,medium,,path_a,False,,,,,,,,,,,,,,,
2018,2018_nov_p2_exam_maths,P2,2.0,2.4,,"The equation of the regression line is givenas jy = 27,07 + bx.
Explain why, in this context, the least squares regression line CANNOT intersect the
y-axis at (0 ; 27,07). (1)
[5]
Copyright reserved Please turn over

===== Page 6 =====
Mathematics/P2 6 DBE/November 2018
NSC",missing_marks,STAT,,signature,high,regression,path_a,False,,,,,,,,,,,,,,,
2018,2018_nov_p1_exam_maths,P1,3.0,3.1,2.0,Calculate the first term of the series.,ok,SEQ,,lexicon,medium,,path_a,False,,,,,,,,,,,,,,,
2018,2018_nov_p1_exam_maths,P1,3.0,3.2,2.0,Calculate the 8™ term of the series.,ok,SEQ,,lexicon,medium,,path_a,False,,,,,,,,,,,,,,,
2018,2018_nov_p1_exam_maths,P1,3.0,3.3,,"Given: ¥.3(2)* =5,8125 Calculate the value of n. (4)
k=l

20 k 20 k .",missing_marks,,,unmapped,,,path_a,False,,,,,,,,,,,,,,,
2018,2018_nov_p1_exam_maths,P1,3.0,3.4,11.0,"If > 3(2)"" = p, write down >. 24(2)° in terms of p.

tal ici (3)",ok,SEQ,,lexicon,medium,,path_a,False,,,,,,,,,,,,,,,
2018,2018_nov_p2_exam_maths,P2,3.0,3.1,,Calculate:,stem,,,unmapped,,,path_a,False,,,,,,,,,,,,,,,
2018,2018_nov_p2_exam_maths,P2,3.0,3.1.1,2.0,The gradient of KN,ok,AGEO,,signature,high,gradient,path_a,False,,,,,,,,,,,,,,,
2018,2018_nov_p2_exam_maths,P2,3.0,3.1.2,2.0,"The size of @, the inclination of KN",ok,AGEO,,signature,high,angle_inclination,path_a,False,,,,,,,,,,,,,,,
2018,2018_nov_p2_exam_maths,P2,3.0,3.2,2.0,Show that the gradient of KL is equal to 1.,ok,AGEO,,signature,high,gradient,path_a,False,,,,,,,,,,,,,,,
2018,2018_nov_p2_exam_maths,P2,3.0,3.3,2.0,Determine the equation of the straight line KL in the form y=mx+c.,ok,AGEO,,lexicon,medium,,path_a,False,,,,,,,,,,,,,,,
2018,2018_nov_p2_exam_maths,P2,3.0,3.4,2.0,Calculate the length of KN.,ok,FUNC,,signature,medium,nsc_length,path_a,False,,,,,,,,,,,,,,,
2018,2018_nov_p2_exam_maths,P2,3.0,3.5,,It is further given that KN = LM.,stem,,,unmapped,,,path_a,False,,,,,,,,,,,,,,,
2018,2018_nov_p2_exam_maths,P2,3.0,3.5.1,5.0,Calculate the possible coordinates of L.,ok,,,unmapped,,,path_a,False,,,,,,,,,,,,,,,
2018,2018_nov_p2_exam_maths,P2,3.0,3.5.2,3.0,"Determine the coordinates of L if it is given that KLMN is a
parallelogram.",ok,FUNC,,signature,high,nsc_log_graph,path_a,False,,,,,,,,,,,,,,,
2018,2018_nov_p2_exam_maths,P2,3.0,3.6,,"T is apointon KL produced. TM is drawn such that TM=LM. Calculate the
areaof AKIN. (4)
[22]
Copyright reserved Please turn over

===== Page 7 =====
Mathematics/P2 7 DBE/November 2018
NSC",missing_marks,EUCL,,lexicon,medium,,path_a,False,,,,,,,,,,,,,,,
2018,2018_nov_p1_exam_maths,P1,4.0,4.1,2.0,Is f a function? Motivate your answer.,ok,,,unmapped,,,path_a,False,,,,,,,,,,,,,,,
2018,2018_nov_p1_exam_maths,P1,4.0,4.2,2.0,"If R is the reflection of P in the line y =x, write down the coordinates of R. (1)
43 Calculate the value of a.",ok,FUNC,,lexicon,medium,,path_a,False,,,,,,,,,,,,,,,
2018,2018_nov_p1_exam_maths,P1,4.0,4.4,,"Write down the equation of f' inthe form y=... (3)
[3]

Copyright reserved Please turn over

===== Page 5 =====
Mathematics/P 1 5 DBE/November 2018
NSC",missing_marks,,,unmapped,,,path_a,False,,,,,,,,,,,,,,,
2018,2018_nov_p2_exam_maths,P2,4.0,4.1,2.0,Write down the coordinates of F.,ok,,,unmapped,,,path_a,False,,,,,,,,,,,,,,,
2018,2018_nov_p2_exam_maths,P2,4.0,4.2,2.0,Calculate the length of FS.,ok,FUNC,,signature,medium,nsc_length,path_a,False,,,,,,,,,,,,,,,
2018,2018_nov_p2_exam_maths,P2,4.0,4.3,1.0,Write down the length of HG.,ok,EUCL,,lexicon,medium,,path_a,False,,,,,,,,,,,,,,,
2018,2018_nov_p2_exam_maths,P2,4.0,4.4,4.0,Give a reason why JH = JK.,ok,EUCL,,lexicon,medium,,path_a,False,,,,,,,,,,,,,,,
2018,2018_nov_p2_exam_maths,P2,4.0,4.5,,Determine:,stem,,,unmapped,,,path_a,False,,,,,,,,,,,,,,,
2018,2018_nov_p2_exam_maths,P2,4.0,4.5.1,4.0,"The distance FJ, with reasons, if it is given that JK = 20",ok,EUCL,,signature,high,with_reasons,path_a,False,,,,,,,,,,,,,,,
2018,2018_nov_p2_exam_maths,P2,4.0,4.5.2,1.0,"The equation of the circle with centre G in terms of m and 7 in the

form (x-a)’ +(y—-by =r’",ok,AGEO,,signature,high,circle_equation,path_a,False,,,,,,,,,,,,,,,
2018,2018_nov_p2_exam_maths,P2,4.0,4.5.3,,"The coordinates of G, if it is further given that the equation of
tangent JK is x =22 (7)
[18]

Copyright reserved Please turn over

===== Page 8 =====
Mathematics/P2 8 DBE/November 2018
NSC",missing_marks,CALC,,signature,high,tangent_gradient,path_a,False,,,,,,,,,,,,,,,
2018,2018_nov_p1_exam_maths,P1,5.0,5.1,1.0,Write down the domain of /.,ok,FUNC,,signature,high,nsc_domain,path_a,False,,,,,,,,,,,,,,,
2018,2018_nov_p1_exam_maths,P1,5.0,5.2,2.0,Write down the asymptotes of /.,ok,FUNC,,signature,high,asymptotes,path_a,False,,,,,,,,,,,,,,,
2018,2018_nov_p1_exam_maths,P1,5.0,5.3,3.0,"Sketch the graph of f clearly showing all intercepts with the axes and any
asymptotes.",ok,FUNC,,signature,high,asymptotes,path_a,False,,,,,,,,,,,,,,,
2018,2018_nov_p1_exam_maths,P1,5.0,5.4,3.0,For which values of x will x.f'(x)>0? (2),ok,FUNC,,signature,medium,nsc_interpret,path_a,False,,,,,,,,,,,,,,,
2018,2018_nov_p2_exam_maths,P2,5.0,5.1,,"In the diagram, P(k; 1) is a point in the 2""* quadrant and is V5 units from the
origin. R is a point on the positive x-axis and obtuse ROP =8.
y
P(k; 1)
V5 | ¢
x
O R",stem,EUCL,,lexicon,medium,,path_a,False,,,,,,,,,,,,,,,
2018,2018_nov_p2_exam_maths,P2,5.0,5.1.1,2.0,Calculate the value of k.,ok,,,unmapped,,,path_a,False,,,,,,,,,,,,,,,
2018,2018_nov_p2_exam_maths,P2,5.0,5.1.2,,"Without using a calculator, calculate the value of:
(a) tan@ (1)
(b) cos(180°+ 8) (2)
(c) sin(0 +.60°) in the form 272 (5)
20",missing_marks,TRIG,,lexicon,medium,,path_a,False,,,,,,,,,,,,,,,
2018,2018_nov_p2_exam_maths,P2,5.0,5.1.3,3.0,"Use a calculator to calculate the value of tan(20-—40°) correct to
ONE decimal place.",ok,TRIG,,lexicon,medium,,path_a,False,,,,,,,,,,,,,,,
2018,2018_nov_p2_exam_maths,P2,5.0,5.2,,"Prove the following identity: ssn ss — = =2 tan 2x (5)
cosx—sinx cosx+sinx
52°",missing_marks,TRIG,,signature,high,identity_proof,path_a,False,,,,,,,,,,,,,,,
2018,2018_nov_p2_exam_maths,P2,5.0,5.3,,"Evaluate, without using a calculator: > cos* A (5)
A=38°
[23]
Copyright reserved Please turn over

===== Page 9 =====
Mathematics/P2 9 DBE/November 2018
NSC",missing_marks,TRIG,,lexicon,medium,,path_a,False,,,,,,,,,,,,,,,
2018,2018_nov_p1_exam_maths,P1,6.0,6.1,2.0,Show that g)=x+1.,ok,,,unmapped,,,path_a,False,,,,,,,,,,,,,,,
2018,2018_nov_p1_exam_maths,P1,6.0,6.2,3.0,Calculate the coordinates of A and B.,ok,FUNC,,lexicon,medium,,path_a,False,,,,,,,,,,,,,,,
2018,2018_nov_p1_exam_maths,P1,6.0,6.3,3.0,Determine the range of f,ok,FUNC,,lexicon,medium,,path_a,False,,,,,,,,,,,,,,,
2018,2018_nov_p1_exam_maths,P1,6.0,6.4,,If MN = 6:,stem,,,unmapped,,,path_a,False,,,,,,,,,,,,,,,
2018,2018_nov_p1_exam_maths,P1,6.0,6.4.1,4.0,"Determine the length of OT if T lies on the negative x-axis. Show ALL
your working.",ok,,,unmapped,,,path_a,False,,,,,,,,,,,,,,,
2018,2018_nov_p1_exam_maths,P1,6.0,6.4.2,2.0,"Hence, write down the coordinates of N.",ok,FUNC,,lexicon,medium,,path_a,False,,,,,,,,,,,,,,,
2018,2018_nov_p1_exam_maths,P1,6.0,6.5,5.0,Determine the equation of the tangent to f drawn parallel to g.,ok,CALC,,signature,high,tangent_gradient,path_a,False,,,,,,,,,,,,,,,
2018,2018_nov_p1_exam_maths,P1,6.0,6.6,,"For which value(s) of & will (x) =x? -—2x—-3 and h(x)=x+k NOT intersect? (1)
[20]
Copyright reserved Please turn over

===== Page 6 =====
Mathematics/P1 6 DBE/November 2018
NSC",missing_marks,CALC,,signature,medium,nsc_intersect_3,path_a,False,,,,,,,,,,,,,,,
2018,2018_nov_p2_exam_maths,P2,6.0,6.1,1.0,Write down the period of ff.,ok,,,unmapped,,,path_a,False,,,,,,,,,,,,,,,
2018,2018_nov_p2_exam_maths,P2,6.0,6.2,3.0,The point A(¢; 2) lies on the graph. Determine the general solution of t.,ok,TRIG,,signature,high,general_solution,path_a,False,,,,,,,,,,,,,,,
2018,2018_nov_p2_exam_maths,P2,6.0,6.3,4.0,"On the grid provided in the ANSWER BOOK, draw the graph of f for the interval

x €[-120° ; 180°]. Clearly show ALL asymptotes, intercepts with the axes and

endpoint(s) of the graph.",ok,FUNC,,signature,high,asymptotes,path_a,False,,,,,,,,,,,,,,,
2018,2018_nov_p2_exam_maths,P2,6.0,6.4,3.0,"Use the graph to determine for which value(s) of x will f(x)22 for

x €[-120° ; 180°].",ok,,,unmapped,,,path_a,False,,,,,,,,,,,,,,,
2018,2018_nov_p2_exam_maths,P2,6.0,6.5,,"Describe the transformation of graph f to form the graph of

3 o
[13]

Copyright reserved Please turn over

===== Page 10 =====
Mathematics/P2 10 DBE/November 2018
NSC",missing_marks,,,unmapped,,,path_a,False,,,,,,,,,,,,,,,
2018,2018_nov_p1_exam_maths,P1,7.0,7.1,,"Selby decided today that he will save R15 000 per quarter over the next four years.
He will make the first deposit into a savings account in three months' time and he will
make his last deposit at the end of four years from now.",stem,FIN,,lexicon,medium,,path_a,False,,,,,,,,,,,,,,,
2018,2018_nov_p1_exam_maths,P1,7.0,7.1.1,3.0,"How much will Selby have at the end of four years if interest is earned at
8,8% per annum, compounded quarterly?",ok,FIN,,signature,high,nsc_compound,path_a,False,,,,,,,,,,,,,,,
2018,2018_nov_p1_exam_maths,P1,7.0,7.1.2,3.0,"If Selby decides to withdraw R100 000 from the account at the end of
three years from now, how much will he have in the account at the end of
four years from now?",ok,FIN,,lexicon,medium,,path_a,False,,,,,,,,,,,,,,,
2018,2018_nov_p1_exam_maths,P1,7.0,7.2,,Tshepo takes out a home loan over 20 years to buy a house that costs R1 500 000.,stem,FIN,,signature,high,nsc_loan,path_a,False,,,,,,,,,,,,,,,
2018,2018_nov_p1_exam_maths,P1,7.0,7.2.1,4.0,"Calculate the monthly instalment if interest is charged at 10,5% p.a.,
compounded monthly.",ok,FIN,,signature,high,nsc_instalment,path_a,False,,,,,,,,,,,,,,,
2018,2018_nov_p1_exam_maths,P1,7.0,7.2.2,15.0,"Calculate the outstanding balance immediately after the 144"" payment
was made. (5)",ok,FIN,,lexicon,medium,,path_a,False,,,,,,,,,,,,,,,
2018,2018_nov_p2_exam_maths,P2,7.0,7.1,2.0,Determine the distance AB in terms of h.,ok,AGEO,,signature,high,distance,path_a,False,,,,,,,,,,,,,,,
2018,2018_nov_p2_exam_maths,P2,7.0,7.2,,"Show that the distance between the strange object at point B and the control room at

point C is given by BC = hy 25—24cos’x. (4)

[6]

Copyright reserved Please turn over

===== Page 11 =====
Mathematics/P2 li DBE/November 2018
NSC",missing_marks,SEQ,,signature,high,nsc_term_to_term,path_a,False,,,,,,,,,,,,,,,
2018,2018_nov_p1_exam_maths,P1,8.0,8.1,5.0,Determine f'(x) from first principles if it is given f(x) =x? —5.,ok,CALC,,signature,high,nsc_first_principles,path_a,False,,,,,,,,,,,,,,,
2018,2018_nov_p1_exam_maths,P1,8.0,8.2,,"Determine yy if:
ax",stem,,,unmapped,,,path_a,False,,,,,,,,,,,,,,,
2018,2018_nov_p1_exam_maths,P1,8.0,8.2.1,3.0,y=3x + 6x7 +x-4,ok,,,unmapped,,,path_a,False,,,,,,,,,,,,,,,
2018,2018_nov_p1_exam_maths,P1,8.0,8.2.2,,"yx-y=2x?-2x 3; x¥l (4)
[12]
Copyright reserved Please turn over

===== Page 7 =====
Mathematics/P 1 7 DBE/November 2018
NSC",missing_marks,ALG,,struct,high,STRUCT_ALG,path_a,False,,,,,,,,,,,,,,,
2018,2018_nov_p2_exam_maths,P2,8.0,8.1,,"PON is a diameter of the circle centred at O. TM is a tangent to the circle at M,
a point on the circle. R is another point on the circle such that OR || PM. NR and
MN are drawn. Let M, = 66°.
T
(if | | -
|
Calculate, with reasons, the size of EACH of the following angles:",stem,EUCL,,signature,high,with_reasons,path_a,False,,,,,,,,,,,,,,,
2018,2018_nov_p2_exam_maths,P2,8.0,8.1.1,2.0,P,ok,,,unmapped,,,path_a,False,,,,,,,,,,,,,,,
2018,2018_nov_p2_exam_maths,P2,8.0,8.1.2,2.0,"M,",ok,,,unmapped,,,path_a,False,,,,,,,,,,,,,,,
2018,2018_nov_p2_exam_maths,P2,8.0,8.1.3,1.0,"N,",ok,,,unmapped,,,path_a,False,,,,,,,,,,,,,,,
2018,2018_nov_p2_exam_maths,P2,8.0,8.1.4,2.0,"0,",ok,,,unmapped,,,path_a,False,,,,,,,,,,,,,,,
2018,2018_nov_p2_exam_maths,P2,8.0,8.1.5,,"N, (3)
Copyright reserved Please turn over

===== Page 12 =====
Mathematics/P2 12 DBE/November 2018
NSC",missing_marks,,,unmapped,,,path_a,False,,,,,,,,,,,,,,,
2018,2018_nov_p2_exam_maths,P2,8.0,8.2,,"In the diagram, AAGH is drawn. F and C are pointson AG and AH respectively

such that AF = 20 units, FG = 15 units and CH = 21 units. D isa point on FC

such that ABCD is a rectangle with AB also parallel to GH. The diagonals of

ABCD intersect at M, a point on AH.

B
' ;
20
Cc
1
F
H
15
G",stem,CALC,,signature,medium,nsc_intersect_3,path_a,False,,,,,,,,,,,,,,,
2018,2018_nov_p2_exam_maths,P2,8.0,8.2.1,1.0,Explain why FC || GH.,ok,,,unmapped,,,path_a,False,,,,,,,,,,,,,,,
2018,2018_nov_p2_exam_maths,P2,8.0,8.2.2,,"Calculate, with reasons, the length of DM. (5)
[16]

Copyright reserved Please turn over

===== Page 13 =====
Mathematics/P2 13 DBE/November 2018
NSC",missing_marks,EUCL,,signature,high,with_reasons,path_a,False,,,,,,,,,,,,,,,
2018,2018_nov_p1_exam_maths,P1,9.0,9.1,,"The graph of g(x)=x°+bx?+cex+d_ is sketched below.
The graph of g intersects the x-axis at (-5 ; 0) and at P, and the y-axis at (0; 20).
P and R are turning points of g.
Ro} y
&
20
x
—5 O P",stem,CALC,,signature,medium,nsc_intersect_3,path_a,False,,,,,,,,,,,,,,,
2018,2018_nov_p1_exam_maths,P1,9.0,9.1.1,4.0,"Show that b=1, c=-—16 and d= 20.",ok,,,unmapped,,,path_a,False,,,,,,,,,,,,,,,
2018,2018_nov_p1_exam_maths,P1,9.0,9.1.2,5.0,Calculate the coordinates of P and R.,ok,FUNC,,lexicon,medium,,path_a,False,,,,,,,,,,,,,,,
2018,2018_nov_p1_exam_maths,P1,9.0,9.1.3,3.0,"Is the graph concave up or concave down at (0 ; 20)? Show ALL your
calculations.",ok,CALC,,signature,high,nsc_concave,path_a,False,,,,,,,,,,,,,,,
2018,2018_nov_p1_exam_maths,P1,9.0,9.2,,"If g is acubic function with:
© g3)=g'(3)=0
° (0) = 27
e gl (x)>0 when x <3 and g(x) <0 when x > 3,
draw a sketch graph of g indicating ALL relevant points. (3)
[15]
Copyright reserved Please tum over

===== Page 8 =====
Mathematics/P1 8 DBE/November 2018
NSC",missing_marks,CALC,,signature,high,nsc_cubic,path_a,False,,,,,,,,,,,,,,,
2018,2018_nov_p2_exam_maths,P2,9.0,9.1,,"In the diagram, JKLM is acyclic quadrilateral and the circle has centre O.
Prove the theorem which states that J +L = 180°. (5)
J a
[oy |
: —
Copyright reserved Please turn over

===== Page 14 =====
Mathematics/P2 14 DBE/November 2018
NSC",missing_marks,EUCL,,signature,high,cyclic_quad,path_a,False,,,,,,,,,,,,,,,
2018,2018_nov_p2_exam_maths,P2,9.0,9.2,,"In the diagram, a smaller circle ABTS and a bigger circle BDRT are given. BT is
a common chord. Straight lines STD and ATR are drawn. Chords AS and DR
are produced to meet in C, a point outside the two circles. BS and BD are drawn.
A=xand R, =y.
R
Cc",stem,AGEO,,signature,high,circle_equation,path_a,False,,,,,,,,,,,,,,,
2018,2018_nov_p2_exam_maths,P2,9.0,9.2.1,2.0,"Name, giving a reason, another angle equal to:
(a) x (2)
(b) y",ok,EUCL,,lexicon,medium,,path_a,False,,,,,,,,,,,,,,,
2018,2018_nov_p2_exam_maths,P2,9.0,9.2.2,3.0,Prove that SCDB is a cyclic quadrilateral.,ok,EUCL,,signature,high,cyclic_quad,path_a,False,,,,,,,,,,,,,,,
2018,2018_nov_p2_exam_maths,P2,9.0,9.2.3,,"It is further given that D, =30° and AST =100°.
Prove that SD is not a diameter of circle BDS. (4)
[16]
Copyright reserved Please turn over

===== Page 15 =====
Mathematics/P2 15 DBE/November 2018
NSC",missing_marks,AGEO,,signature,high,circle_equation,path_a,False,,,,,,,,,,,,,,,
2018,2018_nov_p1_exam_maths,P1,10.0,10.1,1.0,Write down AH : HG.,ok,,,unmapped,,,path_a,False,,,,,,,,,,,,,,,
2018,2018_nov_p1_exam_maths,P1,10.0,10.2,6.0,"Calculate ¢ if the area of the parallelogram is a maximum.

(NOTE: Area of a parallelogram = base x | height) (5)",ok,FUNC,,signature,high,nsc_log_graph,path_a,False,,,,,,,,,,,,,,,
2018,2018_nov_p2_exam_maths,P2,10.0,10.1,,Prove that:,stem,EUCL,,struct,medium,STRUCT_EUCL,path_a,False,,,,,,,,,,,,,,,
2018,2018_nov_p2_exam_maths,P2,10.0,10.1.1,5.0,MC isa tangent to the circle at C,ok,CALC,,signature,high,tangent_gradient,path_a,False,,,,,,,,,,,,,,,
2018,2018_nov_p2_exam_maths,P2,10.0,10.1.2,3.0,AACB ||| ACMD,ok,,,unmapped,,,path_a,False,,,,,,,,,,,,,,,
2018,2018_nov_p2_exam_maths,P2,10.0,10.2,,"Hence, or otherwise, prove that:
2",stem,EUCL,,struct,medium,STRUCT_EUCL,path_a,False,,,,,,,,,,,,,,,
2018,2018_nov_p2_exam_maths,P2,10.0,10.2.1,,"CM"" AM (6)
DC? AB",missing_marks,,,unmapped,,,path_a,False,,,,,,,,,,,,,,,
2018,2018_nov_p2_exam_maths,P2,10.0,10.2.2,,"AM = sin’? x (2)
AB
[16]
TOTAL: 150
Copyright reserved

===== Page 16 =====
Mathematics/P2 DBE/November 2018
NSC
INFORMATION SHEET
—b+ \b2 —4ac
x = —— —
2a
A= P(1+ni) A= P(\-ni) A= P(1-i)"" A= P(i+i)""
T, =a+(n-1)d S, = 5Ra+(n—Dd]
T, =ar"""" 5 aoe"" =) sre S,=— 3 -1er<!
. r-l l-r
pd +a"" -1] pa xia (+iy”
i i
h->0 A
X, +x, y, ty
d=) (x,-x) +0, —yy M| 2-4 =?
2 2
y=mxt+e y-y, =m(x-x,) m=22—71 m=tan@
%2~*y
(x—a) +(y-b) =r?
In AABC: 2 =P = 2 |
snA sinB sinC
a’ =b’ +c’ —2be.cosA
area AABC = 5 ab.sinC
sin(a + B) = sina.cos/ +cosa.sinB sin(o.—B) =sina.cosf —cosa.sinB
costar + B) =cosa.cos# —sina.sin B cola — B) =cosa.cos/+sina.sinB
cos’ a—sin’ a
cos2a =41—2sin’ a sin 2a = 2sina.cosa
2cos’ a@—1
- =\2
X,-X
>: 2, ;— x)
x= o* = =L____
nh n
nA)
P(A)= AS) P(A or B) = P(A) + P(B) — P(A and B)
n
x—-x\y-y
p=atbx p = Le *I0-9) Ko=9)
Yi(x- x)
Copyright reserved",missing_marks,ALG,,struct,medium,STRUCT_ALG,path_a,False,,,,,,,,,,,,,,,
2018,2018_nov_p1_exam_maths,P1,11.0,11.1,,"Calculate how many unique 5-digit codes can be formed using the digits above, if:",stem,PROB,,signature,high,nsc_digit_code,path_a,False,,,,,,,,,,,,,,,
2018,2018_nov_p1_exam_maths,P1,11.0,11.1.1,2.0,The digits may be repeated,ok,,,unmapped,,,path_a,False,,,,,,,,,,,,,,,
2018,2018_nov_p1_exam_maths,P1,11.0,11.1.2,2.0,The digits may not be repeated,ok,PROB,,signature,high,nsc_no_repeat,path_a,False,,,,,,,,,,,,,,,
2018,2018_nov_p1_exam_maths,P1,11.0,11.2,,"How many unique 3-digit codes can be formed using the above digits, if:

e © Digits may be repeated

e The code is greater than 400 but less than 600

e The code is divisible by 5 (3)

[7]

Copyright reserved Please turn over

===== Page 9 =====
Mathematics/P 1 9 DBE/November 2018
NSC",missing_marks,PROB,,signature,high,nsc_digit_code,path_a,False,,,,,,,,,,,,,,,
2018,2018_nov_p1_exam_maths,P1,12.0,12.1,3.0,"Given: P(A) =0,45; P(B)=y and P(A or B) = 0,74
Determine the value(s) of y if A and B are mutually exclusive.",ok,PROB,,signature,high,mutually_exclusive,path_a,False,,,,,,,,,,,,,,,
2018,2018_nov_p1_exam_maths,P1,12.0,12.2,,"An organisation decided to distribute gift bags of sweets to a Grade R class at a
certain school. There is a mystery gift in exactly ; of the total number of bags.
Each learner in the class may randomly select two gift bags of sweets, one after the
other. The probability that a learner selects two bags of sweets with a mystery gift
is a . Calculate the number of gift bags of sweets with a mystery gift inside. 6
[9]
TOTAL: 150
Copyright reserved

===== Page 10 =====
Mathematics/P 1 DBE/November 2018
NSC
INFORMATION SHEET
—b+ Vb2 —4ac
x = ——_§_€—
2a
A=P(1+ni) A=P(-ni) A=P(1-i)"" A= P(1+i)”
T, =a+(n-ld 8, = jba+@-Nd]
nl alr’ ~1) __4@
T, =ar S = 5r¥il S, =a 3 -l<r<l
. r-l l-r
p+"" -1] p_al-d+""|
i i
h>0 A
SSS x, +x +
d= (x,-x) +(,-n)y M ane Sees)
2 2
y=mxte y-y, =m(x-x,) m=22—>L m= tan@
7%
(x-a) +(y-bY =r?
sind sinB sinC
a’ =b’ +c’ —2be.cosA
area AABC = 5a sinC
sin(a + £) =sina.cosf +cosa.sin£ sin(a. —B) = sina.cosB —cosa.sinB
coda + B) = cosa.cos#—sina.sinP cola _ B) =cosa.cos#+sina.sinB
cos’ a—sin’ a
cos2a =41-2sin’ a sin2a = 2sina.cosa
2cos’ a—1
» (x; ~ x)
x= > o’ — j=l
Wl fn
nA) _
P(A) = AAS) P(A or B) = P(A) + P(B) — P(A and B)
fh
x—-x\Ky-y
j-a+bx p= Le —)0-7)
> («-x)
Copyright reserved",missing_marks,PROB,,signature,medium,nsc_probability,path_a,False,,,,,,,,,,,,,,,
2019,2019_nov_p1_exam_maths,P1,1.0,1.1,,Solve for x:,stem,ALG,,signature,high,nsc_solve_x,path_a,False,,,,,,,,,,,,,,,
2019,2019_nov_p1_exam_maths,P1,1.0,1.1.1,3.0,x? +5x-6=0,ok,ALG,,struct,high,STRUCT_ALG,path_a,False,,,,,,,,,,,,,,,
2019,2019_nov_p1_exam_maths,P1,1.0,1.1.2,3.0,4x*+3x-5=0 (correct to TWO decimal places),ok,ALG,,struct,high,STRUCT_ALG,path_a,False,,,,,,,,,,,,,,,
2019,2019_nov_p1_exam_maths,P1,1.0,1.1.3,4.0,"4x? -1<0 (3)
114 (Vv32 + x | \v32 - x] =x",ok,ALG,,struct,high,STRUCT_ALG,path_a,False,,,,,,,,,,,,,,,
2019,2019_nov_p1_exam_maths,P1,1.0,1.2,5.0,"Solve simultaneously for x and y:
ytx=12 and xy=14-3x",ok,ALG,,struct,high,STRUCT_ALG,path_a,False,,,,,,,,,,,,,,,
2019,2019_nov_p1_exam_maths,P1,1.0,1.3,,"Consider the product 1x2x3x4x... x 30.
Determine the largest value of k such that 3° is a factor of this product. (4)
[22]",missing_marks,,,unmapped,,,path_a,False,,,,,,,,,,,,,,,
2019,2019_nov_p2_exam_maths,P2,1.0,1.1,3.0,Determine the equation of the least squares regression line for the data.,ok,STAT,,signature,high,regression,path_a,False,,,,,,,,,,,,,,,
2019,2019_nov_p2_exam_maths,P2,1.0,1.2,2.0,"If a person earns R14 000 per month, predict the monthly repayment that the person
could make towards a motor vehicle.",ok,,,unmapped,,,path_a,False,,,,,,,,,,,,,,,
2019,2019_nov_p2_exam_maths,P2,1.0,1.3,1.0,"Determine the correlation coefficient between the monthly income and the monthly
repayment of a motor vehicle.",ok,SEQ,,signature,high,nsc_term_to_term,path_a,False,,,,,,,,,,,,,,,
2019,2019_nov_p2_exam_maths,P2,1.0,1.4,,"A person who earns R18 000 per month has to decide whether to spend R9 000 as a
monthly repayment of a motor vehicle, or not. If the above information is a true
representation of the population data, which of the following would the person most
likely decide on:
A Spend R9 000 per month because there is a very strong positive correlation
between the amount earned and the monthly repayment.
B NOT to spend R9 000 per month because there is a very weak positive
correlation between the amount earned and the monthly repayment.
C Spend R9 000 per month because the point (18 000 ; 9 000) lies very near to the
least squares regression line.
D NOT to spend R9 000 per month because the point (18 000 ; 9 000) lies very far
from the least squares regression line. (2)
[8]
Copyright reserved Please turn over

===== Page 4 =====
Mathematics/P2 4 DBE/November 2019
NSC",missing_marks,STAT,,signature,high,regression,path_a,False,,,,,,,,,,,,,,,
2019,2019_nov_p1_exam_maths,P1,2.0,2.1,,Given the quadratic sequence: 321 ; 290 ; 261 ; 234; ....,stem,SEQ,,lexicon,medium,,path_a,False,,,,,,,,,,,,,,,
2019,2019_nov_p1_exam_maths,P1,2.0,2.1.1,2.0,Write down the values of the next TWO terms of the sequence.,ok,SEQ,,lexicon,medium,,path_a,False,,,,,,,,,,,,,,,
2019,2019_nov_p1_exam_maths,P1,2.0,2.1.2,4.0,"Determine the general term of the sequence in the form J, = an’ +bnt+c.",ok,SEQ,,lexicon,medium,,path_a,False,,,,,,,,,,,,,,,
2019,2019_nov_p1_exam_maths,P1,2.0,2.1.3,4.0,Which term(s) of the sequence will have a value of 74?,ok,SEQ,,lexicon,medium,,path_a,False,,,,,,,,,,,,,,,
2019,2019_nov_p1_exam_maths,P1,2.0,2.1.4,,"Which term in the sequence has the least value? (2)
. . ; 5 5 5",missing_marks,SEQ,,lexicon,medium,,path_a,False,,,,,,,,,,,,,,,
2019,2019_nov_p1_exam_maths,P1,2.0,2.2,,"Given the geometric series: — +—+—~—+...=K
8 16 32",stem,SEQ,,signature,high,nsc_sigma_pk,path_a,False,,,,,,,,,,,,,,,
2019,2019_nov_p1_exam_maths,P1,2.0,2.2.1,3.0,Determine the value of K ifthe series has 21 terms.,ok,SEQ,,lexicon,medium,,path_a,False,,,,,,,,,,,,,,,
2019,2019_nov_p1_exam_maths,P1,2.0,2.2.2,,"Determine the largest value of n for which 7, > a (4)
[19]
Copyright reserved Please turn over

===== Page 4 =====
Mathematics/P 1 4 DBE/November 2019
NSC",missing_marks,,,unmapped,,,path_a,False,,,,,,,,,,,,,,,
2019,2019_nov_p2_exam_maths,P2,2.0,2.1,1.0,How many people paid R200 or less on their monthly cellphone contracts?,ok,,,unmapped,,,path_a,False,,,,,,,,,,,,,,,
2019,2019_nov_p2_exam_maths,P2,2.0,2.2,5.0,Use the information above to show that a= 24 and b= 16.,ok,TRIG,,lexicon,medium,,path_a,False,,,,,,,,,,,,,,,
2019,2019_nov_p2_exam_maths,P2,2.0,2.3,1.0,Write down the modal class for the data.,ok,STAT,,lexicon,medium,,path_a,False,,,,,,,,,,,,,,,
2019,2019_nov_p2_exam_maths,P2,2.0,2.4,4.0,"On the grid provided in the ANSWER BOOK, draw an ogive (cumulative frequency

graph) to represent the data.",ok,STAT,,signature,high,ogive_reading,path_a,False,,,,,,,,,,,,,,,
2019,2019_nov_p2_exam_maths,P2,2.0,2.5,,"Determine how many people paid more than R420 per month for their cellphone

contracts. (2)

[13]

Copyright reserved Please turn over

===== Page 5 =====
Mathematics/P2 5 DBE/November 2019
NSC",missing_marks,,,unmapped,,,path_a,False,,,,,,,,,,,,,,,
2019,2019_nov_p1_exam_maths,P1,3.0,3.1,,"Without using a calculator, determine the value of: y— — > — (3)
y=3 ye 2 y=3 Y -1",missing_marks,,,unmapped,,,path_a,False,,,,,,,,,,,,,,,
2019,2019_nov_p1_exam_maths,P1,3.0,3.2,,"A steel pavilion at a sports ground comprises of a series of 12 steps, of which the first
3 are shown in the diagram below.
Each step is 5m wide. Each step has a rise of ; m and has a tread of ; m, as
shown in the diagram below.
3 y
The open side (shaded on sketch) on each side of the pavilion must be covered with
metal sheeting. Calculate the area (in m7) of metal sheeting needed to cover both
open sides. (6)
[9]
Copyright reserved Please turn over

===== Page 5 =====
Mathematics/P1 5 DBE/November 2019
NSC",missing_marks,SEQ,,lexicon,medium,,path_a,False,,,,,,,,,,,,,,,
2019,2019_nov_p2_exam_maths,P2,3.0,3.1,1.0,Write down the equation of PR.,ok,,,unmapped,,,path_a,False,,,,,,,,,,,,,,,
2019,2019_nov_p2_exam_maths,P2,3.0,3.2,,Calculate the:,stem,,,unmapped,,,path_a,False,,,,,,,,,,,,,,,
2019,2019_nov_p2_exam_maths,P2,3.0,3.2.1,2.0,Gradient of RS,ok,AGEO,,signature,high,gradient,path_a,False,,,,,,,,,,,,,,,
2019,2019_nov_p2_exam_maths,P2,3.0,3.2.2,3.0,"Sizeof 0 G3)
3.2.3. Coordinates of D",ok,,,unmapped,,,path_a,False,,,,,,,,,,,,,,,
2019,2019_nov_p2_exam_maths,P2,3.0,3.3,4.0,"If it is given that TS = 2/5 , calculate the value of &.",ok,,,unmapped,,,path_a,False,,,,,,,,,,,,,,,
2019,2019_nov_p2_exam_maths,P2,3.0,3.4,3.0,"Parallelogram TDNS, with N in the 4"" quadrant, is drawn. Calculate the
coordinates of N.",ok,FUNC,,signature,high,nsc_log_graph,path_a,False,,,,,,,,,,,,,,,
2019,2019_nov_p2_exam_maths,P2,3.0,3.5,,"APRD is reflected about the y-axis to form AP’R'D!. Calculate the size of
RDR’. (3)
[19]
Copyright reserved Please turn over

===== Page 6 =====
Mathematics/P2 6 DBE/November 2019
NSC",missing_marks,,,unmapped,,,path_a,False,,,,,,,,,,,,,,,
2019,2019_nov_p1_exam_maths,P1,4.0,4.1,1.0,Write down the value of p.,ok,,,unmapped,,,path_a,False,,,,,,,,,,,,,,,
2019,2019_nov_p1_exam_maths,P1,4.0,4.2,3.0,Show that a=3 and b=2.,ok,,,unmapped,,,path_a,False,,,,,,,,,,,,,,,
2019,2019_nov_p1_exam_maths,P1,4.0,4.3,4.0,Calculate the coordinates of C.,ok,FUNC,,lexicon,medium,,path_a,False,,,,,,,,,,,,,,,
2019,2019_nov_p1_exam_maths,P1,4.0,4.4,2.0,Write down the range of f,ok,FUNC,,signature,high,nsc_range,path_a,False,,,,,,,,,,,,,,,
2019,2019_nov_p1_exam_maths,P1,4.0,4.5,3.0,"Determine the equation of the line through C that makes an angle of 45° with the
positive x-axis. Write your answer in the form y=...",ok,FUNC,,lexicon,medium,,path_a,False,,,,,,,,,,,,,,,
2019,2019_nov_p1_exam_maths,P1,4.0,4.6,2.0,"Is the straight line, determined in QUESTION 4.5, a tangent to /? Explain
your answer.",ok,CALC,,signature,high,tangent_gradient,path_a,False,,,,,,,,,,,,,,,
2019,2019_nov_p1_exam_maths,P1,4.0,4.7,,"The function h(x) =f(m—x)+q has only one x-intercept at x= 0. Determine the
values of m and q. (4)
[19]
Copyright reserved Please turn over

===== Page 6 =====
Mathematics/P 1 6 DBE/November 2019
NSC",missing_marks,FUNC,,lexicon,medium,,path_a,False,,,,,,,,,,,,,,,
2019,2019_nov_p2_exam_maths,P2,4.0,4.2,2.0,Calculate the coordinates of C.,ok,,,unmapped,,,path_a,False,,,,,,,,,,,,,,,
2019,2019_nov_p2_exam_maths,P2,4.0,4.3,4.0,Show that the equation of the tangent CD is y—x=3.,ok,CALC,,signature,high,tangent_gradient,path_a,False,,,,,,,,,,,,,,,
2019,2019_nov_p2_exam_maths,P2,4.0,4.4,3.0,"Determine the values of ¢ for which the line y =x +7 will NOT touch or cut the

smaller circle.",ok,AGEO,,signature,high,circle_equation,path_a,False,,,,,,,,,,,,,,,
2019,2019_nov_p2_exam_maths,P2,4.0,4.5,3.0,"The smaller circle centred at N is transformed such that point C is translated along

the tangent to D. Calculate the coordinates of E, the new centre of the smaller

circle.",ok,CALC,,signature,high,tangent_gradient,path_a,False,,,,,,,,,,,,,,,
2019,2019_nov_p2_exam_maths,P2,4.0,4.6,,"If it is given that the area of quadrilateral OBCD is 2a’ square units and

(5)
a> 0, show that a= a units.
[20]

Copyright reserved Please turn over

===== Page 7 =====
Mathematics/P2 7 DBE/November 2019
NSC",missing_marks,ALG,,struct,medium,STRUCT_ALG,path_a,False,,,,,,,,,,,,,,,
2019,2019_nov_p1_exam_maths,P1,5.0,5.1,2.0,Determine the value of &.,ok,,,unmapped,,,path_a,False,,,,,,,,,,,,,,,
2019,2019_nov_p1_exam_maths,P1,5.0,5.2,2.0,"Graph g is obtained by reflecting graph f about the line y= x. Determine the

equation of g inthe form y=...",ok,,,unmapped,,,path_a,False,,,,,,,,,,,,,,,
2019,2019_nov_p1_exam_maths,P1,5.0,5.3,4.0,Sketch the graph g. Indicate on your graph the coordinates of two points on g.,ok,,,unmapped,,,path_a,False,,,,,,,,,,,,,,,
2019,2019_nov_p1_exam_maths,P1,5.0,5.4,,Use your graph to determine the value(s) of x for which:,stem,CALC,,lexicon,medium,,path_a,False,,,,,,,,,,,,,,,
2019,2019_nov_p1_exam_maths,P1,5.0,5.4.1,2.0,I(x) x g(x) > 0,ok,,,unmapped,,,path_a,False,,,,,,,,,,,,,,,
2019,2019_nov_p1_exam_maths,P1,5.0,5.4.2,2.0,2(x)<-1,ok,,,unmapped,,,path_a,False,,,,,,,,,,,,,,,
2019,2019_nov_p1_exam_maths,P1,5.0,5.5,,"If h(x) =f), calculate the value of x for which f(x)— h(x) = (4)

[16]

Copyright reserved Please turn over

===== Page 7 =====
Mathematics/P 1 7 DBE/November 2019
NSC",missing_marks,,,unmapped,,,path_a,False,,,,,,,,,,,,,,,
2019,2019_nov_p2_exam_maths,P2,5.0,5.1,,"Simplify the following expression to ONE trigonometric term:

_S* 1 sin(180° + x) cos(90°— x) (5)

cos x.tan x

; sin* 35°—cos? 35°",missing_marks,TRIG,,lexicon,medium,,path_a,False,,,,,,,,,,,,,,,
2019,2019_nov_p2_exam_maths,P2,5.0,5.2,,"Without using a calculator, determine the value of: =£.————————_— (4)
4sin10°cos10°",missing_marks,TRIG,,lexicon,medium,,path_a,False,,,,,,,,,,,,,,,
2019,2019_nov_p2_exam_maths,P2,5.0,5.3,4.0,"Given: cos26°=m

Without using a calculator, determine 2sin’ 77° interms of m.",ok,TRIG,,lexicon,medium,,path_a,False,,,,,,,,,,,,,,,
2019,2019_nov_p2_exam_maths,P2,5.0,5.4,6.0,"Consider: f(x) =sin(x + 25°)cos15°—cos(x +25°)sin15°

5.4.1. Determine the general solution of f(x) = tan165°",stem,TRIG,,signature,high,general_solution,path_a,False,,,,,,,,,,,,,,,
2019,2019_nov_p2_exam_maths,P2,5.0,5.4.2,,"Determine the value(s) of x in the interval xe[0°;360°] for which

f(x) will have a minimum value. (3)
[22]

Copyright reserved Please turn over

===== Page 8 =====
Mathematics/P2 8 DBE/November 2019
NSC",missing_marks,,,unmapped,,,path_a,False,,,,,,,,,,,,,,,
2019,2019_nov_p1_exam_maths,P1,6.0,6.1,5.0,"Two friends, Kuda and Thabo, each want to invest RS 000 for four years. Kuda
invests his money in an account that pays simple interest at 8,3% per annum. At the
end of four years, he will receive a bonus of exactly 4% of the accumulated amount.
Thabo invests his money in an account that pays interest at 8,1% p.a., compounded
monthly.
Whose investment will yield a better return at the end of four years? Justify your
answer with appropriate calculations.",ok,FIN,,signature,high,simple_interest,path_a,False,,,,,,,,,,,,,,,
2019,2019_nov_p1_exam_maths,P1,6.0,6.2,,"Nine years ago, a bank granted Mandy a home loan of R525 000. This loan was to be
repaid over 20 years at an interest rate of 10% p.a., compounded monthly. Mandy's
monthly repayments commenced exactly one month after the loan was granted.",stem,FIN,,signature,high,nsc_loan,path_a,False,,,,,,,,,,,,,,,
2019,2019_nov_p1_exam_maths,P1,6.0,6.2.1,5.0,"Mandy decided to make monthly repayments of R6 000 instead of the
required R5 066,36. How many payments will she make to settle the
loan?",ok,FIN,,signature,high,nsc_loan,path_a,False,,,,,,,,,,,,,,,
2019,2019_nov_p1_exam_maths,P1,6.0,6.2.2,14.0,"After making monthly repayments of R6 000 for nine years, Mandy
required money to fund her daughter's university fees. She approached the
bank for another loan. Instead, the bank advised Mandy that the extra
amount repaid every month could be regarded as an investment and that
she could withdraw this full amount to fund her daughter's studies.
Calculate the maximum amount that Mandy may withdraw from the loan
account. (4)",ok,FIN,,signature,high,nsc_loan,path_a,False,,,,,,,,,,,,,,,
2019,2019_nov_p2_exam_maths,P2,6.0,6.1,2.0,Write down the range of f,ok,FUNC,,signature,high,nsc_range,path_a,False,,,,,,,,,,,,,,,
2019,2019_nov_p2_exam_maths,P2,6.0,6.2,2.0,"Write down the values of x in the interval x ¢[-90°; 360°] for which graph f is

decreasing.",ok,,,unmapped,,,path_a,False,,,,,,,,,,,,,,,
2019,2019_nov_p2_exam_maths,P2,6.0,6.3,,"P and Q are points on graphs g and f respectively such that PQ is parallel to the

y-axis. If PQ lies between A and B, determine the value(s) of x for which

PQ will be a maximum. (6)

[10]

Copyright reserved Please turn over

===== Page 9 =====
Mathematics/P2 9 DBE/November 2019
NSC",missing_marks,CALC,,signature,medium,nsc_maximum,path_a,False,,,,,,,,,,,,,,,
2019,2019_nov_p1_exam_maths,P1,7.0,7.1,4.0,Determine f ‘(x) from first principles if it is given that f(x) =4-7x.,ok,CALC,,signature,high,nsc_first_principles,path_a,False,,,,,,,,,,,,,,,
2019,2019_nov_p1_exam_maths,P1,7.0,7.2,3.0,Determine o if y= 4x8 4x?,ok,ALG,,struct,high,STRUCT_ALG,path_a,False,,,,,,,,,,,,,,,
2019,2019_nov_p1_exam_maths,P1,7.0,7.3,,"Given: y=ax’ +a
Determine:
dy",missing_marks,,,unmapped,,,path_a,False,,,,,,,,,,,,,,,
2019,2019_nov_p1_exam_maths,P1,7.0,7.3,,"da (2)
. . 12 . .",missing_marks,,,unmapped,,,path_a,False,,,,,,,,,,,,,,,
2019,2019_nov_p1_exam_maths,P1,7.0,7.4,,"The curve with equation y=x+— _ passes through the point A(2 ; 6). Determine
x
the equation of the line perpendicular to the tangent to the curve at A. (4)
[14]
Copyright reserved Please turn over

===== Page 8 =====
Mathematics/P | 8 DBE/November 2019
NSC",missing_marks,CALC,,signature,high,tangent_gradient,path_a,False,,,,,,,,,,,,,,,
2019,2019_nov_p2_exam_maths,P2,7.0,7.1,2.0,Determine AK in terms of x.,ok,,,unmapped,,,path_a,False,,,,,,,,,,,,,,,
2019,2019_nov_p2_exam_maths,P2,7.0,7.2,1.0,Write down the size of KCF.,ok,,,unmapped,,,path_a,False,,,,,,,,,,,,,,,
2019,2019_nov_p2_exam_maths,P2,7.0,7.3,,"It is further given that AKF, the angle between the solar panel and the concrete slab,

is y. Determine the areaof AAKF intermsof x and y. (7)

[10]

Copyright reserved Please turn over

===== Page 10 =====
Mathematics/P2 10 DBE/November 2019
NSC",missing_marks,SEQ,,signature,high,nsc_term_to_term,path_a,False,,,,,,,,,,,,,,,
2019,2019_nov_p1_exam_maths,P1,8.0,8.1,1.0,At what height above the floor did the insect start to crawl?,ok,,,unmapped,,,path_a,False,,,,,,,,,,,,,,,
2019,2019_nov_p1_exam_maths,P1,8.0,8.2,3.0,How many times did the insect reach the floor?,ok,PROB,,lexicon,medium,,path_a,False,,,,,,,,,,,,,,,
2019,2019_nov_p1_exam_maths,P1,8.0,8.3,3.0,Determine the maximum height that the insect reached above the floor. (4),ok,CALC,,signature,medium,nsc_maximum,path_a,False,,,,,,,,,,,,,,,
2019,2019_nov_p2_exam_maths,P2,8.0,8.1,,"In the diagram, PQRS is acyclic quadrilateral. Chord RS is produced to T. K isa
point on RS and W isa point on the circle such that QRKW is a parallelogram.
PS and QW intersect at U. PST =136° and Q, =100°.
P
0 Zo - ave
( )
R
WA
S
T
Determine, with reasons, the size of:",stem,EUCL,,signature,high,with_reasons,path_a,False,,,,,,,,,,,,,,,
2019,2019_nov_p2_exam_maths,P2,8.0,8.1.1,2.0,R,ok,,,unmapped,,,path_a,False,,,,,,,,,,,,,,,
2019,2019_nov_p2_exam_maths,P2,8.0,8.1.2,2.0,P,ok,,,unmapped,,,path_a,False,,,,,,,,,,,,,,,
2019,2019_nov_p2_exam_maths,P2,8.0,8.1.3,3.0,POW,ok,,,unmapped,,,path_a,False,,,,,,,,,,,,,,,
2019,2019_nov_p2_exam_maths,P2,8.0,8.1.4,,"U, (2)
Copyright reserved Please turn over

===== Page 11 =====
Mathematics/P2 11 DBE/November 2019
NSC",missing_marks,,,unmapped,,,path_a,False,,,,,,,,,,,,,,,
2019,2019_nov_p2_exam_maths,P2,8.0,8.2,,"In the diagram, the diagonals of quadrilateral CDEF intersect at T.
EF = 9 units, DC = 18 units, ET = 7 units, TC = 10 units, FT = 5 units and
TD = 14 units.
F
[>—~
™
——
i ~~
“Ss,
7 — Tee Sie
af
ra
a -
14 a
oA
A
a 18
4
gf
J
“
} ~
La
D
Prove, with reasons, that:",stem,EUCL,,signature,high,with_reasons,path_a,False,,,,,,,,,,,,,,,
2019,2019_nov_p2_exam_maths,P2,8.0,8.2.1,4.0,EFD = ECD,ok,,,unmapped,,,path_a,False,,,,,,,,,,,,,,,
2019,2019_nov_p2_exam_maths,P2,8.0,8.2.2,,"DFC = DEC (3)
[16]
Copyright reserved Please turn over

===== Page 12 =====
Mathematics/P2 12 DBE/November 2019
NSC",missing_marks,,,unmapped,,,path_a,False,,,,,,,,,,,,,,,
2019,2019_nov_p1_exam_maths,P1,9.0,9.1,3.0,Solve f(x) =f ‘(x),ok,,,unmapped,,,path_a,False,,,,,,,,,,,,,,,
2019,2019_nov_p1_exam_maths,P1,9.0,9.2,,"The graphs f, f’ and f” all pass through the point (0; 0).",stem,,,unmapped,,,path_a,False,,,,,,,,,,,,,,,
2019,2019_nov_p1_exam_maths,P1,9.0,9.2.1,1.0,For which of the graphs will (0; 0) be a stationary point?,ok,,,unmapped,,,path_a,False,,,,,,,,,,,,,,,
2019,2019_nov_p1_exam_maths,P1,9.0,9.2.2,2.0,"Explain the difference, if any, in the stationary points referred to in",ok,SEQ,,lexicon,medium,,path_a,False,,,,,,,,,,,,,,,
2019,2019_nov_p1_exam_maths,P1,9.0,9.3,3.0,Determine the vertical distance between the graphs of f’ and f” at x=1.,ok,SEQ,,signature,high,nsc_term_to_term,path_a,False,,,,,,,,,,,,,,,
2019,2019_nov_p1_exam_maths,P1,9.0,9.4,13.0,For which value(s) of x is f(x)— f (x) <0? (4),ok,,,unmapped,,,path_a,False,,,,,,,,,,,,,,,
2019,2019_nov_p2_exam_maths,P2,9.0,9,,"QUESTION 9
In the diagram, O is the centre of the circle. ST is a tangent to the circle at T. M and P
are points on the circle such that TM= MP. OT, OP and TP are drawn. Let O, =X.
s Fi
M \
P

Prove, with reasons, that STM = a . [7]
Copyright reserved Please turn over

===== Page 13 =====
Mathematics/P2 13 DBE/November 2019
NSC",no_sub_markers,EUCL,,signature,high,with_reasons,path_a,False,,,,,,,,,,,,,,,
2019,2019_nov_p1_exam_maths,P1,10.0,10.1,2.0,The same day,ok,,,unmapped,,,path_a,False,,,,,,,,,,,,,,,
2019,2019_nov_p1_exam_maths,P1,10.0,10.2,,"Consecutive days (3)
[5]

Copyright reserved Please turn over

===== Page 9 =====
Mathematics/P 1 9 DBE/November 2019
NSC",missing_marks,,,unmapped,,,path_a,False,,,,,,,,,,,,,,,
2019,2019_nov_p2_exam_maths,P2,10.0,10.1,,"In the diagram, AABC is drawn. D isa pointon AB and E isapoint on AC such

that DE || BC. BE and DC are drawn.

A
D
E
B
C

Use the diagram to prove the theorem which states that a line drawn parallel

to one side of a triangle divides the other two sides proportionally, in other words

prove that = = AE (6)

DB EC

Copyright reserved Please turn over

===== Page 14 =====
Mathematics/P2 14 DBE/November 2019
NSC",missing_marks,EUCL,,struct,medium,STRUCT_EUCL,path_a,False,,,,,,,,,,,,,,,
2019,2019_nov_p2_exam_maths,P2,10.0,10.2,,"In the diagram, ST and VT are tangents to the circle at S and V_ respectively.
R is a point on the circle and W is a point on chord RS such that WT is parallel
toRV. SV and WV are drawn. WT intersects SV at K. Let S, =x.
— SS
a
pf A \
ff Wi3 | YX,
4 ~~
es SN
“Sy
| | aw
\
R\
\ 2
l | 3 =
— V",stem,CALC,,signature,high,tangent_gradient,path_a,False,,,,,,,,,,,,,,,
2019,2019_nov_p2_exam_maths,P2,10.0,10.2.1,6.0,"Write down, with reasons, THREE other angles EACH equal to x.",ok,EUCL,,signature,high,with_reasons,path_a,False,,,,,,,,,,,,,,,
2019,2019_nov_p2_exam_maths,P2,10.0,10.2.2,,"Prove, with reasons, that:
(a) WSTV is acyclic quadrilateral (2)
(b) AWRY is isosceles (4)
(c) AWRY ||| ATSV (3)
RV KV
d —_ =—— 4
@ Ris (4)
[25]
TOTAL: 150
Copyright reserved

===== Page 15 =====
Mathematics/P2 DBE/November 2019
NSC
INFORMATION SHEET: MATHEMATICS
—b+b? -4ac
x = —
2a
A= P(1+ni) A= P(1-ni) A=P(1-3)"" A=P(1+i)""
T, =a+(n-l)d S, =F ba + (1a
T, =ar"""" S ar"" =I). S, =; -l<r<l
"" r-l l-r
al i)” -1] ple (+ iy” |
i i
ley) — ie SETA) F(X)
f°) = tim FE
| ed X, tX. Vi + V2
d= (x,-x) +0,.-») Ml 2 ° 92
y=mxte y—y, =m(x-x,) m= 228 m=tand
xy —
(x—a) +(y-by =r?
a b c
In AABC: ee ee
sn A sinB sinc
a’ =b’> +c? —2be.cos A
area AABC = 5 ab.sin Cc
sin(a + £) = sinacos B +cosasin Bp sin(a — 8) =sinacos § —cosa sin B
cos(a + #) =cosacos f —sinasin B cos(a — 8) =cosacos # +sina sin B
cos’ a@—sin’ a
cos2a =41-—2sin’ a sin2a@ = 2sinacosa@
2cos* a—1
_ yx i, -z/
x= 2 i=l
n C=
n
n(A)
P(A) = a(S) P(A or B) = P(A) + P(B) — P(A and B)
n
. > (e-¥Xy-¥)
ypa=atbx a eT
S""(x-x)
Copyright reserved",missing_marks,EUCL,,signature,high,with_reasons,path_a,False,,,,,,,,,,,,,,,
2019,2019_nov_p1_exam_maths,P1,11.0,11.1,,"Events A and B are independent. P(A) =0,4 and P(B) = 0,25.",stem,PROB,,signature,high,nsc_independent,path_a,False,,,,,,,,,,,,,,,
2019,2019_nov_p1_exam_maths,P1,11.0,11.1.1,3.0,"Represent the given information on a Venn diagram. Indicate on the Venn
diagram the probabilities associated with each region.",ok,PROB,,signature,high,venn,path_a,False,,,,,,,,,,,,,,,
2019,2019_nov_p1_exam_maths,P1,11.0,11.1.2,2.0,Determine P(A or NOT B).,ok,,,unmapped,,,path_a,False,,,,,,,,,,,,,,,
2019,2019_nov_p1_exam_maths,P1,11.0,11.2,,"Motors Incorporated manufacture cars with 5 different body styles, 4 different interior
colours and 6 different exterior colours, as indicated in the table below.
BODY STYLES INTERIOR COLOURS EXTERIOR COLOURS
The interior colour of the car must NOT be the same as the exterior colour.
Motors Incorporated wants to display one of each possible variation of its car in their
showroom. The showroom has a floor space of 500 m’and each car requires a floor
space of 5m’.
Is this display possible? Justify your answer with the necessary calculations. (6)
[11]
TOTAL: 150
Copyright reserved

===== Page 10 =====
Mathematics/P1 DBE/November 2019
NSC
INFORMATION SHEET
—~b+b? -4ac
x = ——
2a
A=P(l+ni) A= P(1-ni) A= P(-i)"" A= P(1+i)""
n
T, =a+(n-Nd 5, =5[2a+(n—Nd]
"" r—| l-r
plea"" =I pawi-d+)""|
i i
ley — pin AeA) Fx)
f(x) = lim h
— oo X, +X, Wty,
d= (x,-x,) +0.-y) M{ 7 ° 9
y=mxt+e y-y, =m(x-x,) m= 22% m= tan@
xy — xy
(x —a)’ +(y-by =r?
mAABC; —2~=—2- = ¢_
snA sinB sinC
a’ =b’? +c? —2be.cos A
area AABC = 5 ab.sinC
sin(a + 8) =sinacos #+cosasin B sin(a — #) =sinacos 8 -cosasin B
cos(a + 8) = cosacos B-sinasin B cos(@ — 8) =cosacosf#+sinasin B
‘cos’? a@—sin’ a
cos2a@ =41—2sin’ a sin2a@ = 2sina cosa
2cos’ a—1
_ ye: &, —x)
a 2 i=l
n OO
n
A
P(A) S P(A or B) = P(A) +P(B) — P(A and B)
n
x—-x\fy-y
YS"" (x-x)
Copyright reserved",missing_marks,CALC,,struct,high,STRUCT_CALC,path_a,False,,,,,,,,,,,,,,,
2020,2020_nov_p1_exam_maths,P1,1.0,1.1,,Solve for x:,stem,ALG,,signature,high,nsc_solve_x,path_a,False,,,,,,,,,,,,,,,
2020,2020_nov_p1_exam_maths,P1,1.0,1.1.1,2.0,x’ —-6x =0,ok,,,unmapped,,,path_a,False,,,,,,,,,,,,,,,
2020,2020_nov_p1_exam_maths,P1,1.0,1.1.2,3.0,x’ +10x+8=0 (correct to TWO decimal places),ok,,,unmapped,,,path_a,False,,,,,,,,,,,,,,,
2020,2020_nov_p1_exam_maths,P1,1.0,1.1.3,3.0,(l—x\{x+2)<0,ok,ALG,,struct,medium,STRUCT_ALG,path_a,False,,,,,,,,,,,,,,,
2020,2020_nov_p1_exam_maths,P1,1.0,1.1.4,5.0,Vx+18 =x-2,ok,,,unmapped,,,path_a,False,,,,,,,,,,,,,,,
2020,2020_nov_p1_exam_maths,P1,1.0,1.2,6.0,"Solve simultaneously for x and y:
x+y=3 and 2x°+4xy—-y=15",ok,ALG,,struct,high,STRUCT_ALG,path_a,False,,,,,,,,,,,,,,,
2020,2020_nov_p1_exam_maths,P1,1.0,1.3,,"If is the largest integer for which n° < 5°”, determine the value of 7. (3)
[22]",missing_marks,,,unmapped,,,path_a,False,,,,,,,,,,,,,,,
2020,2020_nov_p2_exam_maths,P2,1.0,1.1,3.0,Determine the equation of the least squares regression line for the data.,ok,STAT,,signature,high,regression,path_a,False,,,,,,,,,,,,,,,
2020,2020_nov_p2_exam_maths,P2,1.0,1.2,2.0,"Draw the least squares regression line on the scatter plot provided in the ANSWER
BOOK.",ok,STAT,,signature,high,regression,path_a,False,,,,,,,,,,,,,,,
2020,2020_nov_p2_exam_maths,P2,1.0,1.3,2.0,Predict the Physical Sciences mark of a learner who achieved 69% for Mathematics.,ok,STAT,,lexicon,medium,,path_a,False,,,,,,,,,,,,,,,
2020,2020_nov_p2_exam_maths,P2,1.0,1.4,1.0,"Write down the correlation coefficient between the Mathematics and Physical
Sciences marks for the data.",ok,SEQ,,signature,high,nsc_term_to_term,path_a,False,,,,,,,,,,,,,,,
2020,2020_nov_p2_exam_maths,P2,1.0,1.5,1.0,"Comment on the strength of the correlation between the Mathematics and Physical
Sciences marks for the data.",ok,SEQ,,signature,high,nsc_term_to_term,path_a,False,,,,,,,,,,,,,,,
2020,2020_nov_p2_exam_maths,P2,1.0,1.6,,"What trend did the teacher observe between the results of the two subjects? (1)
[10]
Copyright reserved Please turn over

===== Page 4 =====
Mathematics/P2 4 DBE/November 2020
SC/NSC",missing_marks,SEQ,,signature,high,nsc_term_to_term,path_a,False,,,,,,,,,,,,,,,
2020,2020_nov_p1_exam_maths,P1,2.0,2.1,4.0,73x%3;y3-I1 ; ... isan arithmetic sequence. Determine the values of x and y.,ok,ALG,,signature,high,nsc_simul_x_y,path_a,False,,,,,,,,,,,,,,,
2020,2020_nov_p1_exam_maths,P1,2.0,2.2,,Given the quadratic number pattern: —3 ; 6 ; 27 ; 60; ...,stem,SEQ,,signature,high,nsc_quadratic_pattern,path_a,False,,,,,,,,,,,,,,,
2020,2020_nov_p1_exam_maths,P1,2.0,2.2.1,4.0,"Determine the general term of the pattern in the form 7, =an*+bn+c.",ok,SEQ,,lexicon,medium,,path_a,False,,,,,,,,,,,,,,,
2020,2020_nov_p1_exam_maths,P1,2.0,2.2.2,2.0,"Calculate the value of the 50"" term of the pattern.",ok,SEQ,,lexicon,medium,,path_a,False,,,,,,,,,,,,,,,
2020,2020_nov_p1_exam_maths,P1,2.0,2.2.3,3.0,"Show that the sum of the first n first-differences of this pattern can be
given by S, =6n*+3n.",ok,SEQ,,lexicon,medium,,path_a,False,,,,,,,,,,,,,,,
2020,2020_nov_p1_exam_maths,P1,2.0,2.2.4,,"How many consecutive first-differences were added to the first term of
the quadratic number pattern to obtain a term in the quadratic number
pattern that has a value of 21 060? (4)
[17]
Copyright reserved Please turn over

===== Page 4 =====
Mathematics/P 1 4 DBE/November 2020
SC/NSC",missing_marks,SEQ,,signature,high,nsc_quadratic_pattern,path_a,False,,,,,,,,,,,,,,,
2020,2020_nov_p2_exam_maths,P2,2.0,2.1,1.0,"The number of aircraft landing at the Port Elizabeth Airport exceeds the number of
aircraft landing at the King Shaka International Airport during some months of the
given period. During which month is this difference the greatest?",ok,,,unmapped,,,path_a,False,,,,,,,,,,,,,,,
2020,2020_nov_p2_exam_maths,P2,2.0,2.2,2.0,"The number of aircraft landing at the King Shaka International Airport during these
months are:
2182 | 2323 | 2267 | 2334 | 2346 | 2175 |
2293 | 2263 | 2215 | 2271 | 2018 2254 |
Calculate the mean for the data.",ok,STAT,,signature,medium,mean,path_a,False,,,,,,,,,,,,,,,
2020,2020_nov_p2_exam_maths,P2,2.0,2.3,2.0,"Calculate the standard deviation for the number of aircraft landing at the King Shaka
International Airport for the given period.",ok,STAT,,signature,high,standard_dev,path_a,False,,,,,,,,,,,,,,,
2020,2020_nov_p2_exam_maths,P2,2.0,2.4,3.0,"Determine the number of months in which the number of aircraft landing at the King
Shaka International Airport were within one standard deviation of the mean.",ok,STAT,,signature,high,standard_dev,path_a,False,,,,,,,,,,,,,,,
2020,2020_nov_p2_exam_maths,P2,2.0,2.5,,"Which ONE of the following statements is CORRECT?
A. During December and January, there were more landings at the Port
Elizabeth Airport than at the King Shaka International Airport.
B. There was a greater variation in the number of aircraft landing at the King
Shaka International Airport than at the Port Elizabeth Airport for the given
period.
C. The standard deviation of the number of landings at the Port Elizabeth
Airport will be higher than the standard deviation of the number of landings
at the King Shaka International Airport. (1)
[9]
Copyright reserved Please turn over

===== Page 5 =====
Mathematics/P2 5 DBE/November 2020
SC/NSC",missing_marks,STAT,,signature,high,standard_dev,path_a,False,,,,,,,,,,,,,,,
2020,2020_nov_p1_exam_maths,P1,3.0,3.1,,"Prove that 54.37“ is a convergent geometric series. Show ALL your calculations. (3)
k=l
Sy qk _ 2",missing_marks,SEQ,,signature,high,nsc_geometric_series,path_a,False,,,,,,,,,,,,,,,
2020,2020_nov_p1_exam_maths,P1,3.0,3.2,3.0,"If > 4.3 =>? determine the value of p. (5)
k=p",ok,,,unmapped,,,path_a,False,,,,,,,,,,,,,,,
2020,2020_nov_p2_exam_maths,P2,3.0,3.1,2.0,Calculate the gradient of WP.,ok,AGEO,,signature,high,gradient,path_a,False,,,,,,,,,,,,,,,
2020,2020_nov_p2_exam_maths,P2,3.0,3.2,2.0,Show that WP | ST.,ok,,,unmapped,,,path_a,False,,,,,,,,,,,,,,,
2020,2020_nov_p2_exam_maths,P2,3.0,3.3,4.0,"If the equation of SK is given as 5y+2x+60=0, calculate the coordinates of S.",ok,,,unmapped,,,path_a,False,,,,,,,,,,,,,,,
2020,2020_nov_p2_exam_maths,P2,3.0,3.4,4.0,Calculate the length of WR.,ok,FUNC,,signature,medium,nsc_length,path_a,False,,,,,,,,,,,,,,,
2020,2020_nov_p2_exam_maths,P2,3.0,3.5,5.0,Calculate the size of @.,ok,,,unmapped,,,path_a,False,,,,,,,,,,,,,,,
2020,2020_nov_p2_exam_maths,P2,3.0,3.6,,"Let L_ be a point in the third quadrant such that SWRL, in that order, forms a
parallelogram. Calculate the area of SWRL. (4)
[21]
Copyright reserved Please tum over

===== Page 6 =====
Mathematics/P2 6 DBE/November 2020
SC/NSC",missing_marks,FUNC,,signature,high,nsc_log_graph,path_a,False,,,,,,,,,,,,,,,
2020,2020_nov_p1_exam_maths,P1,4.0,4.1,,"Given: A(x) =—— +2
x-l",stem,,,unmapped,,,path_a,False,,,,,,,,,,,,,,,
2020,2020_nov_p1_exam_maths,P1,4.0,4.1.1,2.0,Write down the equations of the asymptotes of A.,ok,FUNC,,signature,high,asymptotes,path_a,False,,,,,,,,,,,,,,,
2020,2020_nov_p1_exam_maths,P1,4.0,4.1.2,2.0,"Determine the equation of the axis of symmetry of / that has a negative
gradient.",ok,AGEO,,signature,high,gradient,path_a,False,,,,,,,,,,,,,,,
2020,2020_nov_p1_exam_maths,P1,4.0,4.1.3,,"Sketch the graph of h, showing the asymptotes and the intercepts with
the axes. (4)
Copyright reserved Please turn over

===== Page 5 =====
Mathematics/P 1 5 DBE/November 2020
SC/NSC
1 2 1 9",missing_marks,FUNC,,signature,high,asymptotes,path_a,False,,,,,,,,,,,,,,,
2020,2020_nov_p1_exam_maths,P1,4.0,4.2,,"The graphs of f(x)= mA +5) —8 and g(x)= 5° + 5 are sketched below.

e Ais the turning point of f

e The axis of symmetry of f intersects the x-axis at E and the line g at D(m; n).

e C isthe y-intercept of f and g.

\y
""Dim; n)
—_ E C x
7 |",stem,CALC,,signature,medium,nsc_intersect_3,path_a,False,,,,,,,,,,,,,,,
2020,2020_nov_p1_exam_maths,P1,4.0,4.2.1,2.0,Write down the coordinates of A.,ok,FUNC,,lexicon,medium,,path_a,False,,,,,,,,,,,,,,,
2020,2020_nov_p1_exam_maths,P1,4.0,4.2.2,1.0,Write down the range of f-,ok,FUNC,,signature,high,nsc_range,path_a,False,,,,,,,,,,,,,,,
2020,2020_nov_p1_exam_maths,P1,4.0,4.2.3,3.0,Calculate the values of m and n.,ok,,,unmapped,,,path_a,False,,,,,,,,,,,,,,,
2020,2020_nov_p1_exam_maths,P1,4.0,4.2.4,3.0,Calculate the area of OCDE.,ok,,,unmapped,,,path_a,False,,,,,,,,,,,,,,,
2020,2020_nov_p1_exam_maths,P1,4.0,4.2.5,2.0,"Determine the equation of g™’, the inverse of g, inthe form y=...",ok,FUNC,,signature,high,nsc_inverse,path_a,False,,,,,,,,,,,,,,,
2020,2020_nov_p1_exam_maths,P1,4.0,4.2.6,,"If h(x)=g'(x)+k isa tangent to f determine the coordinates of the

point of contact between A and f (4)
[23]

Copyright reserved Please turn over

===== Page 6 =====
Mathematics/P1 6 DBE/November 2020
SC/NSC",missing_marks,CALC,,signature,high,tangent_gradient,path_a,False,,,,,,,,,,,,,,,
2020,2020_nov_p2_exam_maths,P2,4.0,4.1,2.0,Determine the equation of the small circle.,ok,AGEO,,signature,high,circle_equation,path_a,False,,,,,,,,,,,,,,,
2020,2020_nov_p2_exam_maths,P2,4.0,4.2,3.0,"Determine the equation of the circle centred at M in the form

(x-a) +(y-bY =r?",ok,AGEO,,signature,high,circle_equation,path_a,False,,,,,,,,,,,,,,,
2020,2020_nov_p2_exam_maths,P2,4.0,4.3,4.0,Determine the equation of NM inthe form y=mx+e,ok,AGEO,,lexicon,medium,,path_a,False,,,,,,,,,,,,,,,
2020,2020_nov_p2_exam_maths,P2,4.0,4.4,5.0,Calculate the length of SN.,ok,FUNC,,signature,medium,nsc_length,path_a,False,,,,,,,,,,,,,,,
2020,2020_nov_p2_exam_maths,P2,4.0,4.5,,"If another circle with centre B(—2 ; 5) and radius k& touches the circle centred at M,

determine the value(s) of k, correct to ONE decimal place. (5)

[19]

Copyright reserved Please turn over

===== Page 7 =====
Mathematics/P2 7 DBE/November 2020
SC/NSC",missing_marks,AGEO,,signature,high,circle_equation,path_a,False,,,,,,,,,,,,,,,
2020,2020_nov_p1_exam_maths,P1,5.0,5.1,1.0,Write down the coordinates of A.,ok,FUNC,,lexicon,medium,,path_a,False,,,,,,,,,,,,,,,
2020,2020_nov_p1_exam_maths,P1,5.0,5.2,3.0,Determine the coordinates of B.,ok,FUNC,,lexicon,medium,,path_a,False,,,,,,,,,,,,,,,
2020,2020_nov_p1_exam_maths,P1,5.0,5.3,,"Write down the domain of f7'. (2)
. . 27",missing_marks,FUNC,,signature,high,nsc_domain,path_a,False,,,,,,,,,,,,,,,
2020,2020_nov_p1_exam_maths,P1,5.0,5.4,3.0,Describe the translation from f to A(x) = 3F,ok,,,unmapped,,,path_a,False,,,,,,,,,,,,,,,
2020,2020_nov_p1_exam_maths,P1,5.0,5.5,,"Determine the values of x for which A(x) <1. (3)
[12]
Copyright reserved Please turn over

===== Page 7 =====
Mathematics/P1 7 DBE/November 2020
SC/NSC",missing_marks,,,unmapped,,,path_a,False,,,,,,,,,,,,,,,
2020,2020_nov_p2_exam_maths,P2,5.0,5.1,1.0,"Write down the period of g. (1)
52 Write down the amplitude of f (1)
53 Determine the value of £(180°) — (180°)",ok,,,unmapped,,,path_a,False,,,,,,,,,,,,,,,
2020,2020_nov_p2_exam_maths,P2,5.0,5.4,,"Use the graphs to determine the values of x, in the interval xe [0° ; 180°], for
which:",stem,,,unmapped,,,path_a,False,,,,,,,,,,,,,,,
2020,2020_nov_p2_exam_maths,P2,5.0,5.4.1,,f(x-10°) = g(x -10°) ()),missing_marks,,,unmapped,,,path_a,False,,,,,,,,,,,,,,,
2020,2020_nov_p2_exam_maths,P2,5.0,5.4.2,,"VJ3sinx+cosx 21 (4)
[8]
Copyright reserved Please turn over

===== Page 8 =====
Mathematics/P2 8 DBE/November 2020
SC/NSC",missing_marks,TRIG,,lexicon,medium,,path_a,False,,,,,,,,,,,,,,,
2020,2020_nov_p1_exam_maths,P1,6.0,6.1,,"On 31 January 2020, Tshepo made the first of his monthly deposits of R1 000 into a
savings account. He continues to make monthly deposits of R1 000 at the end of each
month up until 31 January 2032. The interest rate was fixed at 7,5% p.a., compounded
monthly.",stem,FIN,,signature,high,nsc_compound,path_a,False,,,,,,,,,,,,,,,
2020,2020_nov_p1_exam_maths,P1,6.0,6.1.1,4.0,What will the investment be worth immediately after the last deposit?,ok,FIN,,lexicon,medium,,path_a,False,,,,,,,,,,,,,,,
2020,2020_nov_p1_exam_maths,P1,6.0,6.1.2,2.0,"If he makes no further payments but leaves the money in the account, how
much money will be in the account on 31 January 2033?",ok,FIN,,lexicon,medium,,path_a,False,,,,,,,,,,,,,,,
2020,2020_nov_p1_exam_maths,P1,6.0,6.2,3.0,"Jim bought a new car for R250 000. The value of the car depreciated at a rate of
22% p.a. annually according to the reducing-balance method. After how many years
will its book value be R92 537,64?",ok,FIN,,signature,high,nsc_depreciat,path_a,False,,,,,,,,,,,,,,,
2020,2020_nov_p1_exam_maths,P1,6.0,6.3,,"Mpho is granted a loan under the following conditions:
e The interest rate is 11,3% p.a., compounded monthly.
e The period of the loan is 6 years.
e The monthly repayment on the loan is R1 500.
e Her first repayment is made one month after the loan is granted.",stem,FIN,,signature,high,nsc_loan,path_a,False,,,,,,,,,,,,,,,
2020,2020_nov_p1_exam_maths,P1,6.0,6.3.1,3.0,Calculate the value of the loan.,ok,FIN,,signature,high,nsc_loan,path_a,False,,,,,,,,,,,,,,,
2020,2020_nov_p1_exam_maths,P1,6.0,6.3.2,,"How much interest will Mpho pay in total over the first 5 years? (4)
[16]",missing_marks,FIN,,lexicon,medium,,path_a,False,,,,,,,,,,,,,,,
2020,2020_nov_p2_exam_maths,P2,6.0,6.1,,"In the diagram, P(-5 ; 12) and T lies on the positive x-axis. POT =0
y
»(-5 ; 12) |
|
ae
j T
|
Answer the following without using a calculator:",stem,,,unmapped,,,path_a,False,,,,,,,,,,,,,,,
2020,2020_nov_p2_exam_maths,P2,6.0,6.1.1,1.0,Write down the value of tan@,ok,TRIG,,lexicon,medium,,path_a,False,,,,,,,,,,,,,,,
2020,2020_nov_p2_exam_maths,P2,6.0,6.1.2,3.0,Calculate the value of cos@,ok,TRIG,,lexicon,medium,,path_a,False,,,,,,,,,,,,,,,
2020,2020_nov_p2_exam_maths,P2,6.0,6.1.3,4.0,"S(a ; 6) is a point in the third quadrant such that TOS =0+90° and
OS = 6,5 units. Calculate the value of 5.",ok,,,unmapped,,,path_a,False,,,,,,,,,,,,,,,
2020,2020_nov_p2_exam_maths,P2,6.0,6.2,,"Determine, without using a calculator, the value of the following trigonometric
expression:
sin 2x. cos(—x) + cos 2x. sin(360° — x)
sin(180° + x) (>)",missing_marks,TRIG,,lexicon,medium,,path_a,False,,,,,,,,,,,,,,,
2020,2020_nov_p2_exam_maths,P2,6.0,6.3,,"Determine the general solution of the following equation:
6sin’ x + 7cosx—3 =0 (6)
. 1 > 1",missing_marks,TRIG,,signature,high,general_solution,path_a,False,,,,,,,,,,,,,,,
2020,2020_nov_p2_exam_maths,P2,6.0,6.4,,"Given: x+—=3cosA and x°+—>~=2
x x
Determine the value of cos 2A without using a calculator. (5)
[24]
Copyright reserved Please turn over

===== Page 9 =====
Mathematics/P2 9 DBE/November 2020
SC/NSC",missing_marks,TRIG,,lexicon,medium,,path_a,False,,,,,,,,,,,,,,,
2020,2020_nov_p1_exam_maths,P1,7.0,7.1,5.0,Determine f ‘(x) from first principles if f(x)=2x?-1.,ok,CALC,,signature,high,nsc_first_principles,path_a,False,,,,,,,,,,,,,,,
2020,2020_nov_p1_exam_maths,P1,7.0,7.2,,"Determine:
721 “Wa? +x) 3)
dx
4x* —9 3",stem,ALG,,struct,high,STRUCT_ALG,path_a,False,,,,,,,,,,,,,,,
2020,2020_nov_p1_exam_maths,P1,7.0,7.2.2,,"(x) if f(x)=——_ osx ¥-> 4
f(x) if £@)- 5 (4)
[12]
Copyright reserved Please turn over

===== Page 8 =====
Mathematics/P 1 8 DBE/November 2020
SC/NSC",missing_marks,,,unmapped,,,path_a,False,,,,,,,,,,,,,,,
2020,2020_nov_p2_exam_maths,P2,7.0,7.1,3.0,Show that QS = 37,ok,,,unmapped,,,path_a,False,,,,,,,,,,,,,,,
2020,2020_nov_p2_exam_maths,P2,7.0,7.2,3.0,"Determine, in terms of r, the area of the flower garden. (2)
73 Show that RS =rV10~6 cos 2x",ok,,,unmapped,,,path_a,False,,,,,,,,,,,,,,,
2020,2020_nov_p2_exam_maths,P2,7.0,7.4,,"If r= 10 metres and x = 56°, calculate RS. (2)
[10]

Copyright reserved Please turn over

===== Page 10 =====
Mathematics/P2 10 DBE/November 2020
SC/NSC",missing_marks,,,unmapped,,,path_a,False,,,,,,,,,,,,,,,
2020,2020_nov_p1_exam_maths,P1,8.0,8.1,2.0,For which values of x will g increase?,ok,FUNC,,signature,medium,nsc_interpret,path_a,False,,,,,,,,,,,,,,,
2020,2020_nov_p1_exam_maths,P1,8.0,8.2,2.0,Write down the x-coordinate of the point of inflection of g.,ok,,,unmapped,,,path_a,False,,,,,,,,,,,,,,,
2020,2020_nov_p1_exam_maths,P1,8.0,8.3,2.0,For which values of x will g be concave down?,ok,CALC,,signature,high,nsc_concave,path_a,False,,,,,,,,,,,,,,,
2020,2020_nov_p1_exam_maths,P1,8.0,8.4,4.0,"If g‘(x)=—6x? + 6x+12, determine the equation of g.",ok,ALG,,struct,high,STRUCT_ALG,path_a,False,,,,,,,,,,,,,,,
2020,2020_nov_p1_exam_maths,P1,8.0,8.5,,"Determine the equation of the tangent to g that has the maximum gradient. Write

your answer in the form y=mx+c. (5S)

[15]

Copyright reserved Please turn over

===== Page 9 =====
Mathematics/P 1 9 DBE/November 2020
SC/NSC",missing_marks,CALC,,signature,high,tangent_gradient,path_a,False,,,,,,,,,,,,,,,
2020,2020_nov_p2_exam_maths,P2,8.0,8.1,,"O is the centre of the circle.. KOM bisects chord LN and MNO=26°. K and P
are points on the circle with NKP =32°. OP is drawn.
[SS
P",stem,AGEO,,signature,high,circle_equation,path_a,False,,,,,,,,,,,,,,,
2020,2020_nov_p2_exam_maths,P2,8.0,8.1.1,4.0,"Determine, giving reasons, the size of:
(a) 0, (2)
(b) O,",ok,EUCL,,lexicon,medium,,path_a,False,,,,,,,,,,,,,,,
2020,2020_nov_p2_exam_maths,P2,8.0,8.1.2,,"Prove, giving reasons, that KN bisects OKP. (3)
Copyright reserved Please turn over

===== Page 11 =====
Mathematics/P2 Ik DBE/November 2020
SC/NSC",missing_marks,EUCL,,lexicon,medium,,path_a,False,,,,,,,,,,,,,,,
2020,2020_nov_p2_exam_maths,P2,8.0,8.2,,"In AABC, F and G are points on sides AB and AC respectively. D isa point on
GC such that D,= B.
A
VA .
| \
D
Cc
B",stem,,,unmapped,,,path_a,False,,,,,,,,,,,,,,,
2020,2020_nov_p2_exam_maths,P2,8.0,8.2.1,,"If AF is a tangent to the circle passing through points F, G and D, then
prove, giving reasons, that FG || BC. (4)
ws ; AF 2",missing_marks,CALC,,signature,high,tangent_gradient,path_a,False,,,,,,,,,,,,,,,
2020,2020_nov_p2_exam_maths,P2,8.0,8.2.2,,"If it is further given that cot = 5 AC =2x—6 and GC =x+9, then
calculate the value of x. (4)
[17]
Copyright reserved Please turn over

===== Page 12 =====
Mathematics/P2 12 DBE/November 2020
SC/NSC",missing_marks,,,unmapped,,,path_a,False,,,,,,,,,,,,,,,
2020,2020_nov_p1_exam_maths,P1,9.0,9.1,4.0,Show that the cost to construct the box can be calculated by: Cost =90w? +48wh,ok,,,unmapped,,,path_a,False,,,,,,,,,,,,,,,
2020,2020_nov_p1_exam_maths,P1,9.0,9.2,10.0,Determine the width of the box such that the cost to build the box is a minimum. (6),ok,,,unmapped,,,path_a,False,,,,,,,,,,,,,,,
2020,2020_nov_p2_exam_maths,P2,9.0,9.1,,"In the diagram, O is the centre of the circle. Points 5, T and R lie on the circle.
Chords ST, SR and TR are drawn in the circle. QS is a tangent to the circle at S.
R
/\
T /
/
Q A\\/
Ss
Use the diagram to prove the theorem which states that QST=R. (5)
Copyright reserved Please turn over

===== Page 13 =====
Mathematics/P2 13 DBE/November 2020
SC/NSC",missing_marks,CALC,,signature,high,tangent_gradient,path_a,False,,,,,,,,,,,,,,,
2020,2020_nov_p2_exam_maths,P2,9.0,9.2,,"Chord QN bisects MNP and intersects chord MP at S. The tangent at P meets
MN produced at R such that QN || PR. Let P, =X.
R
|
TY",stem,CALC,,signature,high,tangent_gradient,path_a,False,,,,,,,,,,,,,,,
2020,2020_nov_p2_exam_maths,P2,9.0,9.2.1,2.0,"Determine the following angles in terms of x. Give reasons
(a) N, (2)
(bo) Q",ok,EUCL,,lexicon,medium,,path_a,False,,,,,,,,,,,,,,,
2020,2020_nov_p2_exam_maths,P2,9.0,9.2.2,,"Prove, giving reasons, that MN _ MS 6
2. » giving , NR SQ (6)
[15]
Copyright reserved Please turn over

===== Page 14 =====
Mathematics/P2 14 DBE/November 2020
SC/NSC",missing_marks,EUCL,,lexicon,medium,,path_a,False,,,,,,,,,,,,,,,
2020,2020_nov_p1_exam_maths,P1,10.0,10.1,2.0,How many possible 10-digit telephone numbers could be formed?,ok,PROB,,lexicon,medium,,path_a,False,,,,,,,,,,,,,,,
2020,2020_nov_p1_exam_maths,P1,10.0,10.2,,"Certain restrictions were placed on the groups of digits:
e Area code: must be 3 digits and the first digit can NOT be 0 or 1
e Exchange code: must be 3 digits and the first and second digits can NOT
be 0 or 1
e Number: must be 4 digits and the first digit MUST bea 0 or 1",stem,PROB,,signature,medium,nsc_code,path_a,False,,,,,,,,,,,,,,,
2020,2020_nov_p1_exam_maths,P1,10.0,10.2.1,3.0,"How many valid 10-digit telephone numbers could be formed by applying
the given restrictions?",ok,PROB,,lexicon,medium,,path_a,False,,,,,,,,,,,,,,,
2020,2020_nov_p1_exam_maths,P1,10.0,10.2.2,,"Determine the probability that any randomly chosen 10-digit telephone
number would be a valid phone number. (2)
[7]
Copyright reserved Please turn over

===== Page 10 =====
Mathematics/P 1 10 DBE/November 2020
SC/NSC",missing_marks,PROB,,signature,medium,nsc_probability,path_a,False,,,,,,,,,,,,,,,
2020,2020_nov_p2_exam_maths,P2,10.0,10.1,,"Prove, giving reasons, that:",stem,EUCL,,lexicon,medium,,path_a,False,,,,,,,,,,,,,,,
2020,2020_nov_p2_exam_maths,P2,10.0,10.1.1,3.0,FBDM is acyclic quadrilateral,ok,EUCL,,signature,high,cyclic_quad,path_a,False,,,,,,,,,,,,,,,
2020,2020_nov_p2_exam_maths,P2,10.0,10.1.2,3.0,"B,=F (4)
10.1.3. ACDB ||| ACBE",ok,,,unmapped,,,path_a,False,,,,,,,,,,,,,,,
2020,2020_nov_p2_exam_maths,P2,10.0,10.2,,"If it is further given that CD =2 units and DE=6 units, calculate the length of:",stem,FUNC,,signature,medium,nsc_length,path_a,False,,,,,,,,,,,,,,,
2020,2020_nov_p2_exam_maths,P2,10.0,10.2.1,3.0,BC,ok,,,unmapped,,,path_a,False,,,,,,,,,,,,,,,
2020,2020_nov_p2_exam_maths,P2,10.0,10.2.2,,"DB (4)
[17]
TOTAL: 150
Copyright reserved

===== Page 15 =====
Mathematics/P2 DBE/November 2020
SC/NSC
INFORMATION SHEET
—~b+ Vb? —4ac
x = ———————
2a
A= P(l+ni) A= P(-ni) A= P(-i)"" A= P(+i)""
T, =a+(n-l)d S, = Fea + (nd
n-I alr” ~1) a
T, = ar S, =—— ; r#l S,,=——; -l<r<l
r-l l-r
poids"" =] p_ai-a+9""|
i i
Wey) — tern SOX tA) FX)
f'(*) = lim ,
| 2 x, tX. Vy t V2
d= \(%)-x%) +0, -vS Mi 7 ° 9
y=mxtc y-y, =m(x—x,) m=22— 1 m=tand
Xx, ~ %Xy
(x-a) +(y—bY =r?
InAABC: —2-=—8 = 2
sinA sinB sinc
a’ =b? +c? —2be.cos A
area AABC = asi C
sin(a + £)=sinacos B+cosasin £ sin(a — 8) =sinacos f —cosasin B
cos(a + 8) =cosacos f —sinasin B cos(a — 8) =cosacos 8 +sina sin B
[cos asin a
cos2a =41—2sin’ a sin2a =2sinacosa
lacos? 1
_ yx D~& —x)
x= = |
n OO
n
A
P(A) S P(A or B) = P(A) + P(B) — P(A and B)
n
. x-X\y-y
deaths p= = *-3)
> (x-x)
Copyright reserved",missing_marks,TRIG,,lexicon,medium,,path_a,False,,,,,,,,,,,,,,,
2020,2020_nov_p1_exam_maths,P1,11.0,11.1,2.0,"Calculate the probability that Harry will hit the bull's eye in his first shot and his
second shot.",ok,PROB,,signature,medium,nsc_probability,path_a,False,,,,,,,,,,,,,,,
2020,2020_nov_p1_exam_maths,P1,11.0,11.2,3.0,"Calculate the probability that Harry will hit the bull's eye at least twice in his first
three shots.",ok,PROB,,signature,medium,nsc_probability,path_a,False,,,,,,,,,,,,,,,
2020,2020_nov_p1_exam_maths,P1,11.0,11.3,,"Glenda also has a 50% chance of hitting the bull's eye on each shot. Harry and
Glenda will take turns to shoot an arrow and the first person to hit the bull's eye will
be the winner. Calculate the probability that the person who shoots first will be the
winner of the challenge. (3)
[3]
TOTAL: 150
Copyright reserved

===== Page 11 =====
Mathematics/P 1 DBE/November 2020
SC/NSC
INFORMATION SHEET
~b+Vb? —4ac
———
2a
A= P(1+ni) A= P(-ni) A=P(-i)” A= P(1+i)""
n
T, =a+(n—l)d 8, = 5 2a+ (nD
T, =ar"""" S =) ay S,=-4;-1er<«l
. r-1 l-r
p+” -1] pazi-a+a”|
i i
1) — Yim SOE FA)— F(X)
F(x) = lim h
ly OND OND X +X. Vity2
d= \(x,-x,)+(,.-y,) Ml > ° 9
y=mxre y-y, =m(x-x,) m= 22-21 m=tand
XX ~%;
(x—ay +(y—by =?
snd sinB sinC
a =b? +c’ —2be.cos A
area AABC = 5 abasinC
sin(a + £)=sinacos §+cosasin B sin(a — £8) =sinacos 8-—cosasin B
cos(a + 8) =cosacos # —sina sin B cos(a - #) = cosacos §+sinasin B
| cos’ a —sin’ @
cos 2a =41—2sin’ a sin2a@ =2sinacosa
‘2008? a1
_ yx Y(, -xy
xa 2 _ isl
n CC ————_——
n
n(A)
P(A) = aS) P(A or B) = P(A) + P(B)— P(A and B)
n
. x-x\y-y
y=atbx p= 2b Ky-9)
> (x-x)
Copyright reserved",missing_marks,CALC,,struct,high,STRUCT_CALC,path_a,False,,,,,,,,,,,,,,,
2021,2021_nov_p1_exam_maths,P1,1.0,1.1,,Solve for x:,missing_marks,ALG,,signature,high,nsc_solve_x,path_a,False,,exam,,,,,,,,,,,,,
2021,2021_nov_p1_exam_maths,P1,1.0,1.1.1,3.0,x? ~2x-24=0,ok,,,unmapped,,,path_a,False,,exam,,,,,,,,,,,,,
2021,2021_nov_p1_exam_maths,P1,1.0,1.1.2,3.0,2x*-3x-3=0 (correct to TWO decimal places),ok,ALG,,struct,high,STRUCT_ALG,path_a,False,,exam,,,,,,,,,,,,,
2021,2021_nov_p1_exam_maths,P1,1.0,1.1.3,4.0,x? +5x<-4,ok,ALG,,struct,high,STRUCT_ALG,path_a,False,,exam,,,,,,,,,,,,,
2021,2021_nov_p1_exam_maths,P1,1.0,1.1.4,4.0,Vx+28=2-x,ok,,,unmapped,,,path_a,False,,exam,,,,,,,,,,,,,
2021,2021_nov_p1_exam_maths,P1,1.0,1.2,6.0,"Solve simultaneously for x and y in:
2y=3+x and 2xy+7=x7? +4y’",ok,ALG,,struct,high,STRUCT_ALG,path_a,False,,exam,,,,,,,,,,,,,
2021,2021_nov_p1_exam_maths,P1,1.0,1.3,,"The roots of an equation are x= ae =e where m, n and p are positive
real numbers. The numbers m, n and pin that order, form a geometric sequence.
Prove that x is a non-real number. (4)",mark_capped,SEQ,,signature,high,nsc_geometric_seq,path_a,False,,exam,,,,,,,,,,,,,
2021,2021_nov_p2_exam_maths,P2,1.0,1.1,,Calculate the:,missing_marks,,,unmapped,,,path_a,False,,exam,,,,,,,,,,,,,
2021,2021_nov_p2_exam_maths,P2,1.0,1.1.1,2.0,Mean number of loaves of bread ordered daily |,ok,STAT,,signature,medium,mean,path_a,False,,exam,,,,,,,,,,,,,
2021,2021_nov_p2_exam_maths,P2,1.0,1.1.2,1.0,Standard deviation of the data,ok,STAT,,signature,high,standard_dev,path_a,False,,exam,,,,,,,,,,,,,
2021,2021_nov_p2_exam_maths,P2,1.0,1.1.3,2.0,"Number of days on which the number of loaves of bread ordered was

more than one standard deviation above the mean",ok,STAT,,signature,high,standard_dev,path_a,False,,exam,,,,,,,,,,,,,
2021,2021_nov_p2_exam_maths,P2,1.0,1.2,2.0,"The tuck-shop owner was not able to sell all the loaves of bread delivered daily.

He calculated the mean number of loaves sold over the 18 days to be 20. Calculate the

number of loaves of bread which were NOT sold over the 18 days.",ok,STAT,,signature,medium,mean,path_a,False,,exam,,,,,,,,,,,,,
2021,2021_nov_p2_exam_maths,P2,1.0,1.3,,"One of the two box and whisker diagrams drawn below represents the data given in

the table above.

SOF a
8 10 12 14 16 18 20 22 24 26 28 30 32 34 36 38 40 42
be es ee ee ee ee ee ee ee ee ee ee ee |
8 10 12 14 16 18 20 22 24 26 28 30 32 34 36 38 40 42",missing_marks,STAT,,signature,high,box_whisker,path_a,False,,exam,,,,,,,,,,,,,
2021,2021_nov_p2_exam_maths,P2,1.0,1.3.1,2.0,"Which ONE of the two box and whisker diagrams, drawn above, correctly
represents the data? Write down a reason for your answer.",ok,STAT,,signature,high,box_whisker,path_a,False,,exam,,,,,,,,,,,,,
2021,2021_nov_p2_exam_maths,P2,1.0,1.3.2,,"Describe the skewness of the data. (i)
[10}

Copyright reserved Please turn over

===== Page 4 =====
Mathematics/P2 4 DBE/November 2021
NSC",missing_marks,STAT,,lexicon,medium,,path_a,False,,exam,,,,,,,,,,,,,
2021,2021_nov_p1_exam_maths,P1,2.0,2.1,2.0,| Calculate the value of x.,ok,,,unmapped,,,path_a,False,,exam,,,,,,,,,,,,,
2021,2021_nov_p1_exam_maths,P1,2.0,2.2,2.0,"Show that the sum of the first m termsis S$, =1 ovo(t —(0,9)"" ).",ok,SEQ,,lexicon,medium,,path_a,False,,exam,,,,,,,,,,,,,
2021,2021_nov_p1_exam_maths,P1,2.0,2.3,,"Hence, or otherwise, calculate the sum to infinity. (2)
[6]
Copyright reserved — Please turn over

===== Page 4 =====
Mathematics P! 4 DBE/November 2021
NSC",missing_marks,SEQ,,signature,high,sum_to_infinity,path_a,False,,exam,,,,,,,,,,,,,
2021,2021_nov_p2_exam_maths,P2,2.0,2.1,3.0,"On the grid provided in the ANSWER BOOK, draw the scatter plot to represent the

data.",ok,STAT,,lexicon,medium,,path_a,False,,exam,,,,,,,,,,,,,
2021,2021_nov_p2_exam_maths,P2,2.0,2.2,3.0,Determine the equation of the least squares regression line for the data.,ok,STAT,,signature,high,regression,path_a,False,,exam,,,,,,,,,,,,,
2021,2021_nov_p2_exam_maths,P2,2.0,2.3,2.0,"If the farmer sells a 5-litre container of milk for R38, predict the number of 5-litre

containers of milk he will sell.",ok,STAT,,lexicon,medium,,path_a,False,,exam,,,,,,,,,,,,,
2021,2021_nov_p2_exam_maths,P2,2.0,2.4,,"Refer to the correlation between the price of 5-litre containers of milk and the number

of 5-litre containers of milk sold, and comment on the accuracy of your answer to",missing_marks,SEQ,,signature,high,nsc_term_to_term,path_a,False,,exam,,,,,,,,,,,,,
2021,2021_nov_p2_exam_maths,P2,2.0,2,,"QUESTION 2.3. (2)

[10}

Copyright reserved Please turn over

===== Page 5 =====
Mathematics/P2 5 DBE/November 2021
NSC",no_sub_markers,,,unmapped,,,path_a,False,,exam,,,,,,,,,,,,,
2021,2021_nov_p1_exam_maths,P1,3.0,3.1,1.0,"Write down the value of T,.",ok,,,unmapped,,,path_a,False,,exam,,,,,,,,,,,,,
2021,2021_nov_p1_exam_maths,P1,3.0,3.2,3.0,"Show that the general term of this number pattern is T, = —n? + 26n-170.",ok,SEQ,,lexicon,medium,,path_a,False,,exam,,,,,,,,,,,,,
2021,2021_nov_p1_exam_maths,P1,3.0,3.3,4.0,"Between which TWO terms of the quadratic number pattern will there be a difference
of —121?",ok,SEQ,,signature,high,nsc_quadratic_pattern,path_a,False,,exam,,,,,,,,,,,,,
2021,2021_nov_p1_exam_maths,P1,3.0,3.4,11.0,"What value must be added to each term in the number pattern so that the value of the
maximum term in the new number pattern formed will be 1? (3)",ok,CALC,,signature,medium,nsc_maximum,path_a,False,,exam,,,,,,,,,,,,,
2021,2021_nov_p2_exam_maths,P2,3.0,3.1,,Calculate the gradient of:,missing_marks,AGEO,,signature,high,gradient,path_a,False,,exam,,,,,,,,,,,,,
2021,2021_nov_p2_exam_maths,P2,3.0,3.1.1,2.0,BE,ok,,,unmapped,,,path_a,False,,exam,,,,,,,,,,,,,
2021,2021_nov_p2_exam_maths,P2,3.0,3.1.2,2.0,AB,ok,,,unmapped,,,path_a,False,,exam,,,,,,,,,,,,,
2021,2021_nov_p2_exam_maths,P2,3.0,3.2,2.0,Determine the equation of BE inthe form y = mx +c,ok,AGEO,,lexicon,medium,,path_a,False,,exam,,,,,,,,,,,,,
2021,2021_nov_p2_exam_maths,P2,3.0,3.3,,Calculate the:,missing_marks,,,unmapped,,,path_a,False,,exam,,,,,,,,,,,,,
2021,2021_nov_p2_exam_maths,P2,3.0,3.3.1,2.0,"Coordinates of B, where k<0",ok,ALG,,struct,medium,STRUCT_ALG,path_a,False,,exam,,,,,,,,,,,,,
2021,2021_nov_p2_exam_maths,P2,3.0,3.3.2,4.0,Size of A,ok,,,unmapped,,,path_a,False,,exam,,,,,,,,,,,,,
2021,2021_nov_p2_exam_maths,P2,3.0,3.3.3,2.0,"Coordinates of the point of intersection of the diagonals of parallelogram
ACES, where S$ is a point in the first quadrant",ok,FUNC,,signature,high,nsc_log_graph,path_a,False,,exam,,,,,,,,,,,,,
2021,2021_nov_p2_exam_maths,P2,3.0,3.4,,"Another point T(p; p), where p> 0, is plotted such that ET = BE =4-17 units.",missing_marks,ALG,,struct,medium,STRUCT_ALG,path_a,False,,exam,,,,,,,,,,,,,
2021,2021_nov_p2_exam_maths,P2,3.0,3.4.1,5.0,Calculate the coordinates of T.,ok,,,unmapped,,,path_a,False,,exam,,,,,,,,,,,,,
2021,2021_nov_p2_exam_maths,P2,3.0,3.4.2,,"Determine the equation of the:
(a) Circle with centre at E and passing through B and T in the form
(x-a)’ +(y-by =r? (2)
(b) Tangent to the circle at point B(k; k) (3)
[24]
Copyright reserved Please turn over

===== Page 6 =====
Mathematics/P2 6 DBE/November 2021
NSC",missing_marks,CALC,,signature,high,tangent_gradient,path_a,False,,exam,,,,,,,,,,,,,
2021,2021_nov_p1_exam_maths,P1,4.0,4.1,3.0,"Determine T,,.",ok,,,unmapped,,,path_a,False,,exam,,,,,,,,,,,,,
2021,2021_nov_p1_exam_maths,P1,4.0,4.2,,"Calculate the sum of the first 51 terms. (2)
; 5000",missing_marks,SEQ,,lexicon,medium,,path_a,False,,exam,,,,,,,,,,,,,
2021,2021_nov_p1_exam_maths,P1,4.0,4.3,,"Write down the expansion of >) (2n+3). Show only the first 3 terms and the last
n=l
term of the expansion. (1)
5000 4999",missing_marks,SEQ,,lexicon,medium,,path_a,False,,exam,,,,,,,,,,,,,
2021,2021_nov_p1_exam_maths,P1,4.0,4.4,10.0,"Hence, or otherwise, calculate > (2n+3)+ > (—2n-1).
n=l n=l
ALL working details must be shown. (4)",ok,,,unmapped,,,path_a,False,,exam,,,,,,,,,,,,,
2021,2021_nov_p2_exam_maths,P2,4.0,4.1,1.0,Write down the length of the radius of the circle.,ok,AGEO,,signature,high,circle_equation,path_a,False,,exam,,,,,,,,,,,,,
2021,2021_nov_p2_exam_maths,P2,4.0,4.2,,Calculate the:,missing_marks,,,unmapped,,,path_a,False,,exam,,,,,,,,,,,,,
2021,2021_nov_p2_exam_maths,P2,4.0,4.2.1,2.0,Coordinates of C,ok,,,unmapped,,,path_a,False,,exam,,,,,,,,,,,,,
2021,2021_nov_p2_exam_maths,P2,4.0,4.2.2,2.0,Coordinates of D,ok,,,unmapped,,,path_a,False,,exam,,,,,,,,,,,,,
2021,2021_nov_p2_exam_maths,P2,4.0,4.2.3,3.0,Area of ABCD,ok,TRIG,,lexicon,medium,,path_a,False,,exam,,,,,,,,,,,,,
2021,2021_nov_p2_exam_maths,P2,4.0,4.3,,"The circle, centred at N, is reflected about the line y=x. M is the centre of the new

circle which is formed. The two circles intersect at A and F.

Calculate the:",missing_marks,AGEO,,signature,high,circle_equation,path_a,False,,exam,,,,,,,,,,,,,
2021,2021_nov_p2_exam_maths,P2,4.0,4.3.1,3.0,Length of NM,ok,EUCL,,lexicon,medium,,path_a,False,,exam,,,,,,,,,,,,,
2021,2021_nov_p2_exam_maths,P2,4.0,4.3.2,,"Midpoint of AF (4)

{15}

Copyright reserved Please turn over

===== Page 7 =====
Mathematics/P2 7 DBE/November 2021
NSC",missing_marks,AGEO,,signature,high,midpoint,path_a,False,,exam,,,,,,,,,,,,,
2021,2021_nov_p1_exam_maths,P1,5.0,5.1,2.0,Write down the equations of the asymptotes of f.,ok,FUNC,,signature,high,asymptotes,path_a,False,,exam,,,,,,,,,,,,,
2021,2021_nov_p1_exam_maths,P1,5.0,5.2,1.0,Write down the domain of,ok,FUNC,,signature,high,nsc_domain,path_a,False,,exam,,,,,,,,,,,,,
2021,2021_nov_p1_exam_maths,P1,5.0,5.3,2.0,Determine the coordinates of the x-intercept of f,ok,FUNC,,lexicon,medium,,path_a,False,,exam,,,,,,,,,,,,,
2021,2021_nov_p1_exam_maths,P1,5.0,5.4,2.0,Write down the coordinates of the y-intercept of f,ok,FUNC,,lexicon,medium,,path_a,False,,exam,,,,,,,,,,,,,
2021,2021_nov_p1_exam_maths,P1,5.0,5.5,,"Draw the graph of f- Clearly show ALL the asymptotes and intercepts with the axes. (3)
. [10]
Copyright reserved Please tum over

===== Page 5 =====
Mathematics P1 5 DBE/November 2021
NSC",missing_marks,FUNC,,signature,high,asymptotes,path_a,False,,exam,,,,,,,,,,,,,
2021,2021_nov_p2_exam_maths,P2,5.0,5.1,,"Without using a calculator, simplify the following expression to ONE trigonometric
ratio:
sin 140°. sin(360° — x) ‘5
cos 50°. tan(—x) (6)
4. —2sin’?x+cosx+1",missing_marks,TRIG,,lexicon,medium,,path_a,False,,exam,,,,,,,,,,,,,
2021,2021_nov_p2_exam_maths,P2,5.0,5.2,,"Prove the identity: —————__————- = 2cosx-1 (4)
1 ~cos(540° — x)",missing_marks,TRIG,,signature,high,identity_proof,path_a,False,,exam,,,,,,,,,,,,,
2021,2021_nov_p2_exam_maths,P2,5.0,5.3,,"Given: sin36°=./1— p’
Without using a calculator, determine EACH of the following in terms of p:",missing_marks,,,unmapped,,,path_a,False,,exam,,,,,,,,,,,,,
2021,2021_nov_p2_exam_maths,P2,5.0,5.3.1,3.0,tan 36°,ok,TRIG,,lexicon,medium,,path_a,False,,exam,,,,,,,,,,,,,
2021,2021_nov_p2_exam_maths,P2,5.0,5.3.2,,cos108° (4),mark_capped,TRIG,,lexicon,medium,,path_a,False,,exam,,,,,,,,,,,,,
2021,2021_nov_p1_exam_maths,P1,6.0,6.1,2.0,Calculate the value of k.,ok,,,unmapped,,,path_a,False,,exam,,,,,,,,,,,,,
2021,2021_nov_p1_exam_maths,P1,6.0,6.2,2.0,Determine the values of x for which —1< f(x) £2.,ok,,,unmapped,,,path_a,False,,exam,,,,,,,,,,,,,
2021,2021_nov_p1_exam_maths,P1,6.0,6.3,2.0,"Write down the equation of f~', the inverse of f, inthe form y=...",ok,FUNC,,signature,high,nsc_inverse,path_a,False,,exam,,,,,,,,,,,,,
2021,2021_nov_p1_exam_maths,P1,6.0,6.4,,"For which values of x will x.f (x) <0? (2)
[8]
Copyright reserved Please turn over

===== Page 6 =====
Mathematics P1 6 DBE/November 2021
NSC",missing_marks,FUNC,,signature,medium,nsc_interpret,path_a,False,,exam,,,,,,,,,,,,,
2021,2021_nov_p2_exam_maths,P2,6.0,6.1,,Given: cos(a ~ 8) =cosacos £+sinasin §,missing_marks,TRIG,,lexicon,medium,,path_a,False,,exam,,,,,,,,,,,,,
2021,2021_nov_p2_exam_maths,P2,6.0,6.1.1,3.0,Use the given identity to derive a formula for cos(@ + £),ok,TRIG,,signature,high,identity_proof,path_a,False,,exam,,,,,,,,,,,,,
2021,2021_nov_p2_exam_maths,P2,6.0,6.1.2,5.0,Simplify completely: 2cos6xcos4x—cos10x+2sin? x,ok,TRIG,,lexicon,medium,,path_a,False,,exam,,,,,,,,,,,,,
2021,2021_nov_p2_exam_maths,P2,6.0,6.2,,"Determine the general solution of tanx =2sin2x where cosx <0. (7)
[15]
Copyright reserved Please turn over

===== Page 8 =====
Mathematics/P2 8 DBE/November 2021
NSC",missing_marks,TRIG,,signature,high,general_solution,path_a,False,,exam,,,,,,,,,,,,,
2021,2021_nov_p1_exam_maths,P1,7.0,7.1,2.0,Write down the coordinates of B and D.,ok,FUNC,,lexicon,medium,,path_a,False,,exam,,,,,,,,,,,,,
2021,2021_nov_p1_exam_maths,P1,7.0,7.2,2.0,Calculate the coordinates of C.,ok,FUNC,,lexicon,medium,,path_a,False,,exam,,,,,,,,,,,,,
2021,2021_nov_p1_exam_maths,P1,7.0,7.3,1.0,Write down the range of f,ok,FUNC,,signature,high,nsc_range,path_a,False,,exam,,,,,,,,,,,,,
2021,2021_nov_p1_exam_maths,P1,7.0,7.4,,"Given that @= 14,04° and the tangent to f at T is perpendicular to AE.",missing_marks,CALC,,signature,high,tangent_gradient,path_a,False,,exam,,,,,,,,,,,,,
2021,2021_nov_p1_exam_maths,P1,7.0,7.4.1,1.0,"Calculate the gradient of AE, correct to TWO decimal places.",ok,AGEO,,signature,high,gradient,path_a,False,,exam,,,,,,,,,,,,,
2021,2021_nov_p1_exam_maths,P1,7.0,7.4.2,5.0,Calculate the coordinates of T.,ok,FUNC,,lexicon,medium,,path_a,False,,exam,,,,,,,,,,,,,
2021,2021_nov_p1_exam_maths,P1,7.0,7.5,,"A straight line, g, parallel to AE, cuts f at K(-3 ;-9) and R.

Calculate the x-coordinate of R. (6)

[17]

Copyright reserved Please turn over

===== Page 7 =====
Mathematics P1 7 DBE/November 2021
NSC",missing_marks,AGEO,,signature,medium,parallel_perp,path_a,False,,exam,,,,,,,,,,,,,
2021,2021_nov_p2_exam_maths,P2,7.0,7.1,3.0,"On the grid provided in the ANSWER BOOK, draw the graph of
g(x) =cos(x~60°) for xe[-180°; 180°]. Clearly show ALL intercepts with the
axes and turning points of the graph.",ok,CALC,,struct,medium,STRUCT_CALC,path_a,False,,exam,,,,,,,,,,,,,
2021,2021_nov_p2_exam_maths,P2,7.0,7.2,2.0,Write down the period of f(3x).,ok,,,unmapped,,,path_a,False,,exam,,,,,,,,,,,,,
2021,2021_nov_p2_exam_maths,P2,7.0,7.3,1.0,"Use the graphs to determine the value of x in the interval x <[—180°; 180°] for
which f(x)- g(x)=1.",ok,,,unmapped,,,path_a,False,,exam,,,,,,,,,,,,,
2021,2021_nov_p2_exam_maths,P2,7.0,7.4,,"Write down the range of k, if k(x) = ; g(x) +1. (2)
[8]
Copyright reserved Please turn over

===== Page 9 =====
Mathematics/P2 9 DBE/November 2021
NSC",missing_marks,FUNC,,signature,high,nsc_range,path_a,False,,exam,,,,,,,,,,,,,
2021,2021_nov_p1_exam_maths,P1,8.0,8.1,3.0,"A farmer bought a tractor for R980 000. The value of the tractor depreciates annually
at a rate of 9,2% p.a. on the reducing-balance method. Calculate the book value of
the tractor after 7 years.",ok,FIN,,signature,high,nsc_depreciat,path_a,False,,exam,,,,,,,,,,,,,
2021,2021_nov_p1_exam_maths,P1,8.0,8.2,4.0,"How many years will it take for an amount of R75 000 to accrue to R116 253,50 in
an account earning interest of 6,8% p.a., compounded quarterly?",ok,FIN,,signature,high,nsc_compound,path_a,False,,exam,,,,,,,,,,,,,
2021,2021_nov_p1_exam_maths,P1,8.0,8.3,,Thabo wanted to save R450 000 as a deposit to buy a house on 30 June 2018.,missing_marks,FIN,,lexicon,medium,,path_a,False,,exam,,,,,,,,,,,,,
2021,2021_nov_p1_exam_maths,P1,8.0,8.3.1,3.0,"He deposited a fixed amount of money at the end of every month into an
account earning interest of 8,35% p.a., compounded monthly. His first
deposit was made on 31 July 2013 and his 60th deposit on 30 June 2018.
Calculate the amount he deposited monthly.",ok,FIN,,signature,high,nsc_compound,path_a,False,,exam,,,,,,,,,,,,,
2021,2021_nov_p1_exam_maths,P1,8.0,8.3.2,,"Thabo bought a house costing R1500 000 and used his savings as the
deposit. He obtained a home loan for the balance of the purchase price at
an interest of 12% p.a., compounded monthly over 25 years. He made
his first monthly instalment of R11 058,85 towards the loan on
31 July 2018.
(a) What will the balance outstanding on the loan be on 30 June 2039,
21 years after the loan was granted? (3)
(a) Calculate the interest Thabo will have paid over the first
21 years of the loan. (3)",mark_capped,FIN,,signature,high,nsc_loan,path_a,False,,exam,,,,,,,,,,,,,
2021,2021_nov_p2_exam_maths,P2,8.0,8.1,3.0,Prove that QS = 5 tanx,ok,EUCL,,struct,medium,STRUCT_EUCL,path_a,False,,exam,,,,,,,,,,,,,
2021,2021_nov_p2_exam_maths,P2,8.0,8.2,5.0,Prove that the length of QT =10sinx,ok,EUCL,,struct,medium,STRUCT_EUCL,path_a,False,,exam,,,,,,,,,,,,,
2021,2021_nov_p2_exam_maths,P2,8.0,8.3,,"Calculate the area of ATQR if TQR = 70° and x= 25°. (2)
[10]
Copyright reserved Please turn over

===== Page 10 =====
Mathematics/P2 10 DBE/November 2021
NSC",missing_marks,TRIG,,lexicon,medium,,path_a,False,,exam,,,,,,,,,,,,,
2021,2021_nov_p1_exam_maths,P1,9.0,9.1,5.0,Determine f ‘(x) from first principles if it is given that f(x) =2x? —3x.,ok,CALC,,signature,high,nsc_first_principles,path_a,False,,exam,,,,,,,,,,,,,
2021,2021_nov_p1_exam_maths,P1,9.0,9.2,,Determine:,missing_marks,,,unmapped,,,path_a,False,,exam,,,,,,,,,,,,,
2021,2021_nov_p1_exam_maths,P1,9.0,9.2.1,,"Y i¢ y =4x° —6x* +3x (3)
dx
Vx (1y",missing_marks,ALG,,struct,high,STRUCT_ALG,path_a,False,,exam,,,,,,,,,,,,,
2021,2021_nov_p1_exam_maths,P1,9.0,2.2,,"D_| -——+| — 4
7 x 2 =| oe
{12]
Copyright reserved Please turn over

===== Page 8 =====
Mathematics P1 8 DBE/November 2021
NSC",missing_marks,,,unmapped,,,path_a,False,,exam,,,,,,,,,,,,,
2021,2021_nov_p2_exam_maths,P2,9.0,9.1,1.0,Give areason why ST =TR.,ok,EUCL,,lexicon,medium,,path_a,False,,exam,,,,,,,,,,,,,
2021,2021_nov_p2_exam_maths,P2,9.0,9.2,,"Calculate, giving reasons, the size of:",missing_marks,EUCL,,lexicon,medium,,path_a,False,,exam,,,,,,,,,,,,,
2021,2021_nov_p2_exam_maths,P2,9.0,9.2.1,2.0,"S,",ok,,,unmapped,,,path_a,False,,exam,,,,,,,,,,,,,
2021,2021_nov_p2_exam_maths,P2,9.0,9.2.2,,"S, (2)
[5]
Copyright reserved Please turn over

===== Page 11 =====
Mathematics/P2 11 DBE/November 2021
NSC",missing_marks,,,unmapped,,,path_a,False,,exam,,,,,,,,,,,,,
2021,2021_nov_p1_exam_maths,P1,10.0,10.1,5.0,Show that a=-1 and b=6.,ok,,,unmapped,,,path_a,False,,exam,,,,,,,,,,,,,
2021,2021_nov_p1_exam_maths,P1,10.0,10.2,3.0,Calculate the coordinates of A.,ok,FUNC,,lexicon,medium,,path_a,False,,exam,,,,,,,,,,,,,
2021,2021_nov_p1_exam_maths,P1,10.0,10.3,,Write down the values of x for which A is:,missing_marks,,,unmapped,,,path_a,False,,exam,,,,,,,,,,,,,
2021,2021_nov_p1_exam_maths,P1,10.0,10.3.1,2.0,Increasing,ok,,,unmapped,,,path_a,False,,exam,,,,,,,,,,,,,
2021,2021_nov_p1_exam_maths,P1,10.0,10.3.2,2.0,Concave down,ok,CALC,,signature,high,nsc_concave,path_a,False,,exam,,,,,,,,,,,,,
2021,2021_nov_p1_exam_maths,P1,10.0,10.4,,"For which values of & will -—(x—1)’+6(x-1)?-k=0 have one negative and

two distinct positive roots? (3)

[15]

Copyright reserved Please turn over

===== Page 9 =====
Mathematics P1 9 DBE/November 2021
NSC",missing_marks,PROB,,lexicon,medium,,path_a,False,,exam,,,,,,,,,,,,,
2021,2021_nov_p2_exam_maths,P2,10.0,10.1,1.0,Give areason why AF = FE.,ok,EUCL,,lexicon,medium,,path_a,False,,exam,,,,,,,,,,,,,
2021,2021_nov_p2_exam_maths,P2,10.0,10.2,3.0,"Determine, giving reasons, the size of M, in terms of x.",ok,EUCL,,lexicon,medium,,path_a,False,,exam,,,,,,,,,,,,,
2021,2021_nov_p2_exam_maths,P2,10.0,10.3,4.0,"Prove, giving reasons, that AD is a tangent to the circle passing through A, C
and F.",ok,CALC,,signature,high,tangent_gradient,path_a,False,,exam,,,,,,,,,,,,,
2021,2021_nov_p2_exam_maths,P2,10.0,10.4,,"Given that CF = 6 units and AB = 24 units, calculate, giving reasons, the length
of AE. (5)
[13]
Copyright reserved Please turn over

===== Page 12 =====
Mathematics/P2 12 DBE/November 2021
NSC",missing_marks,EUCL,,lexicon,medium,,path_a,False,,exam,,,,,,,,,,,,,
2021,2021_nov_p1_exam_maths,P1,11.0,11,7.0,"QUESTION 11
After travelling a distance of 20 km from home, a person suddenly remembers that he did not
close a tap in his garden. He decides to turn around immediately and return home to close
the tap.
The cost of the water, at the rate at which water is flowing out of the tap, is R1,60 per hour.
The cost of petrol is [12 + a) rands per km, where x is the average speed in km/h.
Calculate the average speed at which the person must travel home to keep his cost as low
as possible. [7]",no_sub_markers,AGEO,,signature,high,distance,path_a,False,,exam,,,,,,,,,,,,,
2021,2021_nov_p2_exam_maths,P2,11.0,11.1,,"In the diagram, chords DE, EF and DF are drawn in the circle with centre O.

KFC is a tangent to the circle at F.

J. \
\y
K F ©

Prove the theorem which states that DFK =F. (5)

Copyright reserved Please turn over

===== Page 13 =====
Mathematics/P2 13 DBE/November 2021
NSC",missing_marks,CALC,,signature,high,tangent_gradient,path_a,False,,exam,,,,,,,,,,,,,
2021,2021_nov_p2_exam_maths,P2,11.0,11.2,,"In the diagram, PK is a tangent to the circle at K. Chord LS is produced to P.
N and M are points on KP and SP _ respectively such that MN || SK.
Chord KS and LN intersect at T.
(—>
M
P",missing_marks,CALC,,signature,high,tangent_gradient,path_a,False,,exam,,,,,,,,,,,,,
2021,2021_nov_p2_exam_maths,P2,11.0,11.2.1,1.0,"Prove, giving reasons, that:
@) &,=NNIL (4)
(b) KLMN is acyclic quadrilateral",ok,EUCL,,signature,high,cyclic_quad,path_a,False,,exam,,,,,,,,,,,,,
2021,2021_nov_p2_exam_maths,P2,11.0,11.2.2,5.0,"Prove, giving reasons, that ALKN ||| AKSM.",ok,EUCL,,lexicon,medium,,path_a,False,,exam,,,,,,,,,,,,,
2021,2021_nov_p2_exam_maths,P2,11.0,11.2.3,4.0,"If LK = 12 units and 3KN =4SM, determine the length of KS.",ok,EUCL,,lexicon,medium,,path_a,False,,exam,,,,,,,,,,,,,
2021,2021_nov_p2_exam_maths,P2,11.0,11.2.4,,"If it is further given that NL = 16 units, LS = 13 units and KN = 8 units,
determine, with reasons, the length of LT. (4)
[23]
TOTAL: 150
Copyright reserved

===== Page 14 =====
Mathematics/P2 DBE/November 2021
NSC
INFORMATION SHEET: MATHEMATICS
ee OEY —4ac ,
2a
A =P(1+ni) A= P(l-xi) A= P(1-i)” A=P(1+i)""
T, =a+(n-l)d S, = 5 2a+(n-a]
T, =ar""™"" Ss = 8"" =D gy S,=— +; -ler<l
. r-l l-r
re x[asiy | >= xhi-a+ iy”
i i
ley) — lien LOH t A) - FO)
f(x) = lim P
SEEN SEE EEE ee xX, +x, Wty
d= \(x,-x,°+(.-») Ml 5 +; 5 |
y=mxte y-y, =m(x-x,) m= 221 m= tan@
Xx. —X,
(x-a) +(y-by =r?
In AABC: —@ _ 6 _
sin A sinB sinC
a’ =b’ +c’ —2be.cos A
area AABC = Sab. sin Cc
sin(a + #)=sinacos # + cos asin B sin(a — #) =sinacos 8 —cosasin B
cos(a + #)=cosacos f-sinasin f cos(a — f)=cosacos #+sinasin B
cos’ a —sin’ a
cos2a=| 1-2sin’a sin 2a = 2sina cosa
2cos*a-1
_ yx dil, - x)
x =~ 2_ i=l
n oO =
n
n(A)
P(A) ~ AS) P(A or B)= P(A)+ P(B)- P(A and B)
n
> &-xXy-7)
y=ath b= SS oN
¥=atTOX > (x3)
Copyright reserved",missing_marks,EUCL,,signature,high,with_reasons,path_a,False,,exam,,,,,,,,,,,,,
2021,2021_nov_p1_exam_maths,P1,12.0,12.1,,"A and B are independent events. It is further given that:
P(A and B) = 0,3 and P(only B) = 0,2",missing_marks,PROB,,signature,high,nsc_independent,path_a,False,,exam,,,,,,,,,,,,,
2021,2021_nov_p1_exam_maths,P1,12.0,12.1.1,1.0,Are A and B mutually exclusive? Motivate your answer.,ok,PROB,,signature,high,mutually_exclusive,path_a,False,,exam,,,,,,,,,,,,,
2021,2021_nov_p1_exam_maths,P1,12.0,12.1.2,2.0,"Determine:
(a) P(only A) (4)
(b) Pot A or not B)",ok,,,unmapped,,,path_a,False,,exam,,,,,,,,,,,,,
2021,2021_nov_p1_exam_maths,P1,12.0,12.2,,"A teacher has 5 different poetry books, 4 different dramas and 3 different novels.
She must arrange these 12 books from left to right on a shelf.",missing_marks,PROB,,lexicon,medium,,path_a,False,,exam,,,,,,,,,,,,,
2021,2021_nov_p1_exam_maths,P1,12.0,12.2.1,1.0,"Write down the probability that a novel will be the first book placed on
the shelf.",ok,PROB,,signature,medium,nsc_probability,path_a,False,,exam,,,,,,,,,,,,,
2021,2021_nov_p1_exam_maths,P1,12.0,12.2.2,2.0,"Calculate the number of different ways these 12 books can be placed on
the shelf if any book can be placed in any position.",ok,PROB,,lexicon,medium,,path_a,False,,exam,,,,,,,,,,,,,
2021,2021_nov_p1_exam_maths,P1,12.0,12.2.3,,"Calculate the probability that a poetry book is placed in the first position,
the three novels are placed next to each other and a drama is placed in the
last position. (4)
[14]
TOTAL: 150
Copyright reserved

===== Page 10 =====
Mathematics P1 DBE/November 2021
NSC
INFORMATION SHEET
re —b+b? —4ac
2a
A= P(1+ni) A= P(|-ni) A= P(l-i)” A= PU +i)""
T, =a+(n-ld 8, => 2a+(n-1d]
T, =ar™"" Ss _ ae"" =I) =I sre S,=—-3-1<r<1
n r-l l-r
pea -1) p_l-G+)""|
i i
_ f(xth)— f(x)
‘(x) = lim ———
f'@) h>0 h
xX, +X. +
d=\(x,—xY +0-H) m| se
2 2
youmxte y—y, =m(x—-x,) m=22 > m=tan@
Xa —%
In AABC: 2 =? 2 ©
snA sinB sinc
a’ =b? +c? —2be.cos A
area AABC = 5 ab.sin C
sin(a + B) = sina.cos # +cosa.sin B sin(a ~ B) =sina.cos 8 —cosa.sin B
cos(a + 8)=cosa.cos 6 —sina.sin B cos(a — 8)=cosa.cos f +sina.sin B
cos’ a@—sin’ a
cos2a@ =41-2sin’ @ sin 2a =2sina.cosa
2cos? a—-1
= =\2
_ >* , YG x)
x= of = S| —____
n n
n(A) _
P(A) = 7S) P(A or B) = P(A) + P(B) — P(A and B)
n
(x-*)y-9)
, y=ath b= D&-*hy-9)
Copyright reserved",missing_marks,PROB,,signature,medium,nsc_probability,path_a,False,,exam,,,,,,,,,,,,,
2022,2022_nov_p1_exam_maths,P1,1.0,1.1,,Solve for x:,missing_marks,ALG,,signature,high,nsc_solve_x,path_a,False,,exam,,,,,,,,,,,,,
2022,2022_nov_p1_exam_maths,P1,1.0,1.1.1,2.0,(3x — 6)(x + 2)=0,ok,,,unmapped,,,path_a,False,,exam,,,,,,,,,,,,,
2022,2022_nov_p1_exam_maths,P1,1.0,1.1.2,3.0,2x* —6x+1=0 (correct to TWO decimal places),ok,ALG,,struct,high,STRUCT_ALG,path_a,False,,exam,,,,,,,,,,,,,
2022,2022_nov_p1_exam_maths,P1,1.0,1.1.3,4.0,x? -90>x,ok,ALG,,struct,high,STRUCT_ALG,path_a,False,,exam,,,,,,,,,,,,,
2022,2022_nov_p1_exam_maths,P1,1.0,1.1.4,4.0,x—7x =-12,ok,,,unmapped,,,path_a,False,,exam,,,,,,,,,,,,,
2022,2022_nov_p1_exam_maths,P1,1.0,1.2,,"Solve for x and y simultaneously:
2x-y=2",missing_marks,ALG,,signature,high,nsc_solve_x,path_a,False,,exam,,,,,,,,,,,,,
2022,2022_nov_p1_exam_maths,P1,1.0,1.3,,"Show that 2.5” ~5”*'+5""*? is even for all positive integer values of 7. (3)
aut",missing_marks,,,unmapped,,,path_a,False,,exam,,,,,,,,,,,,,
2022,2022_nov_p1_exam_maths,P1,1.0,1.4,25.0,Determine the values of x and y if: ria V96* (4),ok,ALG,,signature,high,nsc_simul_x_y,path_a,False,,exam,,,,,,,,,,,,,
2022,2022_nov_p2_exam_maths,P2,1.0,1.1,2.0,"Calculate the:
1.1.1. Mean number of votes that these 10 learners received",ok,STAT,,signature,medium,mean,path_a,False,,exam,,,,,,,,,,,,,
2022,2022_nov_p2_exam_maths,P2,1.0,1.1.2,1.0,Standard deviation of the number of votes that these 10 learners received,ok,STAT,,signature,high,standard_dev,path_a,False,,exam,,,,,,,,,,,,,
2022,2022_nov_p2_exam_maths,P2,1.0,1.2,2.0,"The learners who received fewer votes than one standard deviation below the mean
were not invited for an interview. How many learners were invited?",ok,STAT,,signature,high,standard_dev,path_a,False,,exam,,,,,,,,,,,,,
2022,2022_nov_p2_exam_maths,P2,1.0,1.3,3.0,"Determine the equation of the least squares regression line for the data given in the
table.",ok,STAT,,signature,high,regression,path_a,False,,exam,,,,,,,,,,,,,
2022,2022_nov_p2_exam_maths,P2,1.0,1.4,2.0,Predict the number of votes that a learner with a popularity score of 72 will receive.,ok,STAT,,lexicon,medium,,path_a,False,,exam,,,,,,,,,,,,,
2022,2022_nov_p2_exam_maths,P2,1.0,1.5,1.0,"Using the scatter plot and table above, provide a reason why:
1.5.1. IQ is nota good indicator of the number of votes that a learner could receive",ok,STAT,,lexicon,medium,,path_a,False,,exam,,,,,,,,,,,,,
2022,2022_nov_p2_exam_maths,P2,1.0,1.5.2,,"The prediction in QUESTION 1.4 is reliable (1)
[12]
Copyright reserved Please turn over

===== Page 4 =====
Mathematics/P2 4 . DBE/November 2022
NSC",missing_marks,,,unmapped,,,path_a,False,,exam,,,,,,,,,,,,,
2022,2022_nov_p1_exam_maths,P1,2.0,2.1,,"The first term of a geometric series is 14 and the 6"" term is 448.",missing_marks,SEQ,,signature,high,nsc_geometric_series,path_a,False,,exam,,,,,,,,,,,,,
2022,2022_nov_p1_exam_maths,P1,2.0,2.1.1,2.0,"Calculate the value of the constant ratio, r.",ok,SEQ,,signature,high,nsc_constant_ratio,path_a,False,,exam,,,,,,,,,,,,,
2022,2022_nov_p1_exam_maths,P1,2.0,2.1.2,4.0,"Determine the number of consecutive terms that must be added to the first
6 terms of the series in order to obtain a sum of 114 674.",ok,SEQ,,lexicon,medium,,path_a,False,,exam,,,,,,,,,,,,,
2022,2022_nov_p1_exam_maths,P1,2.0,2.1.3,,"If the first term of another series is 448 and the 6"" term is 14, calculate
the sum to infinity of the new series. (3)
A] 1 1 .",missing_marks,SEQ,,signature,high,sum_to_infinity,path_a,False,,exam,,,,,,,,,,,,,
2022,2022_nov_p1_exam_maths,P1,2.0,2.2,,"If > — p+—|=20—, determine the value of &
pa\3 6 6 (5)
[14]
Copyright reserved Please turn over

===== Page 4 =====
Mathematics/P 1 4 DBE/November 2022
NSC",missing_marks,,,unmapped,,,path_a,False,,exam,,,,,,,,,,,,,
2022,2022_nov_p2_exam_maths,P2,2.0,2.1,1.0,How many people are employed at this company?,ok,,,unmapped,,,path_a,False,,exam,,,,,,,,,,,,,
2022,2022_nov_p2_exam_maths,P2,2.0,2.2,1.0,Write down the modal class of the data.,ok,STAT,,lexicon,medium,,path_a,False,,exam,,,,,,,,,,,,,
2022,2022_nov_p2_exam_maths,P2,2.0,2.3,2.0,"How many employees spent more than 22,5% of their monthly salary on fuel?",ok,,,unmapped,,,path_a,False,,exam,,,,,,,,,,,,,
2022,2022_nov_p2_exam_maths,P2,2.0,2.4,2.0,"An employee spent R2 400 of his salary on fuel in that particular month. Determine
the monthly salary of this employee if he spends 7% of his salary on fuel.",ok,,,unmapped,,,path_a,False,,exam,,,,,,,,,,,,,
2022,2022_nov_p2_exam_maths,P2,2.0,2.5,,"The monthly salaries of these employees remains constant and the number of litres of
fuel used in each month also remains constant. If the fuel price increases from R21,43
per litre to R22,79 per litre at the beginning of the next month, how will the above
ogive change? (2)
[8]
Copyright reserved Please turn over

===== Page 5 =====
Mathematics/P2 5 DBE/November 2022
NSC",missing_marks,STAT,,signature,high,ogive_reading,path_a,False,,exam,,,,,,,,,,,,,
2022,2022_nov_p1_exam_maths,P1,3.0,3.1,2.0,Show that 5 =4.,ok,,,unmapped,,,path_a,False,,exam,,,,,,,,,,,,,
2022,2022_nov_p1_exam_maths,P1,3.0,3.2,2.0,"Determine the value of the 60"" term of this number pattern.",ok,SEQ,,lexicon,medium,,path_a,False,,exam,,,,,,,,,,,,,
2022,2022_nov_p1_exam_maths,P1,3.0,3.3,3.0,"Determine the general term for the sequence of first differences of the quadratic
number pattern. Write your answer in the form 7, = mp +q.",ok,SEQ,,signature,high,nsc_first_difference,path_a,False,,exam,,,,,,,,,,,,,
2022,2022_nov_p1_exam_maths,P1,3.0,3.4,10.0,"Which TWO consecutive terms in the quadratic number pattern have a first difference
of 157? (3)",ok,SEQ,,signature,high,nsc_quadratic_pattern,path_a,False,,exam,,,,,,,,,,,,,
2022,2022_nov_p2_exam_maths,P2,3.0,3.1,,Calculate the:,missing_marks,,,unmapped,,,path_a,False,,exam,,,,,,,,,,,,,
2022,2022_nov_p2_exam_maths,P2,3.0,3.1.1,2.0,Gradient of AB,ok,AGEO,,signature,high,gradient,path_a,False,,exam,,,,,,,,,,,,,
2022,2022_nov_p2_exam_maths,P2,3.0,3.1.2,2.0,"Size of a (2)
3.1.3. Coordinates of T",ok,,,unmapped,,,path_a,False,,exam,,,,,,,,,,,,,
2022,2022_nov_p2_exam_maths,P2,3.0,3.1.4,2.0,Coordinates of S,ok,,,unmapped,,,path_a,False,,exam,,,,,,,,,,,,,
2022,2022_nov_p2_exam_maths,P2,3.0,3.2,3.0,Determine the equation of CD inthe form y=mx+c.,ok,AGEO,,lexicon,medium,,path_a,False,,exam,,,,,,,,,,,,,
2022,2022_nov_p2_exam_maths,P2,3.0,3.3,,Calculate the:,missing_marks,,,unmapped,,,path_a,False,,exam,,,,,,,,,,,,,
2022,2022_nov_p2_exam_maths,P2,3.0,3.3.1,4.0,Sizeof DCA,ok,,,unmapped,,,path_a,False,,exam,,,,,,,,,,,,,
2022,2022_nov_p2_exam_maths,P2,3.0,3.3.2,,"Areaof POSC (5)
[20]
Copyright reserved Please turn over

===== Page 6 =====
Mathematics/P2 6 DBE/November 2022
NSC",missing_marks,,,unmapped,,,path_a,False,,exam,,,,,,,,,,,,,
2022,2022_nov_p1_exam_maths,P1,4.0,4.1,,"Sketched below is the graph of (x)= — +q. The asymptotes of # intersect at
x+p
(13 2),",missing_marks,FUNC,,signature,high,asymptotes,path_a,False,,exam,,,,,,,,,,,,,
2022,2022_nov_p1_exam_maths,P1,4.0,4.1.1,2.0,Write down the values of p and q.,ok,,,unmapped,,,path_a,False,,exam,,,,,,,,,,,,,
2022,2022_nov_p1_exam_maths,P1,4.0,4.1.2,2.0,Calculate the coordinates of the x-intercept of h.,ok,FUNC,,lexicon,medium,,path_a,False,,exam,,,,,,,,,,,,,
2022,2022_nov_p1_exam_maths,P1,4.0,4.1.3,2.0,Write down the x-coordinate of the x-intercept of g if g(x) =h(x +3).,ok,FUNC,,lexicon,medium,,path_a,False,,exam,,,,,,,,,,,,,
2022,2022_nov_p1_exam_maths,P1,4.0,4.1.4,2.0,"The equation of an axis of symmetry of h is y=x++¢. Determine the
value of f.",ok,FUNC,,lexicon,medium,,path_a,False,,exam,,,,,,,,,,,,,
2022,2022_nov_p1_exam_maths,P1,4.0,4.1.5,,"Determine the values of x for which ~2< a
x-1 (3)
Copyright reserved Please turn over

===== Page 5 =====
Mathematics/P 1 5 DBE/November 2022
NSC",missing_marks,,,unmapped,,,path_a,False,,exam,,,,,,,,,,,,,
2022,2022_nov_p1_exam_maths,P1,4.0,4.2,,"The graphs of f(x)=x?—4x—5 and g(x)=a.2""%+q are sketched below.

e E and H are the x-intercepts of f

e C is the y-intercept of f and lies on the asymptote of g.

e The two graphs intersect at D, the turning point of f

y
f
E H
O x
2 IN
Xp",missing_marks,FUNC,,signature,high,asymptotes,path_a,False,,exam,,,,,,,,,,,,,
2022,2022_nov_p1_exam_maths,P1,4.0,4.2.1,1.0,Write down the y-coordinate of C.,ok,FUNC,,lexicon,medium,,path_a,False,,exam,,,,,,,,,,,,,
2022,2022_nov_p1_exam_maths,P1,4.0,4.2.2,2.0,Determine the coordinates of D.,ok,FUNC,,lexicon,medium,,path_a,False,,exam,,,,,,,,,,,,,
2022,2022_nov_p1_exam_maths,P1,4.0,4.2.3,3.0,Determine the values of a and gq.,ok,,,unmapped,,,path_a,False,,exam,,,,,,,,,,,,,
2022,2022_nov_p1_exam_maths,P1,4.0,4.2.4,1.0,Write down the range of g.,ok,FUNC,,signature,high,nsc_range,path_a,False,,exam,,,,,,,,,,,,,
2022,2022_nov_p1_exam_maths,P1,4.0,4.2.5,,"Determine the values of & for which the value of f{x)—k will always be

positive. (2)
[20]

Copyright reserved Please turn over

===== Page 6 =====
Mathematics/P | 6 DBE/November 2022
NSC",missing_marks,,,unmapped,,,path_a,False,,exam,,,,,,,,,,,,,
2022,2022_nov_p2_exam_maths,P2,4.0,4.1,2.0,Calculate the coordinates of P.,ok,,,unmapped,,,path_a,False,,exam,,,,,,,,,,,,,
2022,2022_nov_p2_exam_maths,P2,4.0,4.2,,Determine the equation of:,missing_marks,,,unmapped,,,path_a,False,,exam,,,,,,,,,,,,,
2022,2022_nov_p2_exam_maths,P2,4.0,4.2.1,3.0,The circle inthe form (x—a)’ +(y-b) =r’,ok,AGEO,,signature,high,circle_equation,path_a,False,,exam,,,,,,,,,,,,,
2022,2022_nov_p2_exam_maths,P2,4.0,4.2.2,4.0,"KL inthe form y=mx+c (5)
43 For which values of k will y= ~5% +k beasecant to the circle?",ok,AGEO,,signature,high,circle_equation,path_a,False,,exam,,,,,,,,,,,,,
2022,2022_nov_p2_exam_maths,P2,4.0,4.4,,"Points A(t; 4) and B are not shown on the diagram.

From point A, another tangent is drawn to touch the circle with centre M at B.",missing_marks,CALC,,signature,high,tangent_gradient,path_a,False,,exam,,,,,,,,,,,,,
2022,2022_nov_p2_exam_maths,P2,4.0,4.4.1,2.0,Show that the length of tangent AB is given by V207+4¢+9.,ok,CALC,,signature,high,tangent_gradient,path_a,False,,exam,,,,,,,,,,,,,
2022,2022_nov_p2_exam_maths,P2,4.0,4.4.2,,"Determine the minimum length of AB. (4)

[20]

Copyright reserved Please turn over

===== Page 7 =====
Mathematics/P2 7 DBE/November 2022
NSC",missing_marks,EUCL,,lexicon,medium,,path_a,False,,exam,,,,,,,,,,,,,
2022,2022_nov_p1_exam_maths,P1,5.0,5.1,1.0,Write down the y-coordinate of B.,ok,FUNC,,lexicon,medium,,path_a,False,,exam,,,,,,,,,,,,,
2022,2022_nov_p1_exam_maths,P1,5.0,5.2,2.0,Determine the equation of g™ inthe form g@'(x)=mx+n.,ok,,,unmapped,,,path_a,False,,exam,,,,,,,,,,,,,
2022,2022_nov_p1_exam_maths,P1,5.0,5.3,3.0,Determine the coordinates of A.,ok,FUNC,,lexicon,medium,,path_a,False,,exam,,,,,,,,,,,,,
2022,2022_nov_p1_exam_maths,P1,5.0,5.4,2.0,Calculate the length of AB.,ok,FUNC,,signature,medium,nsc_length,path_a,False,,exam,,,,,,,,,,,,,
2022,2022_nov_p1_exam_maths,P1,5.0,5.5,,"Calculate the area of AABC. (5)
{13}

Copyright reserved Please turn over

===== Page 7 =====
Mathematics/P | 7 DBE/November 2022
NSC",missing_marks,,,unmapped,,,path_a,False,,exam,,,,,,,,,,,,,
2022,2022_nov_p2_exam_maths,P2,5.0,5.1,,"Given that /13sinx+3=0, where xe (90° ; 270°).

Without using a calculator, determine the value of:",missing_marks,TRIG,,lexicon,medium,,path_a,False,,exam,,,,,,,,,,,,,
2022,2022_nov_p2_exam_maths,P2,5.0,5.1.1,2.0,sin(360° + x),ok,TRIG,,lexicon,medium,,path_a,False,,exam,,,,,,,,,,,,,
2022,2022_nov_p2_exam_maths,P2,5.0,5.1.2,2.0,"tanx (3)

5.1.3. cos(180°+ x)",ok,TRIG,,lexicon,medium,,path_a,False,,exam,,,,,,,,,,,,,
2022,2022_nov_p2_exam_maths,P2,5.0,5.2,,"Determine the value of the following expression, without using a calculator:

cos(90° + @)

sin(9 - 180°) +3 sin(-0) ©)",missing_marks,TRIG,,lexicon,medium,,path_a,False,,exam,,,,,,,,,,,,,
2022,2022_nov_p2_exam_maths,P2,5.0,5.3,6.0,"Determine the general solution of the following equation:

{cosx +2sin x)(3sin 2x -1)=0",ok,TRIG,,signature,high,general_solution,path_a,False,,exam,,,,,,,,,,,,,
2022,2022_nov_p2_exam_maths,P2,5.0,5.4,4.0,"Given the identity: cos(x + y).cos(x— y) =1-sin? x—sin’ y

5.4.1. Prove the identity.",ok,TRIG,,signature,high,identity_proof,path_a,False,,exam,,,,,,,,,,,,,
2022,2022_nov_p2_exam_maths,P2,5.0,5.4.2,3.0,"Hence, determine the value of 1-—sin* 45°-sin?15°, without using a

calculator.",ok,TRIG,,lexicon,medium,,path_a,False,,exam,,,,,,,,,,,,,
2022,2022_nov_p2_exam_maths,P2,5.0,5.5,,Consider the trigonometric expression: 16sinx.cos’ x —8sinx.cosx,missing_marks,TRIG,,lexicon,medium,,path_a,False,,exam,,,,,,,,,,,,,
2022,2022_nov_p2_exam_maths,P2,5.0,5.5.1,4.0,Rewrite the expression as a single trigonometric ratio.,ok,TRIG,,lexicon,medium,,path_a,False,,exam,,,,,,,,,,,,,
2022,2022_nov_p2_exam_maths,P2,5.0,5.5.2,,"For which value of x in the interval x €[0°; 90°] will

16sin x.cos’ x —8sinx.cosx have its minimum value? (1)
[30]

Copyright reserved Please turn over

===== Page 8 =====
Mathematics/P2 8 DBE/November 2022
NSC",missing_marks,TRIG,,lexicon,medium,,path_a,False,,exam,,,,,,,,,,,,,
2022,2022_nov_p1_exam_maths,P1,6.0,6.1,4.0,"R12 000 was invested in a fund that paid interest at m% p.a., compounded quarterly.

After 24 months, the value of the investment was R13 459.

Determine the value of m.",ok,FIN,,signature,high,nsc_compound,path_a,False,,exam,,,,,,,,,,,,,
2022,2022_nov_p1_exam_maths,P1,6.0,6.2,4.0,"On 31 January 2022, Tino deposited R1 000 in an account that paid interest at 7,5%

p.a., compounded monthly. He continued depositing R1 000 on the last day of every

month. He will make the last deposit on 31 December 2022.

Will Tino have sufficient funds in the account on 1 January 2023 to buy a computer

that costs R13 000? Justify your answer by means of an appropriate calculation.",ok,FIN,,signature,high,nsc_compound,path_a,False,,exam,,,,,,,,,,,,,
2022,2022_nov_p1_exam_maths,P1,6.0,6.3,,"Thabo plans to buy a car that costs R250 000. He will pay a deposit of 15% and take

out a loan for the balance. The interest on the loan is 13% p.a., compounded monthly.",missing_marks,FIN,,signature,high,nsc_loan,path_a,False,,exam,,,,,,,,,,,,,
2022,2022_nov_p1_exam_maths,P1,6.0,6.3.1,1.0,Calculate the value of the loan.,ok,FIN,,signature,high,nsc_loan,path_a,False,,exam,,,,,,,,,,,,,
2022,2022_nov_p1_exam_maths,P1,6.0,6.3.2,14.0,"The first repayment will be made 6 months after the loan has been

granted. The loan will be repaid over a period of 6 years after it has been
granted. Calculate the MONTHLY instalment. (5)",ok,FIN,,signature,high,nsc_loan,path_a,False,,exam,,,,,,,,,,,,,
2022,2022_nov_p2_exam_maths,P2,6.0,6.1,1.0,Write down the period of g.,ok,,,unmapped,,,path_a,False,,exam,,,,,,,,,,,,,
2022,2022_nov_p2_exam_maths,P2,6.0,6.2,,Calculate the:,missing_marks,,,unmapped,,,path_a,False,,exam,,,,,,,,,,,,,
2022,2022_nov_p2_exam_maths,P2,6.0,6.2.1,1.0,Value of k,ok,,,unmapped,,,path_a,False,,exam,,,,,,,,,,,,,
2022,2022_nov_p2_exam_maths,P2,6.0,6.2.2,1.0,Coordinates of B,ok,,,unmapped,,,path_a,False,,exam,,,,,,,,,,,,,
2022,2022_nov_p2_exam_maths,P2,6.0,6.3,2.0,Write down the range of 2g(x).,ok,FUNC,,signature,high,nsc_range,path_a,False,,exam,,,,,,,,,,,,,
2022,2022_nov_p2_exam_maths,P2,6.0,6.4,2.0,"For which values of x will g(x+5°)-— f(x+5°)<0 in the interval

x €[-90° ; 0°]?",ok,FUNC,,signature,medium,nsc_interpret,path_a,False,,exam,,,,,,,,,,,,,
2022,2022_nov_p2_exam_maths,P2,6.0,6.5,,"Determine the values of p for which sinx.cosx=p will have exactly two real roots

in the interval x €[—180° ; 180°]. (3)

[10]

Copyright reserved Please turn over

===== Page 9 =====
Mathematics/P2 9 DBE/November 2022
NSC",missing_marks,TRIG,,lexicon,medium,,path_a,False,,exam,,,,,,,,,,,,,
2022,2022_nov_p1_exam_maths,P1,7.0,7.1,5.0,Determine f ‘(x) from first principles if f(x) =x? +x.,ok,CALC,,signature,high,nsc_first_principles,path_a,False,,exam,,,,,,,,,,,,,
2022,2022_nov_p1_exam_maths,P1,7.0,7.2,,"Determine f ‘(x) if f(x) =2x° —3x4+8x. (3)
73 The tangent to g(x)=ax°+3x*+hx+e has a minimum gradient at the

point (— 1 ;-—7). For which values of x will g be concave up? (4)

[12]

Copyright reserved Please turn over

===== Page 8 =====
Mathematics/P 1 8 DBE/November 2022
NSC",missing_marks,CALC,,signature,high,tangent_gradient,path_a,False,,exam,,,,,,,,,,,,,
2022,2022_nov_p2_exam_maths,P2,7.0,7.1,2.0,Determine the length of AD in terms of p.,ok,,,unmapped,,,path_a,False,,exam,,,,,,,,,,,,,
2022,2022_nov_p2_exam_maths,P2,7.0,7.2,,"Show that the length of CD = 2? (Sit +082) (5)
V2 sin x",missing_marks,TRIG,,lexicon,medium,,path_a,False,,exam,,,,,,,,,,,,,
2022,2022_nov_p2_exam_maths,P2,7.0,7.3,,"If it is further given that p= 10 and x = 110°, calculate the area of AADC. (3)
[10]
Copyright reserved Please turn over

===== Page 10 =====
Mathematics/P2 10 ' DBE/November 2022
NSC",missing_marks,TRIG,,lexicon,medium,,path_a,False,,exam,,,,,,,,,,,,,
2022,2022_nov_p1_exam_maths,P1,8.0,8.1,6.0,"Determine the values of m, n and k.",ok,,,unmapped,,,path_a,False,,exam,,,,,,,,,,,,,
2022,2022_nov_p1_exam_maths,P1,8.0,8.2,,If it is further given that f(x)=—x* +x?+x+4+2:,missing_marks,,,unmapped,,,path_a,False,,exam,,,,,,,,,,,,,
2022,2022_nov_p1_exam_maths,P1,8.0,8.2.1,3.0,Determine the coordinates of the turning points of f,ok,CALC,,struct,medium,STRUCT_CALC,path_a,False,,exam,,,,,,,,,,,,,
2022,2022_nov_p1_exam_maths,P1,8.0,8.2.2,5.0,"Draw the graph of f Indicate on your graph the coordinates of the turning

points and the intercepts with the axes.",ok,,,unmapped,,,path_a,False,,exam,,,,,,,,,,,,,
2022,2022_nov_p1_exam_maths,P1,8.0,8.3,,"Points E and W are two variable points on f’ and are on the same horizontal line.

e h isatangentto /' at E.

e g isatangentto f‘ at W.

e h and g intersect at D(a; d).",missing_marks,CALC,,signature,high,tangent_gradient,path_a,False,,exam,,,,,,,,,,,,,
2022,2022_nov_p1_exam_maths,P1,8.0,8.3.1,1.0,Write down the value of a.,ok,,,unmapped,,,path_a,False,,exam,,,,,,,,,,,,,
2022,2022_nov_p1_exam_maths,P1,8.0,8.3.2,,"Determine the value(s) of 5 for which h and g will no longer be

tangents to f’. (2)
[17]

Copyright reserved Please turn over

===== Page 9 =====
Mathematics/P 1 9 DBE/November 2022
NSC",missing_marks,CALC,,signature,high,tangent_gradient,path_a,False,,exam,,,,,,,,,,,,,
2022,2022_nov_p2_exam_maths,P2,8.0,8.1,,"In the diagram, O is the centre of the circle. MNPR is acyclic quadrilateral and SN
is a diameter of the circle. Chord MS and radius OR are drawn. M, =64.
I
64° \
O
R Ss.
P
Determine, giving reasons, the size of the following angles:",missing_marks,EUCL,,signature,high,cyclic_quad,path_a,False,,exam,,,,,,,,,,,,,
2022,2022_nov_p2_exam_maths,P2,8.0,8.1.1,2.0,P,ok,,,unmapped,,,path_a,False,,exam,,,,,,,,,,,,,
2022,2022_nov_p2_exam_maths,P2,8.0,8.1.2,2.0,"M,",ok,,,unmapped,,,path_a,False,,exam,,,,,,,,,,,,,
2022,2022_nov_p2_exam_maths,P2,8.0,8.1.3,,"0, (2)
Copyright reserved Please turn over

===== Page 11 =====
Mathematics/P2 11 DBE/November 2022
NSC",missing_marks,,,unmapped,,,path_a,False,,exam,,,,,,,,,,,,,
2022,2022_nov_p2_exam_maths,P2,8.0,8.2,,"In the diagram, AABG is drawn. D and E are midpoints of AB and AG
respectively. AG and BG are produced to C and H respectively. F is a point on
BC such that FG || CH.
A
E
D
H
G
B
F C",missing_marks,AGEO,,signature,high,midpoint,path_a,False,,exam,,,,,,,,,,,,,
2022,2022_nov_p2_exam_maths,P2,8.0,8.2.1,,"Give areason why DE || BH. (1)
oe . FC 1",missing_marks,EUCL,,lexicon,medium,,path_a,False,,exam,,,,,,,,,,,,,
2022,2022_nov_p2_exam_maths,P2,8.0,8.2.2,,"If it is further given that Br = ri , DE=3x-—1 and GH=x+1, calculate,
giving reasons, the value of x. (6)
[13]
Copyright reserved Please turn over

===== Page 12 =====
Mathematics/P2 12 : DBE/November 2022
NSC",missing_marks,EUCL,,lexicon,medium,,path_a,False,,exam,,,,,,,,,,,,,
2022,2022_nov_p1_exam_maths,P1,9.0,9,,"QUESTION 9
Given f(x)=x’.
Determine the minimum distance between the point (10; 2) anda point on f. [8]",no_sub_markers,SEQ,,signature,high,nsc_term_to_term,path_a,False,,exam,,,,,,,,,,,,,
2022,2022_nov_p2_exam_maths,P2,9.0,9.1,,"In the diagram, O is the centre ofa circle. OD bisects chord AB.
“
Na, °

Prove the theorem that states that the line from the centre of a circle that bisects a

chord is perpendicular to the chord, i.e. OD L AB. (5)
92 In the diagram, E, B, F, S and P are points on the circle centred at O. GB isa

tangent to the circle at B. FE is produced to meet the tangent at G. OT is drawn

such that T is the midpoint of EF. GO and BO are drawn. BS is drawn through

T. PS || GF.

B
| F
P
""5

Prove, giving reasons, that:",missing_marks,CALC,,signature,high,tangent_gradient,path_a,False,,exam,,,,,,,,,,,,,
2022,2022_nov_p2_exam_maths,P2,9.0,9.2.1,5.0,OTBG isa cyclic quadrilateral,ok,EUCL,,signature,high,cyclic_quad,path_a,False,,exam,,,,,,,,,,,,,
2022,2022_nov_p2_exam_maths,P2,9.0,9.2.2,,"GOB=§ (4)

[14]

Copyright reserved Please turn over

===== Page 13 =====
Mathematics/P2 13 DBE/November 2022
NSC ,",missing_marks,,,unmapped,,,path_a,False,,exam,,,,,,,,,,,,,
2022,2022_nov_p1_exam_maths,P1,10.0,10.1,,"A, B and C are three events. The probabilities of these events (or any combination
of them) occurring is given in the Venn-diagram below
y co B",missing_marks,PROB,,signature,high,venn,path_a,False,,exam,,,,,,,,,,,,,
2022,2022_nov_p1_exam_maths,P1,10.0,10.1.1,1.0,"If it is given that the probability that at least one of the events will occur is
0,893, calculate the value of:
(a) y, the probability that none of the events will occur. (1)
(b) x, the probability that all three events will occur.",ok,PROB,,signature,medium,nsc_probability,path_a,False,,exam,,,,,,,,,,,,,
2022,2022_nov_p1_exam_maths,P1,10.0,10.1.2,2.0,Determine the probability that at least two of the events will take place.,ok,PROB,,signature,medium,nsc_probability,path_a,False,,exam,,,,,,,,,,,,,
2022,2022_nov_p1_exam_maths,P1,10.0,10.1.3,5.0,Are events B and C independent? Justify your answer.,ok,PROB,,signature,high,nsc_independent,path_a,False,,exam,,,,,,,,,,,,,
2022,2022_nov_p1_exam_maths,P1,10.0,10.2,,"A four-digit code is required to open a combination lock. The code must be
even-numbered and may not contain the digits 0 or 1. Digits may not be repeated.",missing_marks,PROB,,signature,high,nsc_no_repeat,path_a,False,,exam,,,,,,,,,,,,,
2022,2022_nov_p1_exam_maths,P1,10.0,10.2.1,3.0,How many possible 4-digit combinations are there to open the lock?,ok,PROB,,signature,high,nsc_combinations,path_a,False,,exam,,,,,,,,,,,,,
2022,2022_nov_p1_exam_maths,P1,10.0,10.2.2,,"Calculate the probability that you will open the lock at the first attempt if
it is given that the code is greater than 5 000 and the third digit is 2. (5)
[17]
TOTAL: 150
Copyright reserved

===== Page 10 =====
Mathematics/P 1 DBE/November 2022
NSC
INFORMATION SHEET
y= bE Vb? dae
2a
A= P(i+ni) A= P(1~ni) A= P(i-i)"" A=P(1+i)""
T, =a+(n-ld S, = 5 2a +(n-1d]
T, =ar""' s a"" -1) sr #l S,=— 3-1<r<!
” r-l l-r
ped"" = pala G+""
I i
h>0 h
—S__== xX, +x +
d=\(%,-%)' +0, -»,) Mj
2 2
y=mxtce y-y, =m(x-x,) m=22— 71 m=tand
XX
(r-aF +b ar
In ABC: 2 = 8 = 8
snA sinB sinc
a’ =b? +c? —2be.cos A
area AABC = 5 ab.sin C
sin(a+ f) =sina.cos f+cosa.sinZ sin(a—£) =sina.cos f—cosa.sinf
cos(a+ f) =cosa.cos f—sina.sing cos (a—£) =cosa@.cos #+sina.sinf
cos’ @—sin’ a
cos2a@ =41-2sin’ a sin 2a = 2sina.cosa
2cos’ a-1 ;
. =\2
X,—-X
__ Ds 7 2, a)
= oo = SO
fl nl
n(A)
P(A) = lS) P(A or B) = P(A) + P(B) — P(A and B)
n
x~xKy-y
po=at+bx p= Le 0-¥) ky=9)
> @-x)
Copyright reserved",missing_marks,PROB,,signature,medium,nsc_probability,path_a,False,,exam,,,,,,,,,,,,,
2022,2022_nov_p2_exam_maths,P2,10.0,10.1,,"S=-L (4)
AD AS",missing_marks,,,unmapped,,,path_a,False,,exam,,,,,,,,,,,,,
2022,2022_nov_p2_exam_maths,P2,10.0,10.2,5.0,AR AC,ok,,,unmapped,,,path_a,False,,exam,,,,,,,,,,,,,
2022,2022_nov_p2_exam_maths,P2,10.0,10.3,,"AC x SD = AR x TC (4)
[13]
TOTAL: 150
Copyright reserved

===== Page 14 =====
Mathematics/P2 : DBE/November 2022
, NSC
INFORMATION SHEET
xe —bt vb? —4ac
2a
A= P(l+ni) A= P(1-ni) A=P(1-i)"" A= P(1+i)""
T, =at+(n-Nd S, =F a+ @-)d]
T, =ar"""" S _a(r"" -1) srz#l S,=—53-1er<1
n r-l 1-r
pa 2it+"" -1] pall +i)"" |
i i
_ S(xt+h)— f(x)
t = |
Be) = h
X, +x +
d= (x,-%) +0.-y/ M Att Mi Ye
2 2
y=mxt+e y—y, =m(x—x,) m=22— 1 m=tand
Hy ~ Xi
(x-ay +(y-by =r?
In AABC; 2-= 9 ©
snA sinB sinC
a’ =b’? +c? —2be.cos A
area AABC = 5 ab.sin C
sin(a+ B) =sina.cos 8+cosa.sin£B sin(a— B) =sina.cos S—cosa.sinfB
cos (a+ £) =cosa.cos f—sina.sinfB cos (a- B) =cosa@.cos P+sina.sinf
cos’ a—sin’ a
cos2a =+1—2sin’ a sin2a = 2sina.cosa
2cos’ a-1
. =\2
X,—%X
>. 2, ;~ x)
x=- a ———————
n 7
n(A)
P(A)= lS) P(A or B) = P(A) + P(B) — P(A and B)
n
x-xKy-y
yp=atbhx p= A=W) Ke=9)
Si(x-X)
Copyright reserved",missing_marks,TRIG,,lexicon,medium,,path_a,False,,exam,,,,,,,,,,,,,
2023,2023_nov_p1_exam_maths,P1,1.0,1.1,3.0,"1.1 Solve for x:

11.1 x +x-12=0 (3)",ok,ALG,,signature,high,nsc_solve_x,mapped_v1,False,,,exam,data\processed\ocr\text\2023_nov_p1_exam_maths_ocr.txt,ocr_good,[3],36.0,1.0,2023_nov_p1_exam_maths__Q1__1.1,Algebra & Equations,Quadratic equations,rule,alg,medium,v1.2
2023,2023_nov_p1_exam_maths,P1,1.0,1.1.2,4.0,1.1.2 3x*-2x=6 (answers correct to TWO decimal places) (4),ok,ALG,,struct,high,STRUCT_ALG,mapped_v1,False,,,exam,data\processed\ocr\text\2023_nov_p1_exam_maths_ocr.txt,ocr_good,[4],58.0,2.0,2023_nov_p1_exam_maths__Q1__1.1.2,Algebra & Equations,Quadratic equations,context_inherit,inherit_prev_subq,medium,v1.2
2023,2023_nov_p1_exam_maths,P1,1.0,1.1.3,4.0,1.1.3 V2xt+1 =x-1 (4),ok,,,unmapped,,,mapped_v1,False,,,exam,data\processed\ocr\text\2023_nov_p1_exam_maths_ocr.txt,ocr_good,[4],21.0,3.0,2023_nov_p1_exam_maths__Q1__1.1.3,Algebra & Equations,Quadratic equations,context_inherit,inherit_prev_subq,medium,v1.2
2023,2023_nov_p1_exam_maths,P1,1.0,1.1.4,4.0,1.1.4 x? -3>2x (4),ok,ALG,,struct,high,STRUCT_ALG,mapped_v1,False,,,exam,data\processed\ocr\text\2023_nov_p1_exam_maths_ocr.txt,ocr_good,[4],18.0,4.0,2023_nov_p1_exam_maths__Q1__1.1.4,Algebra & Equations,Quadratic equations,context_inherit,inherit_prev_subq,medium,v1.2
2023,2023_nov_p1_exam_maths,P1,1.0,1.2,5.0,"1.2 Solve for x and y simultaneously:

x+2=2y and Iytly

x y (5)",ok,ALG,,signature,high,nsc_solve_x,mapped_v1,False,,,exam,data\processed\ocr\text\2023_nov_p1_exam_maths_ocr.txt,ocr_good,[5],64.0,5.0,2023_nov_p1_exam_maths__Q1__1.2,Algebra & Equations,Quadratic equations,rule,alg,medium,v1.2
2023,2023_nov_p1_exam_maths,P1,1.0,1.3,4.0,"1.3 Given: 2”*1 +2"" =3""'? 3” where m and n are integers.

Determine the value of m+ n. (4)

[24]

Copyright reserved Please turn over

Mathematics/P1 4 DBE/November 2023

NSC",ok,,,unmapped,,,mapped_v1,False,,,exam,data\processed\ocr\text\2023_nov_p1_exam_maths_ocr.txt,ocr_good,[4],174.0,6.0,2023_nov_p1_exam_maths__Q1__1.3,Algebra & Equations,Quadratic equations,context_inherit,inherit_prev_subq,medium,v1.2
2023,2023_nov_p2_exam_maths,P2,1.0,1.2,,1.2,ok,,,unmapped,,,mapped_v1,False,,,exam,data\processed\ocr\text\2023_nov_p2_exam_maths_ocr.txt,ocr_good,[],3.0,2.0,2023_nov_p2_exam_maths__Q1__1.2,Analytical Geometry,Distance / midpoint / gradient,context_inherit,inherit_prev_subq,medium,v1.2
2023,2023_nov_p2_exam_maths,P2,1.0,1.3,,1.3,ok,,,unmapped,,,mapped_v1,False,,,exam,data\processed\ocr\text\2023_nov_p2_exam_maths_ocr.txt,ocr_good,[],3.0,3.0,2023_nov_p2_exam_maths__Q1__1.3,Analytical Geometry,Distance / midpoint / gradient,context_inherit,inherit_prev_subq,medium,v1.2
2023,2023_nov_p2_exam_maths,P2,1.0,1.4,,1.4,ok,,,unmapped,,,mapped_v1,False,,,exam,data\processed\ocr\text\2023_nov_p2_exam_maths_ocr.txt,ocr_good,[],3.0,4.0,2023_nov_p2_exam_maths__Q1__1.4,Analytical Geometry,Distance / midpoint / gradient,context_inherit,inherit_prev_subq,medium,v1.2
2023,2023_nov_p2_exam_maths,P2,1.0,1.5,,"1.5

Determine the equation of the least squares regression line for the data.

If a truck driver travelled 550 km, predict the amount of time (in minutes) that he
should rest before continuing his journey.

Write down the correlation coefficient for the data.
Interpret your answer to QUESTION 1.3.

At each stop, the truck driver spent money buying food and other refreshments. The
amount spent (in rands) is given in the table below.

pe T= P= [= [= [° [Do",ok,STAT,,signature,high,regression,mapped_v1,False,,,exam,data\processed\ocr\text\2023_nov_p2_exam_maths_ocr.txt,ocr_good,[],459.0,5.0,2023_nov_p2_exam_maths__Q1__1.5,Statistics,Regression / correlation,rule,stats,high,v1.2
2023,2023_nov_p2_exam_maths,P2,1.0,1.5.1,,1.5.1 Calculate the mean amount of money he spent at each stop.,ok,STAT,,signature,medium,mean,mapped_v1,False,,,exam,data\processed\ocr\text\2023_nov_p2_exam_maths_ocr.txt,ocr_good,[],63.0,6.0,2023_nov_p2_exam_maths__Q1__1.5.1,Statistics,Regression / correlation,context_inherit,inherit_prev_subq,medium,v1.2
2023,2023_nov_p2_exam_maths,P2,1.0,1.5.2,,1.5.2 Calculate the standard deviation for the data.,ok,STAT,,signature,high,standard_dev,mapped_v1,False,,,exam,data\processed\ocr\text\2023_nov_p2_exam_maths_ocr.txt,ocr_good,[],52.0,7.0,2023_nov_p2_exam_maths__Q1__1.5.2,Statistics,Regression / correlation,rule,stats,high,v1.2
2023,2023_nov_p2_exam_maths,P2,1.0,1.5.3,12.0,"1.5.3 At how many stops did the driver spend an amount that was less than one

standard deviation below the mean?

Copyright reserved Please turn over

(3)

(2)
@)
q)

Q)
()

(2)
[12]

Mathematics/P2 4 DBE/November 2023

NSC",ok,STAT,,signature,high,standard_dev,mapped_v1,False,,,exam,data\processed\ocr\text\2023_nov_p2_exam_maths_ocr.txt,ocr_good,"[3, 2, 2, 12]",224.0,8.0,2023_nov_p2_exam_maths__Q1__1.5.3,Statistics,Regression / correlation,rule,stats,high,v1.2
2023,2023_nov_p1_exam_maths,P1,2.0,2.1.1,3.0,"2.1.1 Determine the value of Ty, (3)",ok,,,unmapped,,,mapped_v1,False,,,exam,data\processed\ocr\text\2023_nov_p1_exam_maths_ocr.txt,ocr_good,[3],36.0,2.0,2023_nov_p1_exam_maths__Q2__2.1.1,Algebra & Equations,Quadratic equations,context_inherit,inherit_prev_subq,medium,v1.2
2023,2023_nov_p1_exam_maths,P1,2.0,2.1.2,,"2.1.2 Calculate S,, 2)",ok,,,unmapped,,,mapped_v1,False,,,exam,data\processed\ocr\text\2023_nov_p1_exam_maths_ocr.txt,ocr_good,[],22.0,3.0,2023_nov_p1_exam_maths__Q2__2.1.2,Algebra & Equations,Quadratic equations,context_inherit,inherit_prev_subq,medium,v1.2
2023,2023_nov_p1_exam_maths,P1,2.0,2.1.3,3.0,"2.1.3 Calculate the value of n for which T, =517 (3)",ok,,,unmapped,,,mapped_v1,False,,,exam,data\processed\ocr\text\2023_nov_p1_exam_maths_ocr.txt,ocr_good,[3],52.0,4.0,2023_nov_p1_exam_maths__Q2__2.1.3,Algebra & Equations,Quadratic equations,context_inherit,inherit_prev_subq,medium,v1.2
2023,2023_nov_p1_exam_maths,P1,2.0,2.2,,"2.2 The following information is given about a quadratic number pattern:

T, =3, T,-T, =9 and T,-T, =21",ok,SEQ,,signature,high,nsc_quadratic_pattern,mapped_v1,False,,,exam,data\processed\ocr\text\2023_nov_p1_exam_maths_ocr.txt,ocr_good,[],103.0,5.0,2023_nov_p1_exam_maths__Q2__2.2,Algebra & Equations,Quadratic equations,context_inherit,inherit_prev_subq,medium,v1.2
2023,2023_nov_p1_exam_maths,P1,2.0,2.2.1,2.0,"2.2.1 Show that 7,=111 (2)",ok,,,unmapped,,,mapped_v1,False,,,exam,data\processed\ocr\text\2023_nov_p1_exam_maths_ocr.txt,ocr_good,[2],26.0,6.0,2023_nov_p1_exam_maths__Q2__2.2.1,Algebra & Equations,Quadratic equations,context_inherit,inherit_prev_subq,medium,v1.2
2023,2023_nov_p1_exam_maths,P1,2.0,2.2.2,,"2.2.2 Show that the general term of the quadratic pattern is T,, = 6n? —9n+6 ()",ok,SEQ,,signature,high,quadratic_pattern,mapped_v1,False,,,exam,data\processed\ocr\text\2023_nov_p1_exam_maths_ocr.txt,ocr_good,[],79.0,7.0,2023_nov_p1_exam_maths__Q2__2.2.2,Algebra & Equations,Quadratic equations,context_inherit,inherit_prev_subq,medium,v1.2
2023,2023_nov_p1_exam_maths,P1,2.0,2.2.3,16.0,"2.2.3 Show that the pattern is increasing for all ne N. (3)
[16]",ok,SEQ,,lexicon,medium,,mapped_v1,False,,,exam,data\processed\ocr\text\2023_nov_p1_exam_maths_ocr.txt,ocr_good,"[3, 16]",64.0,8.0,2023_nov_p1_exam_maths__Q2__2.2.3,Algebra & Equations,Quadratic equations,context_inherit,inherit_prev_subq,medium,v1.2
2023,2023_nov_p2_exam_maths,P2,2.0,2.2,,2.2,ok,,,unmapped,,,mapped_v1,False,,,exam,data\processed\ocr\text\2023_nov_p2_exam_maths_ocr.txt,ocr_good,[],3.0,2.0,2023_nov_p2_exam_maths__Q2__2.2,Statistics,Regression / correlation,context_inherit,inherit_prev_subq,medium,v1.2
2023,2023_nov_p2_exam_maths,P2,2.0,2.3,,2.3,ok,,,unmapped,,,mapped_v1,False,,,exam,data\processed\ocr\text\2023_nov_p2_exam_maths_ocr.txt,ocr_good,[],3.0,3.0,2023_nov_p2_exam_maths__Q2__2.3,Statistics,Regression / correlation,context_inherit,inherit_prev_subq,medium,v1.2
2023,2023_nov_p2_exam_maths,P2,2.0,2.4,3.0,"2.4

NUMBER OF GLASSES OF NUMBER OF STAFF
WATER DRANK PER DAY MEMBERS

Complete the cumulative frequency column provided in the table in the ANSWER
BOOK.

How many staff members were interviewed?
How many staff members drank fewer than 6 glasses of water during a school day?

The staff committee observed that k teachers were absent on the day of the
interviews. It was found that half of these k teachers drank from 0 to fewer than
2 (that is O<x<2) glasses of water per day, while the remainder of them drank
from 4 to fewer than 6 (that is 4<x<6) glasses of water per day. When these k
teachers are included in the data, the estimated mean is 4 glasses of water per staff
member per day.

How many teachers were absent on the day of the interviews?

Copyright reserved Please turn over

2)
a)
()

(4)
[3]

Mathematics/P2 5 DBE/November 2023
NSC",ok,STAT,,signature,medium,mean,mapped_v1,False,,,exam,data\processed\ocr\text\2023_nov_p2_exam_maths_ocr.txt,ocr_good,"[4, 3]",848.0,4.0,2023_nov_p2_exam_maths__Q2__2.4,Statistics,Regression / correlation,rule,stats,high,v1.2
2023,2023_nov_p1_exam_maths,P1,3.0,3.1.1,,"3.1.1 Write down the general term of this series. qd)
k",ok,SEQ,,lexicon,medium,,mapped_v1,False,,,exam,data\processed\ocr\text\2023_nov_p1_exam_maths_ocr.txt,ocr_good,[],55.0,2.0,2023_nov_p1_exam_maths__Q3__3.1.1,Algebra & Equations,Quadratic equations,context_inherit,inherit_prev_subq,medium,v1.2
2023,2023_nov_p1_exam_maths,P1,3.0,3.1.2,4.0,"3.1.2 Calculate the value of k such that: >50y = 98 301 (4)
p=l",ok,,,unmapped,,,mapped_v1,False,,,exam,data\processed\ocr\text\2023_nov_p1_exam_maths_ocr.txt,ocr_good,[4],63.0,3.0,2023_nov_p1_exam_maths__Q3__3.1.2,Algebra & Equations,Quadratic equations,context_inherit,inherit_prev_subq,medium,v1.2
2023,2023_nov_p1_exam_maths,P1,3.0,3.2,10.0,"3.2 A geometric sequence and an arithmetic sequence have the same first term.

e The common ratio of the geometric sequence is 3

The common difference of the arithmetic sequence is 3
The sum of 22 terms of the arithmetic sequence is 734 more than the sum to
infinity of the geometric sequence.

Calculate the value of the first term. (5)
[10]

Copyright reserved Please turn over

Mathematics/P 1 5 DBE/November 2023
NSC",ok,SEQ,,signature,high,nsc_geometric_seq,mapped_v1,False,,,exam,data\processed\ocr\text\2023_nov_p1_exam_maths_ocr.txt,ocr_good,"[5, 10]",421.0,4.0,2023_nov_p1_exam_maths__Q3__3.2,Number Patterns & Sequences,Arithmetic sequences,rule,seq,high,v1.2
2023,2023_nov_p2_exam_maths,P2,3.0,3.1,2.0,3.1 Calculate the length of SL. Leave your answer in surd form. (2),ok,FUNC,,signature,medium,nsc_length,mapped_v1,False,,,exam,data\processed\ocr\text\2023_nov_p2_exam_maths_ocr.txt,ocr_good,[2],67.0,1.0,2023_nov_p2_exam_maths__Q3__3.1,Algebra & Equations,Quadratic equations,rule,alg,medium,v1.2
2023,2023_nov_p2_exam_maths,P2,3.0,3.2,2.0,3.2 Calculate the gradient of SN. (2),ok,AGEO,,signature,high,gradient,mapped_v1,False,,,exam,data\processed\ocr\text\2023_nov_p2_exam_maths_ocr.txt,ocr_good,[2],37.0,2.0,2023_nov_p2_exam_maths__Q3__3.2,Analytical Geometry,Distance / midpoint / gradient,rule,anageo,high,v1.2
2023,2023_nov_p2_exam_maths,P2,3.0,3.3,2.0,"3.3 Calculate the size of @, the angle of inclination of SN. (2)",ok,AGEO,,signature,high,angle_inclination,mapped_v1,False,,,exam,data\processed\ocr\text\2023_nov_p2_exam_maths_ocr.txt,ocr_good,[2],64.0,3.0,2023_nov_p2_exam_maths__Q3__3.3,Analytical Geometry,Distance / midpoint / gradient,rule,anageo,high,v1.2
2023,2023_nov_p2_exam_maths,P2,3.0,3.4,3.0,3.4 Calculate the size of LNS. (3),ok,,,unmapped,,,mapped_v1,False,,,exam,data\processed\ocr\text\2023_nov_p2_exam_maths_ocr.txt,ocr_good,[3],34.0,4.0,2023_nov_p2_exam_maths__Q3__3.4,Analytical Geometry,Distance / midpoint / gradient,context_inherit,inherit_prev_subq,medium,v1.2
2023,2023_nov_p2_exam_maths,P2,3.0,3.5,,"3.5 Determine the equation of the line which passes through L and is parallel to SN.

Write your answer in the form y=mxte. GB)",ok,AGEO,,signature,medium,parallel_perp,mapped_v1,False,,,exam,data\processed\ocr\text\2023_nov_p2_exam_maths_ocr.txt,ocr_good,[],127.0,5.0,2023_nov_p2_exam_maths__Q3__3.5,Analytical Geometry,Distance / midpoint / gradient,rule,anageo,high,v1.2
2023,2023_nov_p2_exam_maths,P2,3.0,3.6,,3.6 Calculate the area of ALSN. G),ok,TRIG,,lexicon,medium,,mapped_v1,False,,,exam,data\processed\ocr\text\2023_nov_p2_exam_maths_ocr.txt,ocr_good,[],34.0,6.0,2023_nov_p2_exam_maths__Q3__3.6,Analytical Geometry,Distance / midpoint / gradient,context_inherit,inherit_prev_subq,medium,v1.2
2023,2023_nov_p2_exam_maths,P2,3.0,3.7,,"3.7 Calculate the coordinates of point P, which is equidistant from L, S and N. 6))",ok,,,unmapped,,,mapped_v1,False,,,exam,data\processed\ocr\text\2023_nov_p2_exam_maths_ocr.txt,ocr_good,[],83.0,7.0,2023_nov_p2_exam_maths__Q3__3.7,Analytical Geometry,Distance / midpoint / gradient,context_inherit,inherit_prev_subq,medium,v1.2
2023,2023_nov_p2_exam_maths,P2,3.0,3.8,20.0,"3.8 Calculate the size of LPS. (2)

[20]

Copyright reserved Please turn over

Mathematics/P2 6 DBE/November 2023
NSC",ok,,,unmapped,,,mapped_v1,False,,,exam,data\processed\ocr\text\2023_nov_p2_exam_maths_ocr.txt,ocr_good,"[2, 20]",117.0,8.0,2023_nov_p2_exam_maths__Q3__3.8,Analytical Geometry,Distance / midpoint / gradient,context_inherit,inherit_prev_subq,medium,v1.2
2023,2023_nov_p1_exam_maths,P1,4.0,4.1,1.0,4.1 Write down the equation of the asymptote of /. (1),ok,FUNC,,signature,high,asymptotes,mapped_v1,False,,,exam,data\processed\ocr\text\2023_nov_p1_exam_maths_ocr.txt,ocr_good,[1],54.0,1.0,2023_nov_p1_exam_maths__Q4__4.1,Functions & Graphs,Graph interpretation,rule,fn,high,v1.2
2023,2023_nov_p1_exam_maths,P1,4.0,4.2,2.0,4.2 Determine the coordinates of B. (2),ok,FUNC,,lexicon,medium,,mapped_v1,False,,,exam,data\processed\ocr\text\2023_nov_p1_exam_maths_ocr.txt,ocr_good,[2],39.0,2.0,2023_nov_p1_exam_maths__Q4__4.2,Functions & Graphs,Graph interpretation,context_inherit,inherit_prev_subq,medium,v1.2
2023,2023_nov_p1_exam_maths,P1,4.0,4.3,3.0,"4.3 Determine the equation of k, a straight line passing through A and B in the form

Kx) =... (3)
44 Calculate the vertical distance between & and f at x=1 (3)",ok,AGEO,,signature,high,distance,mapped_v1,False,,,exam,data\processed\ocr\text\2023_nov_p1_exam_maths_ocr.txt,ocr_good,"[3, 3]",160.0,3.0,2023_nov_p1_exam_maths__Q4__4.3,Functions & Graphs,Graph interpretation,context_inherit,inherit_prev_subq,medium,v1.2
2023,2023_nov_p1_exam_maths,P1,4.0,4.5,14.0,"4.5 Write down the equation of g if itis given that g(x)= f(x) +4 (1)
46 Write down the domain of g'. (2)
47 Write down the equation of g7' inthe form y=... (2)

[14]

Copyright reserved Please turn over

Mathematics/P1 6

NSC",ok,FUNC,,signature,high,nsc_domain,mapped_v1,False,,,exam,data\processed\ocr\text\2023_nov_p1_exam_maths_ocr.txt,ocr_good,"[1, 2, 2, 14]",226.0,4.0,2023_nov_p1_exam_maths__Q4__4.5,Functions & Graphs,Graph interpretation,rule,fn,high,v1.2
2023,2023_nov_p2_exam_maths,P2,4.0,4.2,4.0,"4.2 E(6 ; 2) is the midpoint of DF. Determine the coordinates of F. Q)
43 Determine the equation of the common tangent, DF, in the form y=mx+tc. (4)
44 Calculate the value of t. Show ALL working. @G)",ok,CALC,,signature,high,tangent_gradient,mapped_v1,False,,,exam,data\processed\ocr\text\2023_nov_p2_exam_maths_ocr.txt,ocr_good,[4],199.0,2.0,2023_nov_p2_exam_maths__Q4__4.2,Analytical Geometry,Distance / midpoint / gradient,rule,anageo,high,v1.2
2023,2023_nov_p2_exam_maths,P2,4.0,4.5,4.0,4.5 Determine the equation of the larger circle in the form ax’ +by’ +ext+dy+e=0. (4),ok,AGEO,,signature,high,circle_equation,mapped_v1,False,,,exam,data\processed\ocr\text\2023_nov_p2_exam_maths_ocr.txt,ocr_good,[4],85.0,3.0,2023_nov_p2_exam_maths__Q4__4.5,Analytical Geometry,Distance / midpoint / gradient,context_inherit,inherit_prev_subq,medium,v1.2
2023,2023_nov_p2_exam_maths,P2,4.0,4.6,,"4.6 The smaller circle must be translated by & units along the x-axis to touch the larger

circle internally. Calculate the possible values of k. an

Copyright reserved Please turn over

Mathematics/P2 7 DBE/November 2023
NSC",ok,FUNC,,signature,high,nsc_translation,mapped_v1,False,,,exam,data\processed\ocr\text\2023_nov_p2_exam_maths_ocr.txt,ocr_good,[],225.0,4.0,2023_nov_p2_exam_maths__Q4__4.6,Functions & Graphs,Graph interpretation,rule,fn,high,v1.2
2023,2023_nov_p1_exam_maths,P1,5.0,5.3,,5.3,ok,,,unmapped,,,mapped_v1,False,,,exam,data\processed\ocr\text\2023_nov_p1_exam_maths_ocr.txt,ocr_good,[],3.0,2.0,2023_nov_p1_exam_maths__Q5__5.3,Functions & Graphs,Graph interpretation,context_inherit,inherit_prev_subq,medium,v1.2
2023,2023_nov_p1_exam_maths,P1,5.0,5.4,,5.4,ok,,,unmapped,,,mapped_v1,False,,,exam,data\processed\ocr\text\2023_nov_p1_exam_maths_ocr.txt,ocr_good,[],3.0,3.0,2023_nov_p1_exam_maths__Q5__5.4,Functions & Graphs,Graph interpretation,context_inherit,inherit_prev_subq,medium,v1.2
2023,2023_nov_p1_exam_maths,P1,5.0,5.5,,5.5,ok,,,unmapped,,,mapped_v1,False,,,exam,data\processed\ocr\text\2023_nov_p1_exam_maths_ocr.txt,ocr_good,[],3.0,4.0,2023_nov_p1_exam_maths__Q5__5.5,Functions & Graphs,Graph interpretation,context_inherit,inherit_prev_subq,medium,v1.2
2023,2023_nov_p1_exam_maths,P1,5.0,5.6,,5.6,ok,,,unmapped,,,mapped_v1,False,,,exam,data\processed\ocr\text\2023_nov_p1_exam_maths_ocr.txt,ocr_good,[],3.0,5.0,2023_nov_p1_exam_maths__Q5__5.6,Functions & Graphs,Graph interpretation,context_inherit,inherit_prev_subq,medium,v1.2
2023,2023_nov_p1_exam_maths,P1,5.0,5.7,18.0,"5.7

Write down the coordinates of the turning point of (2)
Calculate the coordinates of C. (2)
Calculate the value of . (ql)
Write down the range of g. (1)
For which values of x will f(x).g(x) <0? (3)
Calculate the values of k so that h(x) =—2x +k will not intersect the graph of g. (5)
h isa tangent to g at R, a point in the first quadrant. Calculate ¢ such that

y=f(x)+t intersects g at R. (4)

[18]

Copyright reserved

Please turn over

Mathematics/P1 7 DBE/November 2023
NSC",ok,CALC,,signature,high,tangent_gradient,mapped_v1,False,,,exam,data\processed\ocr\text\2023_nov_p1_exam_maths_ocr.txt,ocr_good,"[2, 2, 1, 3, 5, 4, 18]",482.0,6.0,2023_nov_p1_exam_maths__Q5__5.7,Calculus,Cubic graphs,rule,calc_more,high,v1.2
2023,2023_nov_p2_exam_maths,P2,5.0,5.1.1,,5.1.1 cos B G3),ok,TRIG,,lexicon,medium,,mapped_v1,False,,,exam,data\processed\ocr\text\2023_nov_p2_exam_maths_ocr.txt,ocr_good,[],15.0,2.0,2023_nov_p2_exam_maths__Q5__5.1.1,Trigonometry,Equations,rule,trig,high,v1.2
2023,2023_nov_p2_exam_maths,P2,5.0,5.1.2,,5.1.2 sin 2p QB),ok,TRIG,,lexicon,medium,,mapped_v1,False,,,exam,data\processed\ocr\text\2023_nov_p2_exam_maths_ocr.txt,ocr_good,[],16.0,3.0,2023_nov_p2_exam_maths__Q5__5.1.2,Trigonometry,Equations,rule,trig,high,v1.2
2023,2023_nov_p2_exam_maths,P2,5.0,5.13,,"5.13 cos(450°— #) 3)
. cos’ x +sin? x.cos” x",ok,TRIG,,lexicon,medium,,mapped_v1,False,,,exam,data\processed\ocr\text\2023_nov_p2_exam_maths_ocr.txt,ocr_good,[],44.0,4.0,2023_nov_p2_exam_maths__Q5__5.13,Trigonometry,Equations,rule,trig,high,v1.2
2023,2023_nov_p2_exam_maths,P2,5.0,5.2,,"5.2 Given; —————_
1+sinx
cos’ x+sin’ x.cos” x .",ok,TRIG,,lexicon,medium,,mapped_v1,False,,,exam,data\processed\ocr\text\2023_nov_p2_exam_maths_ocr.txt,ocr_good,[],47.0,5.0,2023_nov_p2_exam_maths__Q5__5.2,Trigonometry,Equations,rule,trig,high,v1.2
2023,2023_nov_p2_exam_maths,P2,5.0,5.2.1,4.0,"5.2.1 Prove that —————-—_ = 1-sinx 4
1+sinx (4)",ok,EUCL,,struct,medium,STRUCT_EUCL,mapped_v1,False,,,exam,data\processed\ocr\text\2023_nov_p2_exam_maths_ocr.txt,ocr_good,[4],47.0,6.0,2023_nov_p2_exam_maths__Q5__5.2.1,Trigonometry,Equations,context_inherit,inherit_prev_subq,medium,v1.2
2023,2023_nov_p2_exam_maths,P2,5.0,5.2.2,2.0,"5.2.2 For what value(s) of x in the interval x €[0° ; 360°] is
cos’ x+sin? x.cos” x
l+sinx undefined? (2)",ok,TRIG,,lexicon,medium,,mapped_v1,False,,,exam,data\processed\ocr\text\2023_nov_p2_exam_maths_ocr.txt,ocr_good,[2],105.0,7.0,2023_nov_p2_exam_maths__Q5__5.2.2,Trigonometry,Equations,rule,trig,high,v1.2
2023,2023_nov_p2_exam_maths,P2,5.0,5.2.3,2.0,"5.2.3 Write down the minimum value of the function defined by
_ cos’ x+sin” x.cos” x
l+sinx (2)",ok,TRIG,,lexicon,medium,,mapped_v1,False,,,exam,data\processed\ocr\text\2023_nov_p2_exam_maths_ocr.txt,ocr_good,[2],95.0,8.0,2023_nov_p2_exam_maths__Q5__5.2.3,Trigonometry,Equations,rule,trig,high,v1.2
2023,2023_nov_p2_exam_maths,P2,5.0,5.3,,5.3 Given: cos(A —B) = cosAcosB + sinAsinB,ok,TRIG,,lexicon,medium,,mapped_v1,False,,,exam,data\processed\ocr\text\2023_nov_p2_exam_maths_ocr.txt,ocr_good,[],42.0,9.0,2023_nov_p2_exam_maths__Q5__5.3,Trigonometry,Equations,rule,trig,high,v1.2
2023,2023_nov_p2_exam_maths,P2,5.0,5.3.1,3.0,5.3.1 Use the above identity to deduce that sin(A — B) = sinAcosB — cosAsinB (3),ok,TRIG,,signature,high,identity_proof,mapped_v1,False,,,exam,data\processed\ocr\text\2023_nov_p2_exam_maths_ocr.txt,ocr_good,[3],80.0,10.0,2023_nov_p2_exam_maths__Q5__5.3.1,Trigonometry,Equations,rule,trig,high,v1.2
2023,2023_nov_p2_exam_maths,P2,5.0,5.3.2,5.0,"5.3.2 Hence, or otherwise, determine the general solution of the equation
sin 48° cos x — cos 48° sin x = cos 2x (5)
sin3x+sin",ok,TRIG,,signature,high,general_solution,mapped_v1,False,,,exam,data\processed\ocr\text\2023_nov_p2_exam_maths_ocr.txt,ocr_good,[5],126.0,11.0,2023_nov_p2_exam_maths__Q5__5.3.2,Trigonometry,Equations,rule,trig,high,v1.2
2023,2023_nov_p2_exam_maths,P2,5.0,5.4,6.0,"5.4 Simplify — to a single trigonometric ratio.
cos2x+1 (6)

[31]

Copyright reserved Please turn over

Mathematics/P2 , 8 DBE/November 2023
NSC",ok,TRIG,,lexicon,medium,,mapped_v1,False,,,exam,data\processed\ocr\text\2023_nov_p2_exam_maths_ocr.txt,ocr_good,[6],144.0,12.0,2023_nov_p2_exam_maths__Q5__5.4,Trigonometry,Equations,rule,trig,high,v1.2
2023,2023_nov_p1_exam_maths,P1,6.0,6.1.1,3.0,6.1.1 Calculate the value of r. (3),ok,,,unmapped,,,mapped_v1,False,,,exam,data\processed\ocr\text\2023_nov_p1_exam_maths_ocr.txt,ocr_good,[3],35.0,2.0,2023_nov_p1_exam_maths__Q6__6.1.1,Calculus,Cubic graphs,context_inherit,inherit_prev_subq,medium,v1.2
2023,2023_nov_p1_exam_maths,P1,6.0,6.1.2,2.0,6.1.2 Calculate the effective interest rate. (2),ok,FIN,,signature,medium,nsc_interest,mapped_v1,False,,,exam,data\processed\ocr\text\2023_nov_p1_exam_maths_ocr.txt,ocr_good,[2],48.0,3.0,2023_nov_p1_exam_maths__Q6__6.1.2,Calculus,Cubic graphs,context_inherit,inherit_prev_subq,medium,v1.2
2023,2023_nov_p1_exam_maths,P1,6.0,6.2,,"6.2 Kuda bought a laptop for R10 000 on 31 January 2019. He will replace it with a new
one in 5 years' time on 31 January 2024.",ok,FIN,,lexicon,medium,,mapped_v1,False,,,exam,data\processed\ocr\text\2023_nov_p1_exam_maths_ocr.txt,ocr_good,[],127.0,4.0,2023_nov_p1_exam_maths__Q6__6.2,Calculus,Cubic graphs,context_inherit,inherit_prev_subq,medium,v1.2
2023,2023_nov_p1_exam_maths,P1,6.0,6.2.1,2.0,"6.2.1 The value of the old laptop depreciates annually at a rate of 20% p.a.
according to the straight-line method. After how many years will the
laptop have a value of RO? (2)",ok,FIN,,signature,high,nsc_depreciat,mapped_v1,False,,,exam,data\processed\ocr\text\2023_nov_p1_exam_maths_ocr.txt,ocr_good,[2],176.0,5.0,2023_nov_p1_exam_maths__Q6__6.2.1,Calculus,Cubic graphs,context_inherit,inherit_prev_subq,medium,v1.2
2023,2023_nov_p1_exam_maths,P1,6.0,6.2.2,4.0,"6.2.2 Kuda will buy a laptop that costs R20 000. In order to cover the cost
price, he made his first monthly deposit into a savings account on
28 February 2019. He will make his 60% monthly deposit on
31 January 2024. The savings account pays interest at 8,7% p.a.,
compounded monthly. Calculate Kuda's monthly deposit into this
account. (4)",ok,FIN,,signature,high,nsc_compound,mapped_v1,False,,,exam,data\processed\ocr\text\2023_nov_p1_exam_maths_ocr.txt,ocr_good,[4],341.0,6.0,2023_nov_p1_exam_maths__Q6__6.2.2,Calculus,Cubic graphs,context_inherit,inherit_prev_subq,medium,v1.2
2023,2023_nov_p1_exam_maths,P1,6.0,6.3,16.0,"6.3 Tino wins a jackpot of R1 600 000. He invests all of his winnings in a fund that earns
interest of 11,2% p.a., compounded monthly. He withdraws R20 000 from the fund at
the end of each month. His first withdrawal is exactly 1 month after his initial
investment. How many withdrawals of R20 000 will Tino be able to make from this

fund? (6)
[16]",ok,FIN,,signature,high,nsc_compound,mapped_v1,False,,,exam,data\processed\ocr\text\2023_nov_p1_exam_maths_ocr.txt,ocr_good,"[6, 16]",349.0,7.0,2023_nov_p1_exam_maths__Q6__6.3,Calculus,Cubic graphs,context_inherit,inherit_prev_subq,medium,v1.2
2023,2023_nov_p2_exam_maths,P2,6.0,6.2,2.0,6.2 Determine the range of g in the interval x € [0° ; 180°]. (2),ok,,,unmapped,,,mapped_v1,False,,,exam,data\processed\ocr\text\2023_nov_p2_exam_maths_ocr.txt,ocr_good,[2],65.0,2.0,2023_nov_p2_exam_maths__Q6__6.2,Functions & Graphs,Graph interpretation,rule,fn,high,v1.2
2023,2023_nov_p2_exam_maths,P2,6.0,6.3,,"6.3 Determine the values of x, in the interval x € [0° ; 180°], for which:",ok,,,unmapped,,,mapped_v1,False,,,exam,data\processed\ocr\text\2023_nov_p2_exam_maths_ocr.txt,ocr_good,[],74.0,3.0,2023_nov_p2_exam_maths__Q6__6.3,Functions & Graphs,Graph interpretation,context_inherit,inherit_prev_subq,medium,v1.2
2023,2023_nov_p2_exam_maths,P2,6.0,6.3.1,2.0,6.3.1 f (x).g(x)>0 (2),ok,,,unmapped,,,mapped_v1,False,,,exam,data\processed\ocr\text\2023_nov_p2_exam_maths_ocr.txt,ocr_good,[2],22.0,4.0,2023_nov_p2_exam_maths__Q6__6.3.1,Functions & Graphs,Graph interpretation,context_inherit,inherit_prev_subq,medium,v1.2
2023,2023_nov_p2_exam_maths,P2,6.0,6.3.2,2.0,6.3.2 J (x)+150 (2),ok,,,unmapped,,,mapped_v1,False,,,exam,data\processed\ocr\text\2023_nov_p2_exam_maths_ocr.txt,ocr_good,[2],19.0,5.0,2023_nov_p2_exam_maths__Q6__6.3.2,Functions & Graphs,Graph interpretation,context_inherit,inherit_prev_subq,medium,v1.2
2023,2023_nov_p2_exam_maths,P2,6.0,6.4,3.0,"6.4 Another graph p is defined as p(x) =—f (x). D(k;~-1) lies on p. Determine the

value(s) of & in the interval x € [0° ; 180°]. (3)",ok,,,unmapped,,,mapped_v1,False,,,exam,data\processed\ocr\text\2023_nov_p2_exam_maths_ocr.txt,ocr_good,[3],133.0,6.0,2023_nov_p2_exam_maths__Q6__6.4,Functions & Graphs,Graph interpretation,context_inherit,inherit_prev_subq,medium,v1.2
2023,2023_nov_p2_exam_maths,P2,6.0,6.5,12.0,"6.5 Graph h is obtained when g is translated 45° to the left. Determine the equation

of h. Write your answer in its simplest form. (2)

[12]

Copyright reserved Please turn over

Mathematics/P2 9 DBE/November 2023
NSC",ok,FUNC,,signature,high,nsc_translation,mapped_v1,False,,,exam,data\processed\ocr\text\2023_nov_p2_exam_maths_ocr.txt,ocr_good,"[2, 12]",218.0,7.0,2023_nov_p2_exam_maths__Q6__6.5,Functions & Graphs,Graph interpretation,rule,fn,high,v1.2
2023,2023_nov_p1_exam_maths,P1,7.0,7.1,6.0,"7.1 Determine f /(x) from first principles if f(x) =—4x? (6)
72 Determine:",ok,CALC,,signature,high,nsc_first_principles,mapped_v1,False,,,exam,data\processed\ocr\text\2023_nov_p1_exam_maths_ocr.txt,ocr_good,[6],74.0,1.0,2023_nov_p1_exam_maths__Q7__7.1,Calculus,First principles,rule,calc_fp,high,v1.2
2023,2023_nov_p1_exam_maths,P1,7.0,7.2.2,3.0,"7.2.2 D, bal + ox) (3)
73 For which values of x will the tangent to f(x) =—2x>+8x have a positive gradient? Se

Copyright reserved Please tum over

Mathematics/P1 8 DBE/November 2023
NSC",ok,CALC,,signature,high,tangent_gradient,mapped_v1,False,,,exam,data\processed\ocr\text\2023_nov_p1_exam_maths_ocr.txt,ocr_good,[3],186.0,3.0,2023_nov_p1_exam_maths__Q7__7.2.2,Analytical Geometry,Distance / midpoint / gradient,rule,anageo,high,v1.2
2023,2023_nov_p1_exam_maths,P1,7.0,7.21,2.0,7.21 f'@) if f(x) = 2x? -3x (2),ok,,,unmapped,,,mapped_v1,False,,,exam,data\processed\ocr\text\2023_nov_p1_exam_maths_ocr.txt,ocr_good,[2],31.0,2.0,2023_nov_p1_exam_maths__Q7__7.21,Analytical Geometry,Distance / midpoint / gradient,context_inherit,inherit_prev_subq,medium,v1.2
2023,2023_nov_p1_exam_maths,P1,8.0,8.1,4.0,8.1 Determine the coordinates of the turning points of f (4),ok,CALC,,struct,medium,STRUCT_CALC,mapped_v1,False,,,exam,data\processed\ocr\text\2023_nov_p1_exam_maths_ocr.txt,ocr_good,[4],60.0,1.0,2023_nov_p1_exam_maths__Q8__8.1,Calculus,Cubic graphs,rule,calc_more,high,v1.2
2023,2023_nov_p1_exam_maths,P1,8.0,8.2,4.0,"8.2 Draw a sketch graph of /- Clearly label all the intercepts with the axes and any

turning points. (4)",ok,CALC,,struct,medium,STRUCT_CALC,mapped_v1,False,,,exam,data\processed\ocr\text\2023_nov_p1_exam_maths_ocr.txt,ocr_good,[4],105.0,2.0,2023_nov_p1_exam_maths__Q8__8.2,Calculus,Cubic graphs,rule,calc_more,high,v1.2
2023,2023_nov_p1_exam_maths,P1,8.0,8.3,2.0,"8.3 Use the graph to determine the value(s) of & for which —x°+6x7~-9x+4=k will

have three real and unequal roots. (2)",ok,SEQ,,signature,high,nsc_sigma_pk,mapped_v1,False,,,exam,data\processed\ocr\text\2023_nov_p1_exam_maths_ocr.txt,ocr_good,[2],119.0,3.0,2023_nov_p1_exam_maths__Q8__8.3,Calculus,Cubic graphs,context_inherit,inherit_prev_subq,medium,v1.2
2023,2023_nov_p1_exam_maths,P1,8.0,8.4,6.0,"8.4 The line g{x)=ax+5 is the tangent to f at the point of inflection of Determine

the equation of g. (6)",ok,CALC,,signature,high,tangent_gradient,mapped_v1,False,,,exam,data\processed\ocr\text\2023_nov_p1_exam_maths_ocr.txt,ocr_good,[6],106.0,4.0,2023_nov_p1_exam_maths__Q8__8.4,Calculus,Cubic graphs,rule,calc_more,high,v1.2
2023,2023_nov_p1_exam_maths,P1,8.0,8.5,18.0,"8.5 Calculate the value of @, the acute angle formed between g and the x-axis in the

first quadrant. Q)

[18]",ok,FUNC,,lexicon,medium,,mapped_v1,False,,,exam,data\processed\ocr\text\2023_nov_p1_exam_maths_ocr.txt,ocr_good,[18],110.0,5.0,2023_nov_p1_exam_maths__Q8__8.5,Calculus,Cubic graphs,context_inherit,inherit_prev_subq,medium,v1.2
2023,2023_nov_p2_exam_maths,P2,8.0,8.2,5.0,"8.2 In the diagram, O is the centre of the circle and ABCD is a cyclic quadrilateral.
OB and OD are drawn.

A

If 0, =4x+100° and C=x+34° , calculate, giving reasons, the size of x. (5)

Copyright reserved Please turn over

Mathematics/P2 ll DBE/November 2023
NSC",ok,EUCL,,signature,high,cyclic_quad,mapped_v1,False,,,exam,data\processed\ocr\text\2023_nov_p2_exam_maths_ocr.txt,ocr_good,[5],263.0,2.0,2023_nov_p2_exam_maths__Q8__8.2,Euclidean Geometry,Circle geometry,rule,euclid,high,v1.2
2023,2023_nov_p2_exam_maths,P2,8.0,8.3,,"8.3 In the diagram, O is the centre of the larger circle. OB is a diameter of the smaller
circle. Chord AB of the larger circle intersects the smaller circle at M and B.

A B",ok,AGEO,,signature,high,circle_equation,mapped_v1,False,,,exam,data\processed\ocr\text\2023_nov_p2_exam_maths_ocr.txt,ocr_good,[],174.0,3.0,2023_nov_p2_exam_maths__Q8__8.3,Euclidean Geometry,Circle geometry,context_inherit,inherit_prev_subq,medium,v1.2
2023,2023_nov_p2_exam_maths,P2,8.0,8.3.1,2.0,8.3.1 Write down the size of OMB. Provide a reason. (2),ok,,,unmapped,,,mapped_v1,False,,,exam,data\processed\ocr\text\2023_nov_p2_exam_maths_ocr.txt,ocr_good,[2],55.0,4.0,2023_nov_p2_exam_maths__Q8__8.3.1,Euclidean Geometry,Circle geometry,context_inherit,inherit_prev_subq,medium,v1.2
2023,2023_nov_p2_exam_maths,P2,8.0,8.3.2,16.0,"8.3.2 If AB=~7300 units and OM=5 units, calculate, giving reasons, the
length of OB. 4)
[16]

Copyright reserved Please turn over

Mathematics/P2 12 DBE/November 2023
NSC",ok,EUCL,,lexicon,medium,,mapped_v1,False,,,exam,data\processed\ocr\text\2023_nov_p2_exam_maths_ocr.txt,ocr_good,[16],170.0,5.0,2023_nov_p2_exam_maths__Q8__8.3.2,Euclidean Geometry,Circle geometry,context_inherit,inherit_prev_subq,medium,v1.2
2023,2023_nov_p1_exam_maths,P1,9.0,9.2,6.0,"9.2 Determine the value of x such that the total area of the page is a minimum. (3)

[6]

Copyright reserved Please turn over

Mathematics/P1 9 DBE/November 2023
NSC",ok,,,unmapped,,,mapped_v1,False,,,exam,data\processed\ocr\text\2023_nov_p1_exam_maths_ocr.txt,ocr_good,"[3, 6]",165.0,2.0,2023_nov_p1_exam_maths__Q9__9.2,Calculus,Cubic graphs,context_inherit,inherit_prev_subq,medium,v1.2
2023,2023_nov_p2_exam_maths,P2,9.0,9.2,3.0,"9.2 Prove, with reasons, that AEDF ||| AEAB. (3)",ok,EUCL,,signature,high,with_reasons,mapped_v1,False,,,exam,data\processed\ocr\text\2023_nov_p2_exam_maths_ocr.txt,ocr_good,[3],48.0,2.0,2023_nov_p2_exam_maths__Q9__9.2,Euclidean Geometry,Circle geometry,context_inherit,inherit_prev_subq,medium,v1.2
2023,2023_nov_p2_exam_maths,P2,9.0,9.3,6.0,"9.3 Calculate, with reasons, the length of FC. (6)

19]

Copyright reserved Please turn over

Mathematics/P2 13 DBE/November 2023
NSC",ok,EUCL,,signature,high,with_reasons,mapped_v1,False,,,exam,data\processed\ocr\text\2023_nov_p2_exam_maths_ocr.txt,ocr_good,[6],133.0,3.0,2023_nov_p2_exam_maths__Q9__9.3,Euclidean Geometry,Circle geometry,context_inherit,inherit_prev_subq,medium,v1.2
2023,2023_nov_p1_exam_maths,P1,10.0,10.1,,"10.1 A and B are independent events. P(A) = ; and P(B)= ;
Determine:",ok,PROB,,signature,high,nsc_independent,mapped_v1,False,,,exam,data\processed\ocr\text\2023_nov_p1_exam_maths_ocr.txt,ocr_good,[],68.0,1.0,2023_nov_p1_exam_maths__Q10__10.1,Probability,Basic probability,rule,prob,high,v1.2
2023,2023_nov_p1_exam_maths,P1,10.0,10.1.1,,10.1.1 P(A and B),ok,,,unmapped,,,mapped_v1,False,,,exam,data\processed\ocr\text\2023_nov_p1_exam_maths_ocr.txt,ocr_good,[],17.0,2.0,2023_nov_p1_exam_maths__Q10__10.1.1,Probability,Basic probability,context_inherit,inherit_prev_subq,medium,v1.2
2023,2023_nov_p1_exam_maths,P1,10.0,10.1.2,,10.1.2 P(at least ONE event occurs),ok,PROB,,lexicon,medium,,mapped_v1,False,,,exam,data\processed\ocr\text\2023_nov_p1_exam_maths_ocr.txt,ocr_good,[],35.0,3.0,2023_nov_p1_exam_maths__Q10__10.1.2,Probability,Basic probability,context_inherit,inherit_prev_subq,medium,v1.2
2023,2023_nov_p1_exam_maths,P1,10.0,10.2,,"10.2 The probability that it will snow on the Drakensberg Mountains in June is 5%.
e When it snows on the mountains, the probability that the minimum temperature in
Central South Africa will drop below 0 °C is 72%.
e If it does not snow on the mountains, the probability that the minimum

temperature in Central South Africa will drop below 0 °C is 35%.",ok,PROB,,signature,medium,nsc_probability,mapped_v1,False,,,exam,data\processed\ocr\text\2023_nov_p1_exam_maths_ocr.txt,ocr_good,[],353.0,4.0,2023_nov_p1_exam_maths__Q10__10.2,Probability,Basic probability,rule,prob,high,v1.2
2023,2023_nov_p1_exam_maths,P1,10.0,10.2.1,,"10.2.1 Represent the given information on a tree diagram. Clearly indicate the
probabilities associated with EACH branch.",ok,PROB,,signature,high,tree,mapped_v1,False,,,exam,data\processed\ocr\text\2023_nov_p1_exam_maths_ocr.txt,ocr_good,[],121.0,5.0,2023_nov_p1_exam_maths__Q10__10.2.1,Probability,Basic probability,rule,prob,high,v1.2
2023,2023_nov_p1_exam_maths,P1,10.0,10.2.2,,"10.2.2 Calculate the probability that the temperature in Central South Africa will
NOT drop below 0 °C in June 2024.",ok,PROB,,signature,medium,nsc_probability,mapped_v1,False,,,exam,data\processed\ocr\text\2023_nov_p1_exam_maths_ocr.txt,ocr_good,[],116.0,6.0,2023_nov_p1_exam_maths__Q10__10.2.2,Probability,Basic probability,rule,prob,high,v1.2
2023,2023_nov_p1_exam_maths,P1,10.0,10.3,,"10.3 Ten learners stand randomly in a line, one behind the other.",ok,PROB,,lexicon,medium,,mapped_v1,False,,,exam,data\processed\ocr\text\2023_nov_p1_exam_maths_ocr.txt,ocr_good,[],65.0,7.0,2023_nov_p1_exam_maths__Q10__10.3,Probability,Basic probability,context_inherit,inherit_prev_subq,medium,v1.2
2023,2023_nov_p1_exam_maths,P1,10.0,10.3.1,,10.3.1 In how many different ways can the ten learners stand in the line?,ok,PROB,,lexicon,medium,,mapped_v1,False,,,exam,data\processed\ocr\text\2023_nov_p1_exam_maths_ocr.txt,ocr_good,[],73.0,8.0,2023_nov_p1_exam_maths__Q10__10.3.1,Probability,Basic probability,context_inherit,inherit_prev_subq,medium,v1.2
2023,2023_nov_p1_exam_maths,P1,10.0,10.3.2,15.0,"10.3.2 Calculate the probability that there will be 5 learners between the 2
youngest learners in the line.

TOTAL:

Copyright reserved

(2)
@)

(3)

@G)

(1)

(4)
[15]

150

Mathematics/P1 DBE/November 2023

NSC
INFORMATION SHEET
ea ENe’ —4ac
2a
A= P(1+ni) A= P(I-ni) A= P(-i)"" A= P(i+i)""
T, =a+(n-1)d S, = SPat(m-nd]
T, =ar"""" Ss _ ar"" -1) sr#l s.=;* 3 -l<r<l
. r-l -r

pox 1+i=1 pala +i)""

t t

7) = tim LE2M=F@)
h->0

h
xX, +X, yt+y
d = (x, -%)Y +O, -yy M| 2;
2 2
y=mxte y-y, =m(x-x) m= 22-1 m=tané
X.Y

(x-a! +(y-4VP =r?
In AABC: 2—=—?_ = ©

sinA sinB sinC

a =b? +e? -2be.cos A

area AABC =F ab.sin
sin(@ + )=sina.cos f +cosa.sin B sin(a - 8) =sina.cos 8 —cosa.sin B
cos (a + B)=cosa..cos B -sina.sin B cos(a -B)= cosa@.cos # + sina.sin B

cos’ a—sin’ a
cos2a@ =41-2sin’ a sin 2a = 2sin a.cosa

2cos* a—1

“ Yo, -D

2 _ isl

o =
n n
P(A)= 75) P(A or B) = P(A) + P(B)— P(A and B)
ni
Paathx p= L&D)

Y@-3

Copyright reserved",ok,SEQ,,signature,high,nsc_term_to_term,mapped_v1,False,,,exam,data\processed\ocr\text\2023_nov_p1_exam_maths_ocr.txt,ocr_good,"[2, 3, 1, 4, 15]",927.0,9.0,2023_nov_p1_exam_maths__Q10__10.3.2,Trigonometry,Equations,rule,trig,high,v1.2
2023,2023_nov_p2_exam_maths,P2,10.0,10.2,4.0,10.2 SMRC isa cyclic quadrilateral (4),ok,EUCL,,signature,high,cyclic_quad,mapped_v1,False,,,exam,data\processed\ocr\text\2023_nov_p2_exam_maths_ocr.txt,ocr_good,[4],38.0,2.0,2023_nov_p2_exam_maths__Q10__10.2,Euclidean Geometry,Circle geometry,rule,euclid,high,v1.2
2023,2023_nov_p2_exam_maths,P2,10.0,10.3,15.0,"10.3 RP is a tangent to the circle passing through P, S and A at P (6)
[15]

TOTAL: 150

Copyright reserved

Mathematics/P2 DBE/November 2023
NSC
INFORMATION SHEET
xe —b+vb? —4ac
2a
A=P(l+ni) A= P(-ni) A= P(1-i)"" A=P(+i)""
T,=a+(n-l)d S, =F bat(n-dd]

~A
i]

T =ar™ Ss _ alr” -1) sr#l 4s -ler<l
1

"" n

pa 2+i""=1

t

fa+h)-f@
h

d= (x, -x,) +e -yy

S'(x)= lim
hoo

y=mx+e

(x -a) +(y-bf =r?
a _ 5b _¢

snA sinB sinC

a =b* +c? —2be.cos A

In AABC:

area AABC = 5a. sinC
sin (@ + B) =sina.cos § +cosa.sin B
cos(@ + £)=cosa.cos f —sina.sin B

cos’ a —sin? @

cos2@ =41-2sin? a

2cos’ a—-1
*
x _ i=l
n

n(A)
P(A)=——

nS)
ypratbhx

Copyright reserved

y-y, =m(x-%,)

l-r

MX Vit Vo
;

ea"")

m= 22 m=tan0
XX

sin(a— £) =sina.cos B—cosa.sin B

cos (a — f)=cosa.cos B+ sina.sin 8

sin 2a = 2sin a.cos a

YG, -¥""
o-
n

P(A ot B) = P(A) + P(B) — P(A and B)

p= UY)
Si@-xY",ok,CALC,,signature,high,tangent_gradient,mapped_v1,False,,,exam,data\processed\ocr\text\2023_nov_p2_exam_maths_ocr.txt,ocr_good,"[6, 15]",861.0,3.0,2023_nov_p2_exam_maths__Q10__10.3,Trigonometry,Equations,rule,trig,high,v1.2
2024,2024_nov_p1_exam_maths,P1,1.0,1.1.3,,1.1.3 x? -2x-3>0,ok,ALG,,struct,high,STRUCT_ALG,mapped_v1,False,,,exam,data\processed\ocr\text\2024_nov_p1_exam_maths_ocr.txt,ocr_good,[],16.0,2.0,2024_nov_p1_exam_maths__Q1__1.1.3,Trigonometry,Equations,context_inherit,inherit_prev_subq,medium,v1.2
2024,2024_nov_p1_exam_maths,P1,1.0,1.1.4,,"1.1.4 2% —-2*? -32 =0

115 V-2x4+4-x=2",ok,,,unmapped,,,mapped_v1,False,,,exam,data\processed\ocr\text\2024_nov_p1_exam_maths_ocr.txt,ocr_good,[],38.0,3.0,2024_nov_p1_exam_maths__Q1__1.1.4,Trigonometry,Equations,context_inherit,inherit_prev_subq,medium,v1.2
2024,2024_nov_p1_exam_maths,P1,1.0,1.2,,"1.2 Solve for x and y simultaneously:

2x+y=3

y +xy=2",ok,ALG,,signature,high,nsc_solve_x,mapped_v1,False,,,exam,data\processed\ocr\text\2024_nov_p1_exam_maths_ocr.txt,ocr_good,[],54.0,4.0,2024_nov_p1_exam_maths__Q1__1.2,Algebra & Equations,Quadratic equations,rule,alg,medium,v1.2
2024,2024_nov_p1_exam_maths,P1,1.0,1.3,,"1.3 Consider the product f + i 1+ i et we
2 3 4

Each factor in the product is of the form ( + +) for n>2.
n

Determine ALL the values of » for which the product will be an integer value.",ok,,,unmapped,,,mapped_v1,False,,,exam,data\processed\ocr\text\2024_nov_p1_exam_maths_ocr.txt,ocr_good,[],187.0,5.0,2024_nov_p1_exam_maths__Q1__1.3,Algebra & Equations,Quadratic equations,context_inherit,inherit_prev_subq,medium,v1.2
2024,2024_nov_p2_exam_maths,P2,1.0,1.2,2.0,"1.2 Write down the correlation coefficient. qd)
13 The coach uses the least squares regression line to set the target for the minimum

number of push-ups by each team member according to their weight. Predict the
number of push-ups that a member of the team, who weighs 29 kg, should do to meet

the target. (2)",ok,STAT,,signature,high,regression,mapped_v1,False,,,exam,data\processed\ocr\text\2024_nov_p2_exam_maths_ocr.txt,ocr_good,[2],311.0,2.0,2024_nov_p2_exam_maths__Q1__1.2,Statistics,Regression / correlation,rule,stats,high,v1.2
2024,2024_nov_p2_exam_maths,P2,1.0,1.4,3.0,1.4 Determine the equation of the least squares regression line for the data. (3),ok,STAT,,signature,high,regression,mapped_v1,False,,,exam,data\processed\ocr\text\2024_nov_p2_exam_maths_ocr.txt,ocr_good,[3],81.0,1.0,2024_nov_p2_exam_maths__Q1__1.4,Statistics,Regression / correlation,rule,stats,high,v1.2
2024,2024_nov_p2_exam_maths,P2,1.0,1.4,1.0,1.4 Write down the mean number of push-ups for the given data. (1),ok,STAT,,signature,medium,mean,mapped_v1,False,,,exam,data\processed\ocr\text\2024_nov_p2_exam_maths_ocr.txt,ocr_good,[1],66.0,3.0,2024_nov_p2_exam_maths__Q1__1.4,Statistics,Regression / correlation,context_inherit,inherit_prev_subq,medium,v1.2
2024,2024_nov_p2_exam_maths,P2,1.0,1.5,,"1.5 The players trained hard during the season. At the end of the season, the coach reported

that each player was able to do 5 more push-ups per minute than they did at the
beginning of the season. How does the increase in the number of push-ups influence

the standard deviation of the data? 60)",ok,STAT,,signature,high,standard_dev,mapped_v1,False,,,exam,data\processed\ocr\text\2024_nov_p2_exam_maths_ocr.txt,ocr_good,[],297.0,4.0,2024_nov_p2_exam_maths__Q1__1.5,Statistics,Regression / correlation,rule,stats,high,v1.2
2024,2024_nov_p2_exam_maths,P2,1.0,1.6,10.0,"1.6 At the beginning of the season, the coach used the least squares regression line as the
minimum target for a player to aim for. Determine the maximum possible increase in
the number of push-ups that a team member must obtain to reach the minimum target. (2)
[10]

Copyright reserved Please turn over

Mathematics/P2 4 DBE/November 2024

NSC Confidential",ok,STAT,,signature,high,regression,mapped_v1,False,,,exam,data\processed\ocr\text\2024_nov_p2_exam_maths_ocr.txt,ocr_good,"[2, 10]",357.0,5.0,2024_nov_p2_exam_maths__Q1__1.6,Statistics,Regression / correlation,rule,stats,high,v1.2
2024,2024_nov_p1_exam_maths,P1,2.0,2.1,,"2.1 The first term of an arithmetic series is 7. The common difference of this series is

5 and the series contains 20 terms.",ok,SEQ,,signature,high,nsc_arithmetic_series,mapped_v1,False,,,exam,data\processed\ocr\text\2024_nov_p1_exam_maths_ocr.txt,ocr_good,[],125.0,1.0,2024_nov_p1_exam_maths__Q2__2.1,Number Patterns & Sequences,Arithmetic sequences,rule,seq,high,v1.2
2024,2024_nov_p1_exam_maths,P1,2.0,2.1.1,,2.1.1 Calculate the sum of this series.,ok,SEQ,,lexicon,medium,,mapped_v1,False,,,exam,data\processed\ocr\text\2024_nov_p1_exam_maths_ocr.txt,ocr_good,[],39.0,2.0,2024_nov_p1_exam_maths__Q2__2.1.1,Number Patterns & Sequences,Arithmetic sequences,context_inherit,inherit_prev_subq,medium,v1.2
2024,2024_nov_p1_exam_maths,P1,2.0,2.1.2,,"2.1.2 The original arithmetic series is extended to 75 terms. The sum of these
75 terms is 14 400. Using sigma notation, write down an equation for the
sum of the terms added to the original series.",ok,SEQ,,signature,high,nsc_arithmetic_series,mapped_v1,False,,,exam,data\processed\ocr\text\2024_nov_p1_exam_maths_ocr.txt,ocr_good,[],198.0,3.0,2024_nov_p1_exam_maths__Q2__2.1.2,Number Patterns & Sequences,Arithmetic sequences,context_inherit,inherit_prev_subq,medium,v1.2
2024,2024_nov_p1_exam_maths,P1,2.0,2.2,,2.2 The sequence of the first differences of a quadratic pattern is: 1;3;5;...,ok,SEQ,,signature,high,quadratic_pattern,mapped_v1,False,,,exam,data\processed\ocr\text\2024_nov_p1_exam_maths_ocr.txt,ocr_good,[],78.0,4.0,2024_nov_p1_exam_maths__Q2__2.2,Number Patterns & Sequences,Arithmetic sequences,context_inherit,inherit_prev_subq,medium,v1.2
2024,2024_nov_p1_exam_maths,P1,2.0,2.2.1,,"2.2.1 If Ty, of this quadratic pattern is 9 632, calculate the value of 7,,.",ok,SEQ,,signature,high,quadratic_pattern,mapped_v1,False,,,exam,data\processed\ocr\text\2024_nov_p1_exam_maths_ocr.txt,ocr_good,[],76.0,5.0,2024_nov_p1_exam_maths__Q2__2.2.1,Number Patterns & Sequences,Arithmetic sequences,context_inherit,inherit_prev_subq,medium,v1.2
2024,2024_nov_p1_exam_maths,P1,2.0,2.2.2,14.0,"2.2.2 If it is further given that the third term of the quadratic pattern is 32,
determine the general term, 7, of the quadratic pattern.

Copyright reserved Please turn over

(2).
(4)
(4)
(5)
(4)

(6)

(3)

[27]

2)

(4)

G3)

65)
[14]

Mathematics/P 1 4 DBE/November 2024
NSC Confidential",ok,SEQ,,signature,high,quadratic_pattern,mapped_v1,False,,,exam,data\processed\ocr\text\2024_nov_p1_exam_maths_ocr.txt,ocr_good,"[2, 4, 4, 5, 4, 6, 3, 4, 14]",290.0,6.0,2024_nov_p1_exam_maths__Q2__2.2.2,Number Patterns & Sequences,Arithmetic sequences,context_inherit,inherit_prev_subq,medium,v1.2
2024,2024_nov_p2_exam_maths,P2,2.0,2.2,,2.2,ok,,,unmapped,,,mapped_v1,False,,,exam,data\processed\ocr\text\2024_nov_p2_exam_maths_ocr.txt,ocr_good,[],3.0,2.0,2024_nov_p2_exam_maths__Q2__2.2,Statistics,Regression / correlation,context_inherit,inherit_prev_subq,medium,v1.2
2024,2024_nov_p2_exam_maths,P2,2.0,2.3,,2.3,ok,,,unmapped,,,mapped_v1,False,,,exam,data\processed\ocr\text\2024_nov_p2_exam_maths_ocr.txt,ocr_good,[],3.0,3.0,2024_nov_p2_exam_maths__Q2__2.3,Statistics,Regression / correlation,context_inherit,inherit_prev_subq,medium,v1.2
2024,2024_nov_p2_exam_maths,P2,2.0,2.4,,2.4,ok,,,unmapped,,,mapped_v1,False,,,exam,data\processed\ocr\text\2024_nov_p2_exam_maths_ocr.txt,ocr_good,[],3.0,4.0,2024_nov_p2_exam_maths__Q2__2.4,Statistics,Regression / correlation,context_inherit,inherit_prev_subq,medium,v1.2
2024,2024_nov_p2_exam_maths,P2,2.0,2.5,,2.5,ok,,,unmapped,,,mapped_v1,False,,,exam,data\processed\ocr\text\2024_nov_p2_exam_maths_ocr.txt,ocr_good,[],3.0,5.0,2024_nov_p2_exam_maths__Q2__2.5,Statistics,Regression / correlation,context_inherit,inherit_prev_subq,medium,v1.2
2024,2024_nov_p2_exam_maths,P2,2.0,2.6,2.0,"2.6

>
3
3
ee
vo
i
vo
Hes
B
E
1o)

Time (in minutes)
Estimate the median travel time.
Estimate the lower quartile.
Estimate the interquartile range.
The minimum and maximum times taken for an employee to travel to work are
5 and 120 minutes respectively. On the scaled line in the ANSWER BOOK, draw a box

and whisker diagram to indicate the distribution of the data as represented in the ogive
above.

The company manager decided that all employees who travel for an hour or more will
be allowed to work from home for part of the day. What percentage of the employees
will be allowed to work from home for part of the day?

Employees work 8 hours in a normal working day. The manager decided on the
following rule for time to work from home:

e An employee is allowed to work half an hour from home for each time
interval of 20 minutes, or part thereof, above an hour taken to travel to work.

On a certain day, an employee takes 110 minutes to travel to work. Calculate the
number of minutes that this employee will be allowed to work from home on this day.

Copyright reserved Please turn over

a)
()
2)

2)

(2)

2)
{10]

Mathematics/P2 DBE/November 2024

5
NSC Confidential",ok,STAT,,signature,high,ogive_reading,mapped_v1,False,,,exam,data\processed\ocr\text\2024_nov_p2_exam_maths_ocr.txt,ocr_good,[2],1178.0,6.0,2024_nov_p2_exam_maths__Q2__2.6,Statistics,Regression / correlation,rule,stats,high,v1.2
2024,2024_nov_p1_exam_maths,P1,3.0,3.2,4.0,3.2 Calculate the sum of the areas of the first 10 circles. (4),ok,AGEO,,signature,high,circle_equation,mapped_v1,False,,,exam,data\processed\ocr\text\2024_nov_p1_exam_maths_ocr.txt,ocr_good,[4],63.0,2.0,2024_nov_p1_exam_maths__Q3__3.2,Number Patterns & Sequences,Arithmetic sequences,context_inherit,inherit_prev_subq,medium,v1.2
2024,2024_nov_p1_exam_maths,P1,3.0,3.3,10.0,"3.3 Which circle has a diameter of = cm?
128 (4)
[10]",ok,AGEO,,signature,high,circle_equation,mapped_v1,False,,,exam,data\processed\ocr\text\2024_nov_p1_exam_maths_ocr.txt,ocr_good,"[4, 10]",53.0,3.0,2024_nov_p1_exam_maths__Q3__3.3,Number Patterns & Sequences,Arithmetic sequences,context_inherit,inherit_prev_subq,medium,v1.2
2024,2024_nov_p2_exam_maths,P2,3.0,3.3,,3.3 Show that k=-6. (),ok,,,unmapped,,,mapped_v1,False,,,exam,data\processed\ocr\text\2024_nov_p2_exam_maths_ocr.txt,ocr_good,[],22.0,3.0,2024_nov_p2_exam_maths__Q3__3.3,Statistics,Regression / correlation,context_inherit,inherit_prev_subq,medium,v1.2
2024,2024_nov_p2_exam_maths,P2,3.0,3.4,2.0,3.4 Calculate the gradient of DC. (2),ok,AGEO,,signature,high,gradient,mapped_v1,False,,,exam,data\processed\ocr\text\2024_nov_p2_exam_maths_ocr.txt,ocr_good,[2],37.0,1.0,2024_nov_p2_exam_maths__Q3__3.4,Analytical Geometry,Distance / midpoint / gradient,rule,anageo,high,v1.2
2024,2024_nov_p2_exam_maths,P2,3.0,3.4,2.0,3.4 Calculate the length of DC. (2),ok,FUNC,,signature,medium,nsc_length,mapped_v1,False,,,exam,data\processed\ocr\text\2024_nov_p2_exam_maths_ocr.txt,ocr_good,[2],35.0,4.0,2024_nov_p2_exam_maths__Q3__3.4,Analytical Geometry,Distance / midpoint / gradient,context_inherit,inherit_prev_subq,medium,v1.2
2024,2024_nov_p2_exam_maths,P2,3.0,3.5,2.0,"3.5 Calculate the ratio of DB :
DC (2)",ok,TRIG,,lexicon,medium,,mapped_v1,False,,,exam,data\processed\ocr\text\2024_nov_p2_exam_maths_ocr.txt,ocr_good,[2],38.0,5.0,2024_nov_p2_exam_maths__Q3__3.5,Analytical Geometry,Distance / midpoint / gradient,context_inherit,inherit_prev_subq,medium,v1.2
2024,2024_nov_p2_exam_maths,P2,3.0,3.6,4.0,"3.6 If M isa point on AD such that AC || MB, calculate the ratio of aa .
Area AACD (4)",ok,,,unmapped,,,mapped_v1,False,,,exam,data\processed\ocr\text\2024_nov_p2_exam_maths_ocr.txt,ocr_good,[4],86.0,6.0,2024_nov_p2_exam_maths__Q3__3.6,Analytical Geometry,Distance / midpoint / gradient,context_inherit,inherit_prev_subq,medium,v1.2
2024,2024_nov_p2_exam_maths,P2,3.0,3.7,19.0,"3.7 If it is further given that the gradient of AD is -—4 and the length of AD is
V612 units, calculate the coordinates of A. (6)
[19]

Copyright reserved Please turn over

Mathematics/P2 6 DBE/November 2024
NSC Confidential",ok,AGEO,,signature,high,gradient,mapped_v1,False,,,exam,data\processed\ocr\text\2024_nov_p2_exam_maths_ocr.txt,ocr_good,"[6, 19]",224.0,7.0,2024_nov_p2_exam_maths__Q3__3.7,Analytical Geometry,Distance / midpoint / gradient,rule,anageo,high,v1.2
2024,2024_nov_p1_exam_maths,P1,4.0,4.1,9.0,"4.1 Calculate the value of a. (2)
42 Write down the range of f. qd)
43 Sketch the graph of f Clearly show the intercepts with the axes and asymptotes,

if any. (3)

44 It is further given that C isapointon f at y= >.

Determine the coordinates of C!, the image of C, when C is reflected about the line
y=x. GB)
[9]

Copyright reserved Please turn over

Mathematics/P1 5 DBE/November 2024
NSC Confidential",ok,FUNC,,signature,high,nsc_range,mapped_v1,False,,,exam,data\processed\ocr\text\2024_nov_p1_exam_maths_ocr.txt,ocr_good,"[2, 3, 9]",404.0,1.0,2024_nov_p1_exam_maths__Q4__4.1,Functions & Graphs,Graph interpretation,rule,fn,high,v1.2
2024,2024_nov_p2_exam_maths,P2,4.0,4.4,2.0,4.4 Show that d=7. (2),ok,,,unmapped,,,mapped_v1,False,,,exam,data\processed\ocr\text\2024_nov_p2_exam_maths_ocr.txt,ocr_good,[2],22.0,2.0,2024_nov_p2_exam_maths__Q4__4.4,Analytical Geometry,Distance / midpoint / gradient,context_inherit,inherit_prev_subq,medium,v1.2
2024,2024_nov_p2_exam_maths,P2,4.0,4.5,5.0,4.5 Calculate the size of L (5),ok,,,unmapped,,,mapped_v1,False,,,exam,data\processed\ocr\text\2024_nov_p2_exam_maths_ocr.txt,ocr_good,[5],31.0,3.0,2024_nov_p2_exam_maths__Q4__4.5,Analytical Geometry,Distance / midpoint / gradient,context_inherit,inherit_prev_subq,medium,v1.2
2024,2024_nov_p2_exam_maths,P2,4.0,4.6,20.0,"4.6 TR isa tangent to the circle at R. Prove that PT L RT. @G)

[20]

Copyright reserved Please turn over

Mathematics/P2 DBE/November 2024

7
NSC Confidential",ok,CALC,,signature,high,tangent_gradient,mapped_v1,False,,,exam,data\processed\ocr\text\2024_nov_p2_exam_maths_ocr.txt,ocr_good,[20],159.0,4.0,2024_nov_p2_exam_maths__Q4__4.6,Calculus,Cubic graphs,rule,calc_more,high,v1.2
2024,2024_nov_p1_exam_maths,P1,5.0,5.2,2.0,5.2 Determine the equation of the horizontal asymptote of f (2),ok,FUNC,,signature,high,asymptotes,mapped_v1,False,,,exam,data\processed\ocr\text\2024_nov_p1_exam_maths_ocr.txt,ocr_good,[2],63.0,2.0,2024_nov_p1_exam_maths__Q5__5.2,Functions & Graphs,Graph interpretation,rule,fn,high,v1.2
2024,2024_nov_p1_exam_maths,P1,5.0,5.3,2.0,5.3 Calculate the value of a. (2),ok,,,unmapped,,,mapped_v1,False,,,exam,data\processed\ocr\text\2024_nov_p1_exam_maths_ocr.txt,ocr_good,[2],33.0,3.0,2024_nov_p1_exam_maths__Q5__5.3,Functions & Graphs,Graph interpretation,context_inherit,inherit_prev_subq,medium,v1.2
2024,2024_nov_p1_exam_maths,P1,5.0,5.4,,5.4 For which values of x is f(x) >0? G3),ok,FUNC,,signature,medium,nsc_interpret,mapped_v1,False,,,exam,data\processed\ocr\text\2024_nov_p1_exam_maths_ocr.txt,ocr_good,[],41.0,4.0,2024_nov_p1_exam_maths__Q5__5.4,Functions & Graphs,Graph interpretation,context_inherit,inherit_prev_subq,medium,v1.2
2024,2024_nov_p1_exam_maths,P1,5.0,5.5,10.0,"5.5 Graph f undergoes a transformation to h where:

e The domain and range of / are the same as that of f

e A'(x), the derivative of h, is negative on its domain

Describe a possible transformation that f could have undergone to result in A. Q)

[10]

Copyright reserved Please turn over

Mathematics/P1 6 DBE/November 2024
NSC Confidential",ok,FUNC,,signature,medium,domain_range,mapped_v1,False,,,exam,data\processed\ocr\text\2024_nov_p1_exam_maths_ocr.txt,ocr_good,[10],341.0,5.0,2024_nov_p1_exam_maths__Q5__5.5,Calculus,Rules of differentiation,rule,calc_rules,high,v1.2
2024,2024_nov_p2_exam_maths,P2,5.0,5.1.1,2.0,5.1.1 cosA (2),ok,TRIG,,lexicon,medium,,mapped_v1,False,,,exam,data\processed\ocr\text\2024_nov_p2_exam_maths_ocr.txt,ocr_good,[2],14.0,2.0,2024_nov_p2_exam_maths__Q5__5.1.1,Calculus,Cubic graphs,context_inherit,inherit_prev_subq,medium,v1.2
2024,2024_nov_p2_exam_maths,P2,5.0,5.1.2,2.0,5.1.2 cos2A (2),ok,TRIG,,lexicon,medium,,mapped_v1,False,,,exam,data\processed\ocr\text\2024_nov_p2_exam_maths_ocr.txt,ocr_good,[2],15.0,3.0,2024_nov_p2_exam_maths__Q5__5.1.2,Calculus,Cubic graphs,context_inherit,inherit_prev_subq,medium,v1.2
2024,2024_nov_p2_exam_maths,P2,5.0,5.1.3,4.0,"5.1.3 sin(A-B), if itis further given that sinB =; and 90° <B<360°

(4)",ok,TRIG,,lexicon,medium,,mapped_v1,False,,,exam,data\processed\ocr\text\2024_nov_p2_exam_maths_ocr.txt,ocr_good,[4],71.0,4.0,2024_nov_p2_exam_maths__Q5__5.1.3,Trigonometry,Equations,rule,trig,high,v1.2
2024,2024_nov_p2_exam_maths,P2,5.0,5.2,12.0,"5.2 If cos@=p, express the following expression in terms of p:
cos( - 45°]sin{ % - 45°]
2 2
2 (4)
[12]

Copyright reserved Please turn over

Mathematics/P2 8 DBE/November 2024
NSC Confidential",ok,TRIG,,lexicon,medium,,mapped_v1,False,,,exam,data\processed\ocr\text\2024_nov_p2_exam_maths_ocr.txt,ocr_good,"[4, 12]",192.0,5.0,2024_nov_p2_exam_maths__Q5__5.2,Trigonometry,Equations,rule,trig,high,v1.2
2024,2024_nov_p1_exam_maths,P1,6.0,6.1,,"6.1 Calculate the coordinates of B, the turning point of f @G)",ok,CALC,,struct,medium,STRUCT_CALC,mapped_v1,False,,,exam,data\processed\ocr\text\2024_nov_p1_exam_maths_ocr.txt,ocr_good,[],62.0,1.0,2024_nov_p1_exam_maths__Q6__6.1,Calculus,Cubic graphs,rule,calc_more,high,v1.2
2024,2024_nov_p1_exam_maths,P1,6.0,6.2,3.0,6.2 Show that the equation of the line through A and C is given by g(x) =2x+2. (3),ok,,,unmapped,,,mapped_v1,False,,,exam,data\processed\ocr\text\2024_nov_p1_exam_maths_ocr.txt,ocr_good,[3],82.0,2.0,2024_nov_p1_exam_maths__Q6__6.2,Analytical Geometry,Distance / midpoint / gradient,rule,anageo,high,v1.2
2024,2024_nov_p1_exam_maths,P1,6.0,6.3,4.0,6.3 Calculate the maximum length of EH for f > g. (4),ok,CALC,,signature,medium,nsc_maximum,mapped_v1,False,,,exam,data\processed\ocr\text\2024_nov_p1_exam_maths_ocr.txt,ocr_good,[4],53.0,3.0,2024_nov_p1_exam_maths__Q6__6.3,Analytical Geometry,Distance / midpoint / gradient,context_inherit,inherit_prev_subq,medium,v1.2
2024,2024_nov_p1_exam_maths,P1,6.0,6.4,15.0,"6.4 Given: k(x) = f(x+m)=—x? —2mx—m? +4x+4m+5
Determine the value of m such that g is a tangent to &. (5)

[15]

Copyright reserved Please turn over

Mathematics/P1 7 DBE/November 2024

NSC Confidential",ok,CALC,,signature,high,tangent_gradient,mapped_v1,False,,,exam,data\processed\ocr\text\2024_nov_p1_exam_maths_ocr.txt,ocr_good,"[5, 15]",202.0,4.0,2024_nov_p1_exam_maths__Q6__6.4,Calculus,Cubic graphs,rule,calc_more,high,v1.2
2024,2024_nov_p2_exam_maths,P2,6.0,6.1,,6.1 Given the identity: cos(x— y)=cosxcosy +sinxsin y,ok,TRIG,,signature,high,identity_proof,mapped_v1,False,,,exam,data\processed\ocr\text\2024_nov_p2_exam_maths_ocr.txt,ocr_good,[],53.0,1.0,2024_nov_p2_exam_maths__Q6__6.1,Trigonometry,Equations,rule,trig,high,v1.2
2024,2024_nov_p2_exam_maths,P2,6.0,6.1.1,,"6.1.1 Use the compound angle identity given above to derive a formula for
cos(x + y).",ok,TRIG,,signature,high,identity_proof,mapped_v1,False,,,exam,data\processed\ocr\text\2024_nov_p2_exam_maths_ocr.txt,ocr_good,[],85.0,2.0,2024_nov_p2_exam_maths__Q6__6.1.1,Trigonometry,Equations,rule,trig,high,v1.2
2024,2024_nov_p2_exam_maths,P2,6.0,6.1.2,,"6.1.2 Hence, or otherwise, show that:
cos(90° — x)cos y + sin(— y)cos(180°+ x
( deosy Cy)eos( ) — tan(e+y)
cos x cos(360° + y)+ sin(360° — x)sin y",ok,TRIG,,lexicon,medium,,mapped_v1,False,,,exam,data\processed\ocr\text\2024_nov_p2_exam_maths_ocr.txt,ocr_good,[],146.0,3.0,2024_nov_p2_exam_maths__Q6__6.1.2,Trigonometry,Equations,rule,trig,high,v1.2
2024,2024_nov_p2_exam_maths,P2,6.0,6.2,,"6.2 Given: f(x)=/6sin? x —11c0s(90° + x) +7
Solve for x in the interval x e( ° 5 360°) if f(x)=2.
—_ in?",ok,ALG,,signature,high,nsc_solve_x,mapped_v1,False,,,exam,data\processed\ocr\text\2024_nov_p2_exam_maths_ocr.txt,ocr_good,[],104.0,4.0,2024_nov_p2_exam_maths__Q6__6.2,Algebra & Equations,Quadratic equations,rule,alg,medium,v1.2
2024,2024_nov_p2_exam_maths,P2,6.0,6.3,,6.3 Consider the function: g(x) = —_,ok,,,unmapped,,,mapped_v1,False,,,exam,data\processed\ocr\text\2024_nov_p2_exam_maths_ocr.txt,ocr_good,[],36.0,5.0,2024_nov_p2_exam_maths__Q6__6.3,Algebra & Equations,Quadratic equations,context_inherit,inherit_prev_subq,medium,v1.2
2024,2024_nov_p2_exam_maths,P2,6.0,6.3.1,,6.3.1 Calculate the maximum value of g.,ok,CALC,,signature,medium,nsc_maximum,mapped_v1,False,,,exam,data\processed\ocr\text\2024_nov_p2_exam_maths_ocr.txt,ocr_good,[],39.0,6.0,2024_nov_p2_exam_maths__Q6__6.3.1,Algebra & Equations,Quadratic equations,context_inherit,inherit_prev_subq,medium,v1.2
2024,2024_nov_p2_exam_maths,P2,6.0,6.3.2,18.0,"6.3.2 Write down the smallest possible value of x for which g will have a

maximum value in the interval x e( a 360°].

Copyright reserved

Please turn over

(2)

(6)

(6)

3)

(1)
[18]

Mathematics/P2 9 DBE/November 2024
NSC Confidential",ok,CALC,,signature,medium,nsc_maximum,mapped_v1,False,,,exam,data\processed\ocr\text\2024_nov_p2_exam_maths_ocr.txt,ocr_good,"[2, 6, 6, 1, 18]",238.0,7.0,2024_nov_p2_exam_maths__Q6__6.3.2,Algebra & Equations,Quadratic equations,context_inherit,inherit_prev_subq,medium,v1.2
2024,2024_nov_p1_exam_maths,P1,7.0,7.3.2,,"7.3.2 Tshepo paid R22 300,98 (his monthly instalment and an additional
R20 000) on 1 March 2024 into the loan account. He continues to pay the
original monthly instalment thereafter. How many months earlier will
Tshepo repay the loan?",ok,FIN,,signature,high,nsc_loan,mapped_v1,False,,,exam,data\processed\ocr\text\2024_nov_p1_exam_maths_ocr.txt,ocr_good,[],234.0,1.0,2024_nov_p1_exam_maths__Q7__7.3.2,Finance,Compound interest,rule,fin,high,v1.2
2024,2024_nov_p2_exam_maths,P2,7.0,7.2,1.0,"7.2 Write down the values of x in the interval x e[-180° ; 0°] for which f(x)<0. (2)
73 Given: g(x)=cos 2x+1
734 Write down the period of g. (1)",ok,TRIG,,lexicon,medium,,mapped_v1,False,,,exam,data\processed\ocr\text\2024_nov_p2_exam_maths_ocr.txt,ocr_good,"[2, 1]",144.0,1.0,2024_nov_p2_exam_maths__Q7__7.2,Trigonometry,Equations,rule,trig,high,v1.2
2024,2024_nov_p2_exam_maths,P2,7.0,7.3.2,4.0,"7.3.2 On the grid given in the ANSWER BOOK, draw the graph of
g(x)=cos2x+1 for the interval x e[—180°; 180°]. Clearly show the

intercepts with the axes as well as the coordinates of the turning points. G3)
74 Use the graphs to determine the general solution of 2cos’ x—sinx=0. (4)
{11}

Copyright reserved Please turn over

Mathematics/P2 10 DBE/November 2024
NSC Confidential",ok,TRIG,,signature,high,general_solution,mapped_v1,False,,,exam,data\processed\ocr\text\2024_nov_p2_exam_maths_ocr.txt,ocr_good,[4],377.0,2.0,2024_nov_p2_exam_maths__Q7__7.3.2,Calculus,Cubic graphs,rule,calc_more,high,v1.2
2024,2024_nov_p1_exam_maths,P1,8.0,8.1.1,,"8.1.1 — [Bx - 5x
4.51""
Wont 2 yr",ok,,,unmapped,,,mapped_v1,False,,,exam,data\processed\ocr\text\2024_nov_p1_exam_maths_ocr.txt,ocr_good,[],32.0,2.0,2024_nov_p1_exam_maths__Q8__8.1.1,Finance,Compound interest,context_inherit,inherit_prev_subq,medium,v1.2
2024,2024_nov_p1_exam_maths,P1,8.0,8.1.2,,8.1.2 8 '@) if 8) =a x,ok,,,unmapped,,,mapped_v1,False,,,exam,data\processed\ocr\text\2024_nov_p1_exam_maths_ocr.txt,ocr_good,[],22.0,3.0,2024_nov_p1_exam_maths__Q8__8.1.2,Finance,Compound interest,context_inherit,inherit_prev_subq,medium,v1.2
2024,2024_nov_p1_exam_maths,P1,8.0,8.2,,8.2 Determine the equation of the tangent to f(x)=x'?—4x°+2x+3 at x=2.,ok,CALC,,signature,high,tangent_gradient,mapped_v1,False,,,exam,data\processed\ocr\text\2024_nov_p1_exam_maths_ocr.txt,ocr_good,[],70.0,4.0,2024_nov_p1_exam_maths__Q8__8.2,Calculus,Cubic graphs,rule,calc_more,high,v1.2
2024,2024_nov_p1_exam_maths,P1,8.0,8.3,,8.3 Given: f(x) =—6x?,ok,,,unmapped,,,mapped_v1,False,,,exam,data\processed\ocr\text\2024_nov_p1_exam_maths_ocr.txt,ocr_good,[],21.0,5.0,2024_nov_p1_exam_maths__Q8__8.3,Calculus,Cubic graphs,context_inherit,inherit_prev_subq,medium,v1.2
2024,2024_nov_p1_exam_maths,P1,8.0,8.3.1,,8.3.1 Determine f’(x) from first principles.,ok,CALC,,signature,high,nsc_first_principles,mapped_v1,False,,,exam,data\processed\ocr\text\2024_nov_p1_exam_maths_ocr.txt,ocr_good,[],44.0,6.0,2024_nov_p1_exam_maths__Q8__8.3.1,Calculus,First principles,rule,calc_fp,high,v1.2
2024,2024_nov_p1_exam_maths,P1,8.0,8.3.2,,"8.3.2 Write down how you will restrict the domain of f such that f, the

inverse of f is a function.",ok,FUNC,,signature,high,nsc_inverse,mapped_v1,False,,,exam,data\processed\ocr\text\2024_nov_p1_exam_maths_ocr.txt,ocr_good,[],100.0,7.0,2024_nov_p1_exam_maths__Q8__8.3.2,Functions & Graphs,Graph interpretation,rule,fn,high,v1.2
2024,2024_nov_p1_exam_maths,P1,8.0,8.3.3,18.0,"8.3.3 Determine the equation of f' for f(x) <0. Write your answer in the
form y=...

Copyright reserved Please turn over

G3)

(2)

2)

)
[14]

(2)

(4)

GB)

(6)

(1)

G3)
[18]

Mathematics/P1 8 DBE/November 2024
NSC Confidential",ok,,,unmapped,,,mapped_v1,False,,,exam,data\processed\ocr\text\2024_nov_p1_exam_maths_ocr.txt,ocr_good,"[2, 14, 2, 4, 6, 1, 18]",230.0,8.0,2024_nov_p1_exam_maths__Q8__8.3.3,Functions & Graphs,Graph interpretation,context_inherit,inherit_prev_subq,medium,v1.2
2024,2024_nov_p2_exam_maths,P2,8.0,8.2,7.0,"8.2 Calculate how far the painter at E is from the top of the building. (7)
19]

Copyright reserved Please turn over

Mathematics/P2 ll DBE/November 2024
NSC Confidential

Provide reasons for your statements in QUESTIONS 9, 10 and 11.",ok,EUCL,,lexicon,medium,,mapped_v1,False,,,exam,data\processed\ocr\text\2024_nov_p2_exam_maths_ocr.txt,ocr_good,[7],234.0,2.0,2024_nov_p2_exam_maths__Q8__8.2,Calculus,Cubic graphs,context_inherit,inherit_prev_subq,medium,v1.2
2024,2024_nov_p1_exam_maths,P1,9.0,9.2,2.0,"9.2 Write down the x-intercepts of f’, the derivative of (2)",ok,,,unmapped,,,mapped_v1,False,,,exam,data\processed\ocr\text\2024_nov_p1_exam_maths_ocr.txt,ocr_good,[2],60.0,1.0,2024_nov_p1_exam_maths__Q9__9.2,Calculus,Rules of differentiation,rule,calc_rules,high,v1.2
2024,2024_nov_p1_exam_maths,P1,9.0,9.3,3.0,"9.3 For which values of x will f be concave up? (2)

94 Determine the value of & for which y= /(x)+k will have THREE positive
x-intercepts. (2)

[3]",ok,FUNC,,signature,medium,nsc_interpret,mapped_v1,False,,,exam,data\processed\ocr\text\2024_nov_p1_exam_maths_ocr.txt,ocr_good,"[2, 2, 3]",148.0,2.0,2024_nov_p1_exam_maths__Q9__9.3,Calculus,Cubic graphs,rule,calc_more,high,v1.2
2024,2024_nov_p2_exam_maths,P2,9.0,9.2,6.0,"9.2 Hence, prove that AD = DC. (4)

[6]

Copyright reserved Please turn over

Mathematics/P2 12 DBE/November 2024
NSC Confidential",ok,EUCL,,struct,medium,STRUCT_EUCL,mapped_v1,False,,,exam,data\processed\ocr\text\2024_nov_p2_exam_maths_ocr.txt,ocr_good,"[4, 6]",130.0,2.0,2024_nov_p2_exam_maths__Q9__9.2,Calculus,Cubic graphs,context_inherit,inherit_prev_subq,medium,v1.2
2024,2024_nov_p1_exam_maths,P1,10.0,10.2,8.0,"10.2 Calculate the distance between town P and town T. (5)
[8]

Copyright reserved Please turn over

Mathematics/P1 9 DBE/November 2024

NSC Confidential",ok,SEQ,,signature,high,nsc_term_to_term,mapped_v1,False,,,exam,data\processed\ocr\text\2024_nov_p1_exam_maths_ocr.txt,ocr_good,"[5, 8]",153.0,2.0,2024_nov_p1_exam_maths__Q10__10.2,Calculus,Cubic graphs,context_inherit,inherit_prev_subq,medium,v1.2
2024,2024_nov_p2_exam_maths,P2,10.0,10.1,6.0,"10.1 In the diagram, ARST is drawn. Line AB intersects RS and RT at A and B
respectively such that AB || ST.

R

S T

Prove the theorem which states that a line drawn parallel to one side of a triangle divides
RB

the other two sides proportionally, i.e. ee)
AS BT (6)",ok,CALC,,signature,medium,nsc_intersect_3,mapped_v1,False,,,exam,data\processed\ocr\text\2024_nov_p2_exam_maths_ocr.txt,ocr_good,[6],268.0,1.0,2024_nov_p2_exam_maths__Q10__10.1,Euclidean Geometry,Circle geometry,rule,euclid,high,v1.2
2024,2024_nov_p2_exam_maths,P2,10.0,10.2,,"10.2 In the diagram, O is the centre of the circle. APWS is drawn with P, W and S on
the circle. OR 1 PS. PRS is produced to T. SW and OT intersect at V.

OV: OT=1:4
P
,
S
T
W",ok,AGEO,,signature,high,circle_equation,mapped_v1,False,,,exam,data\processed\ocr\text\2024_nov_p2_exam_maths_ocr.txt,ocr_good,[],175.0,2.0,2024_nov_p2_exam_maths__Q10__10.2,Euclidean Geometry,Circle geometry,context_inherit,inherit_prev_subq,medium,v1.2
2024,2024_nov_p2_exam_maths,P2,10.0,10.2.1,5.0,"10.2.1 Prove, with reasons, that OR : WS = 1:2 (5)",ok,EUCL,,signature,high,with_reasons,mapped_v1,False,,,exam,data\processed\ocr\text\2024_nov_p2_exam_maths_ocr.txt,ocr_good,[5],50.0,3.0,2024_nov_p2_exam_maths__Q10__10.2.1,Euclidean Geometry,Circle geometry,context_inherit,inherit_prev_subq,medium,v1.2
2024,2024_nov_p2_exam_maths,P2,10.0,10.2.2,15.0,"10.2.2 Calculate the length of PT if ST = 15 units. (4)

[15]

Copyright reserved Please turn over

Mathematics/P2",ok,FUNC,,signature,medium,nsc_length,mapped_v1,False,,,exam,data\processed\ocr\text\2024_nov_p2_exam_maths_ocr.txt,ocr_good,"[4, 15]",114.0,4.0,2024_nov_p2_exam_maths__Q10__10.2.2,Euclidean Geometry,Circle geometry,context_inherit,inherit_prev_subq,medium,v1.2
2024,2024_nov_p1_exam_maths,P1,11.0,11.2,,"11.2 Calculate the probability that a learner, chosen at random, will sit for examinations in
at least TWO of the subjects.",ok,PROB,,signature,medium,nsc_probability,mapped_v1,False,,,exam,data\processed\ocr\text\2024_nov_p1_exam_maths_ocr.txt,ocr_good,[],123.0,1.0,2024_nov_p1_exam_maths__Q11__11.2,Probability,Basic probability,rule,prob,high,v1.2
2024,2024_nov_p1_exam_maths,P1,11.0,11.3,,"11.3 Determine if the events: sitting for examinations in Mathematics and sitting for
examinations in Tourism are independent. Support your answer with the necessary
calculations.",ok,PROB,,signature,high,nsc_independent,mapped_v1,False,,,exam,data\processed\ocr\text\2024_nov_p1_exam_maths_ocr.txt,ocr_good,[],179.0,2.0,2024_nov_p1_exam_maths__Q11__11.3,Probability,Basic probability,context_inherit,inherit_prev_subq,medium,v1.2
2024,2024_nov_p2_exam_maths,P2,11.0,11.2,,11.2 Prove that AG.AD = AC.AF,ok,EUCL,,struct,medium,STRUCT_EUCL,mapped_v1,False,,,exam,data\processed\ocr\text\2024_nov_p2_exam_maths_ocr.txt,ocr_good,[],29.0,2.0,2024_nov_p2_exam_maths__Q11__11.2,Euclidean Geometry,Circle geometry,context_inherit,inherit_prev_subq,medium,v1.2
2024,2024_nov_p2_exam_maths,P2,11.0,11.3,,11.3 Prove that AAGF ||| AABC,ok,EUCL,,struct,medium,STRUCT_EUCL,mapped_v1,False,,,exam,data\processed\ocr\text\2024_nov_p2_exam_maths_ocr.txt,ocr_good,[],29.0,3.0,2024_nov_p2_exam_maths__Q11__11.3,Euclidean Geometry,Circle geometry,context_inherit,inherit_prev_subq,medium,v1.2
2024,2024_nov_p2_exam_maths,P2,11.0,11.4,20.0,"11.4 Prove that GF’ =

Copyright reserved

BC.FC.AF

AD

TOTAL:

(6)
(4)
(4)
(6)
[20]

150

Mathematics/P2 DBE/November 2024
NSC Confidential
INFORMATION SHEET
pnb tvb? = 4a0
2a
A= P(l+ni) A=P(\-ni) A= P(1~i)"" A= P(i+i)""
T,=a+(n-1)d 8, = 5 Rat (n—nd]
T, =ar""! S _ alr"" -1) sr#l S,= a 3 -l<r<l
, r-l -r

pass"" =! pawl +i""

i i

_ f(x+h)- f(x)
1 =|
#@) h30 h

xX, +X, V,+yV
d=\(%,—%) +(,-¥,)° M|/——3;4
2 2
yomxte y-y, =m(x—-x,) m= 221 m=tan@
Xy —X,

(x—a) +(y-b) =r?
be
snA sinB sinC

a =b? +c? —2be.cos A

a

In AABC:

1 :
area AABC = ec Cc
sin(a + £)=sina.cos B+cosa.sin §
cos (a + B)=cosa.cos # —sina.sin B
cos’ a—sin? @
cos 2a =41-2sin? a

2cos* a1

|

n

x=

n(A)

nS)

P(A)=

poatbx

Copyright reserved

sin (a ~ £)=sina.cos B—cosa.sin 8

cos(a ~ 8) =cosa.cos f +sina.sin 8
sin 2a = 2sina@.cosa

n

> (x; ~ x)’

— Jeb

co?

n

P(A or B) = P(A) + P(B) — P(A and B)

Xe -¥ky-Y)

po ews
Si@e- xy",ok,EUCL,,struct,medium,STRUCT_EUCL,mapped_v1,False,,,exam,data\processed\ocr\text\2024_nov_p2_exam_maths_ocr.txt,ocr_good,"[6, 4, 4, 6, 20]",896.0,4.0,2024_nov_p2_exam_maths__Q11__11.4,Trigonometry,Equations,rule,trig,high,v1.2
2024,2024_nov_p1_exam_maths,P1,12.0,12.2,,"12.2 Determine how many different codes can be formed if:
e = The letters D, F, I, Q, U and V may NOT be used
e The code may NOT start witha W ora Z
e Letters or digits may NOT be repeated
e = The code ends with an odd digit",ok,PROB,,signature,high,nsc_no_repeat,mapped_v1,False,,,exam,data\processed\ocr\text\2024_nov_p1_exam_maths_ocr.txt,ocr_good,[],224.0,2.0,2024_nov_p1_exam_maths__Q12__12.2,Probability,Basic probability,context_inherit,inherit_prev_subq,medium,v1.2
2024,2024_nov_p1_exam_maths,P1,12.0,12.3,,12.3 The company wishes to increase the number of 4-character codes formed in,ok,PROB,,signature,medium,nsc_code,mapped_v1,False,,,exam,data\processed\ocr\text\2024_nov_p1_exam_maths_ocr.txt,ocr_good,[],77.0,3.0,2024_nov_p1_exam_maths__Q12__12.3,Probability,Basic probability,context_inherit,inherit_prev_subq,medium,v1.2
2024,2024_nov_p1_exam_maths,P1,12.0,,4.0,"QUESTION 12.2 by allowing the letters D, F, I, Q, U and V to be used.
Calculate the percentage increase in the number of different codes that can now be
formed.

TOTAL:

Copyright reserved

(3)

(2)

(4)
19]

Q)

(4)

2)
[3]

150

Mathematics/P1 DBE/November 2024
NSC Confidential
INFORMATION SHEET
xe —bt Vb’ —4ac
2a
A= P(1+ni) A=P(\-ni) A= P(1-i)"" A= P(1+i)""
T,=a4+(n-l)d 8, =F fa+(n—na]
T, = ar"" S _ alr” -1) sre#l S,= a 3 -l<r<l
, r-1 Fr
posi 1 pa xia G+)""
i i
_ f(xth)- f(x)
“x)= 1
POs eh
+ +
d=, -%)""+0,-9)"" m(A%,%*2)
2 2
y=mx+e y-y, =m(x-x,) m= 221 m=tané
x —%

(x-a) +(y-bY =”?
5
sinB sinC

a c

In AABC: —
sin A

a =b’ +c? —2be.cos A

area AABC = 5 abesin C

sin(a + 8) =sina.cos f + cosa.sin 2
cos(a +) =cosa.cos f -sina.sin B
cos’ @—sin? a

cos2a =41-2sin’ a

2cos? a ~1

Copyright reserved

sin(a — 8)=sina.cos 8 -cosa.sin B

cos(a@~ B)=cosa.cos 8 +sina.sin B

sin 2a = 2sin @.cos @

¥ (x, - 3)
= ial

n

o

P(A ot B) = P(4) + P(B) — P(A and B)

> @-xky-y)

YS e- xP",ok,PROB,,signature,medium,nsc_code,mapped_v1,False,,,exam,data\processed\ocr\text\2024_nov_p1_exam_maths_ocr.txt,ocr_good,"[3, 2, 4, 4, 3, 4]",978.0,1.0,2024_nov_p1_exam_maths__Q12__main,Trigonometry,Equations,rule,trig,high,v1.2
2025,2025_nov_p1_exam_maths,P1,1.0,1.1.3,,1.1.3 8x? > 2x,ok,ALG,,struct,high,STRUCT_ALG,mapped_v1,False,,,exam,data\processed\ocr\text\2025_nov_p1_exam_maths_ocr.txt,ocr_good,[],14.0,2.0,2025_nov_p1_exam_maths__Q1__1.1.3,Trigonometry,Equations,context_inherit,inherit_prev_subq,medium,v1.2
2025,2025_nov_p1_exam_maths,P1,1.0,1.1.4,,"1.1.4 2.27* -9.2* +4=0

[ft 1",ok,,,unmapped,,,mapped_v1,False,,,exam,data\processed\ocr\text\2025_nov_p1_exam_maths_ocr.txt,ocr_good,[],29.0,3.0,2025_nov_p1_exam_maths__Q1__1.1.4,Trigonometry,Equations,context_inherit,inherit_prev_subq,medium,v1.2
2025,2025_nov_p1_exam_maths,P1,1.0,1.1.5,,"1.1.5 —+2=—=
x Vx",ok,,,unmapped,,,mapped_v1,False,,,exam,data\processed\ocr\text\2025_nov_p1_exam_maths_ocr.txt,ocr_good,[],17.0,4.0,2025_nov_p1_exam_maths__Q1__1.1.5,Trigonometry,Equations,context_inherit,inherit_prev_subq,medium,v1.2
2025,2025_nov_p1_exam_maths,P1,1.0,1.2,,"1.2 Calculate the values of x and y if:

e x isthe sum of 2 and y
e Five times the product of x and y, is 6 more than the square of x",ok,ALG,,signature,high,nsc_simul_x_y,mapped_v1,False,,,exam,data\processed\ocr\text\2025_nov_p1_exam_maths_ocr.txt,ocr_good,[],133.0,5.0,2025_nov_p1_exam_maths__Q1__1.2,Trigonometry,Equations,context_inherit,inherit_prev_subq,medium,v1.2
2025,2025_nov_p2_exam_maths,P2,1.0,1.1,,1.1 Determine the equation of the least squares regression line.,ok,STAT,,signature,high,regression,mapped_v1,False,,,exam,data\processed\ocr\text\2025_nov_p2_exam_maths_ocr.txt,ocr_good,[],64.0,1.0,2025_nov_p2_exam_maths__Q1__1.1,Statistics,Regression / correlation,rule,stats,high,v1.2
2025,2025_nov_p2_exam_maths,P2,1.0,1.2,,1.2 Predict the selling price of a similar car at this car dealership that is 5 years old.,ok,EUCL,,signature,high,similarity,mapped_v1,False,,,exam,data\processed\ocr\text\2025_nov_p2_exam_maths_ocr.txt,ocr_good,[],90.0,2.0,2025_nov_p2_exam_maths__Q1__1.2,Statistics,Regression / correlation,context_inherit,inherit_prev_subq,medium,v1.2
2025,2025_nov_p2_exam_maths,P2,1.0,1.3,,"1.3 Use the correlation coefficient to show whether the prediction made in QUESTION 1.2

is valid or not.",ok,STAT,,signature,high,correlation,mapped_v1,False,,,exam,data\processed\ocr\text\2025_nov_p2_exam_maths_ocr.txt,ocr_good,[],105.0,3.0,2025_nov_p2_exam_maths__Q1__1.3,Statistics,Regression / correlation,rule,stats,high,v1.2
2025,2025_nov_p2_exam_maths,P2,1.0,1.4,1.0,"1.4 Use the answer to QUESTION 1.1 to write down the estimated average yearly decrease

in the selling price of these 11 cars.

Copyright reserved

Please turn over

(3)
(2)

(2)

(1)
8]

Mathematics/P2 4 DBE/November 2025
NSC Confidential",ok,,,unmapped,,,mapped_v1,False,,,exam,data\processed\ocr\text\2025_nov_p2_exam_maths_ocr.txt,ocr_good,"[3, 2, 2, 1]",239.0,4.0,2025_nov_p2_exam_maths__Q1__1.4,Statistics,Regression / correlation,context_inherit,inherit_prev_subq,medium,v1.2
2025,2025_nov_p1_exam_maths,P1,2.0,2.1.1,,2.1.1 Show that t=—2,ok,,,unmapped,,,mapped_v1,False,,,exam,data\processed\ocr\text\2025_nov_p1_exam_maths_ocr.txt,ocr_good,[],20.0,2.0,2025_nov_p1_exam_maths__Q2__2.1.1,Trigonometry,Equations,context_inherit,inherit_prev_subq,medium,v1.2
2025,2025_nov_p1_exam_maths,P1,2.0,2.1.2,,"2.1.2 Calculate the value of 7,,. Write your answer in the form 7, = 5*",ok,,,unmapped,,,mapped_v1,False,,,exam,data\processed\ocr\text\2025_nov_p1_exam_maths_ocr.txt,ocr_good,[],71.0,3.0,2025_nov_p1_exam_maths__Q2__2.1.2,Trigonometry,Equations,context_inherit,inherit_prev_subq,medium,v1.2
2025,2025_nov_p1_exam_maths,P1,2.0,2.1.3,,"2.1.3 Calculate the sum of the infinite series.

U7",ok,SEQ,,signature,high,nsc_infinite_series,mapped_v1,False,,,exam,data\processed\ocr\text\2025_nov_p1_exam_maths_ocr.txt,ocr_good,[],51.0,4.0,2025_nov_p1_exam_maths__Q2__2.1.3,Number Patterns & Sequences,Arithmetic sequences,rule,seq,high,v1.2
2025,2025_nov_p1_exam_maths,P1,2.0,2.2,,"2.2 Given }'(4p-1)= 26 675
pak",ok,,,unmapped,,,mapped_v1,False,,,exam,data\processed\ocr\text\2025_nov_p1_exam_maths_ocr.txt,ocr_good,[],30.0,5.0,2025_nov_p1_exam_maths__Q2__2.2,Number Patterns & Sequences,Arithmetic sequences,context_inherit,inherit_prev_subq,medium,v1.2
2025,2025_nov_p1_exam_maths,P1,2.0,2.2.1,,"2.2.1 Write down the difference between 7 and 7),",ok,SEQ,,lexicon,medium,,mapped_v1,False,,,exam,data\processed\ocr\text\2025_nov_p1_exam_maths_ocr.txt,ocr_good,[],49.0,6.0,2025_nov_p1_exam_maths__Q2__2.2.1,Number Patterns & Sequences,Arithmetic sequences,context_inherit,inherit_prev_subq,medium,v1.2
2025,2025_nov_p1_exam_maths,P1,2.0,2.2.2,15.0,"2.2.2 Calculate the value of k.

Copyright reserved Please turn over

(2)
(4)
(4)
(4)

(5)

(6)
[25]

(3)
(3)
(2)

(2)

(5)
[15]

Mathematics/P1 4
NSC Confidential",ok,CALC,,lexicon,medium,,mapped_v1,False,,,exam,data\processed\ocr\text\2025_nov_p1_exam_maths_ocr.txt,ocr_good,"[2, 4, 4, 4, 5, 6, 3, 3, 2, 2, 5, 15]",163.0,7.0,2025_nov_p1_exam_maths__Q2__2.2.2,Number Patterns & Sequences,Arithmetic sequences,context_inherit,inherit_prev_subq,medium,v1.2
2025,2025_nov_p2_exam_maths,P2,2.0,2.1,,"2.1 The cumulative frequency table below shows the amount of time that people spent on
a particular website on a certain day.

TIME, ¢ CUMULATIVE
IN MINUTES FREQUENCY

0<1<20 16
0<1<40 40
0<t<60 59
0<t#<80 67

0<t¢<100 70",ok,STAT,,lexicon,medium,,mapped_v1,False,,,exam,data\processed\ocr\text\2025_nov_p2_exam_maths_ocr.txt,ocr_good,[],221.0,1.0,2025_nov_p2_exam_maths__Q2__2.1,Statistics,Regression / correlation,rule,stats,high,v1.2
2025,2025_nov_p2_exam_maths,P2,2.0,2.1.1,,2.1.1 How many people visited this website on that day? qd),ok,,,unmapped,,,mapped_v1,False,,,exam,data\processed\ocr\text\2025_nov_p2_exam_maths_ocr.txt,ocr_good,[],59.0,2.0,2025_nov_p2_exam_maths__Q2__2.1.1,Statistics,Regression / correlation,context_inherit,inherit_prev_subq,medium,v1.2
2025,2025_nov_p2_exam_maths,P2,2.0,2.1.2,2.0,"2.1.2 How many people spent more than 40 and up to 80 minutes on the
website? (2)",ok,STAT,,lexicon,medium,,mapped_v1,False,,,exam,data\processed\ocr\text\2025_nov_p2_exam_maths_ocr.txt,ocr_good,[2],81.0,3.0,2025_nov_p2_exam_maths__Q2__2.1.2,Statistics,Regression / correlation,context_inherit,inherit_prev_subq,medium,v1.2
2025,2025_nov_p2_exam_maths,P2,2.0,2.1.3,3.0,"2.1.3 Draw a histogram to represent the information provided in the cumulative
frequency table. (3)",ok,STAT,,lexicon,medium,,mapped_v1,False,,,exam,data\processed\ocr\text\2025_nov_p2_exam_maths_ocr.txt,ocr_good,[3],99.0,4.0,2025_nov_p2_exam_maths__Q2__2.1.3,Statistics,Regression / correlation,context_inherit,inherit_prev_subq,medium,v1.2
2025,2025_nov_p2_exam_maths,P2,2.0,2.1.4,,2.1.4 Comment on the skewness of the data. qd),ok,STAT,,lexicon,medium,,mapped_v1,False,,,exam,data\processed\ocr\text\2025_nov_p2_exam_maths_ocr.txt,ocr_good,[],46.0,5.0,2025_nov_p2_exam_maths__Q2__2.1.4,Statistics,Regression / correlation,context_inherit,inherit_prev_subq,medium,v1.2
2025,2025_nov_p2_exam_maths,P2,2.0,2.2,12.0,"2.2 There are 9 players in a basketball team. The coach calculated that on average, each

player scored 12 points during a game. The points scored by 8 of the 9 players from the
team is given below:

[+ f[s[»]»l*l»]? «|

How many players' points score was outside ONE standard deviation of the mean points
score? (5)
[12]

Copyright reserved Please turn over

Mathematics/P2 5 DBE/November 2025
NSC Confidential",ok,STAT,,signature,high,standard_dev,mapped_v1,False,,,exam,data\processed\ocr\text\2025_nov_p2_exam_maths_ocr.txt,ocr_good,"[5, 12]",411.0,6.0,2025_nov_p2_exam_maths__Q2__2.2,Statistics,Regression / correlation,rule,stats,high,v1.2
2025,2025_nov_p1_exam_maths,P1,3.0,3.1,,3.1 Calculate the depth of the torpedo at the end of the first 5 seconds.,ok,SEQ,,signature,high,nsc_first_5_seconds,mapped_v1,False,,,exam,data\processed\ocr\text\2025_nov_p1_exam_maths_ocr.txt,ocr_good,[],73.0,1.0,2025_nov_p1_exam_maths__Q3__3.1,Number Patterns & Sequences,Arithmetic sequences,rule,seq,high,v1.2
2025,2025_nov_p1_exam_maths,P1,3.0,3.2,,"3.2 Show that the depth of the torpedo at the end of seconds was 7, =—n’ +38n-1",ok,SEQ,,lexicon,medium,,mapped_v1,False,,,exam,data\processed\ocr\text\2025_nov_p1_exam_maths_ocr.txt,ocr_good,[],79.0,2.0,2025_nov_p1_exam_maths__Q3__3.2,Number Patterns & Sequences,Arithmetic sequences,rule,seq,high,v1.2
2025,2025_nov_p1_exam_maths,P1,3.0,3.3,,3.3 Calculate the maximum depth that the torpedo reached.,ok,SEQ,,signature,high,nsc_max_depth,mapped_v1,False,,,exam,data\processed\ocr\text\2025_nov_p1_exam_maths_ocr.txt,ocr_good,[],57.0,3.0,2025_nov_p1_exam_maths__Q3__3.3,Number Patterns & Sequences,Arithmetic sequences,rule,seq,high,v1.2
2025,2025_nov_p1_exam_maths,P1,3.0,3.4,10.0,"3.4 After how many seconds was the torpedo at 104 m_below sea level for the second
time?

Copyright reserved

Please turn over

(2)
(3)
(3)

Q)
[10]

Mathematics/P1 5 DBE/November 2025
NSC Confidential",ok,SEQ,,lexicon,medium,,mapped_v1,False,,,exam,data\processed\ocr\text\2025_nov_p1_exam_maths_ocr.txt,ocr_good,"[2, 3, 3, 10]",201.0,4.0,2025_nov_p1_exam_maths__Q3__3.4,Number Patterns & Sequences,Arithmetic sequences,rule,seq,high,v1.2
2025,2025_nov_p2_exam_maths,P2,3.0,3.1,2.0,3.1 Calculate the length of QR. Leave your answer in simplified surd form. (2),ok,FUNC,,signature,medium,nsc_length,mapped_v1,False,,,exam,data\processed\ocr\text\2025_nov_p2_exam_maths_ocr.txt,ocr_good,[2],78.0,1.0,2025_nov_p2_exam_maths__Q3__3.1,Algebra & Equations,Quadratic equations,rule,alg,medium,v1.2
2025,2025_nov_p2_exam_maths,P2,3.0,3.2,2.0,3.2 Calculate the gradient of QR. (2),ok,AGEO,,signature,high,gradient,mapped_v1,False,,,exam,data\processed\ocr\text\2025_nov_p2_exam_maths_ocr.txt,ocr_good,[2],37.0,2.0,2025_nov_p2_exam_maths__Q3__3.2,Analytical Geometry,Distance / midpoint / gradient,rule,anageo,high,v1.2
2025,2025_nov_p2_exam_maths,P2,3.0,3.3,2.0,3.3 Calculate the size of 6. (2),ok,,,unmapped,,,mapped_v1,False,,,exam,data\processed\ocr\text\2025_nov_p2_exam_maths_ocr.txt,ocr_good,[2],32.0,3.0,2025_nov_p2_exam_maths__Q3__3.3,Analytical Geometry,Distance / midpoint / gradient,context_inherit,inherit_prev_subq,medium,v1.2
2025,2025_nov_p2_exam_maths,P2,3.0,3.4,2.0,3.4 Determine the equation of QR. (2),ok,,,unmapped,,,mapped_v1,False,,,exam,data\processed\ocr\text\2025_nov_p2_exam_maths_ocr.txt,ocr_good,[2],37.0,4.0,2025_nov_p2_exam_maths__Q3__3.4,Analytical Geometry,Distance / midpoint / gradient,context_inherit,inherit_prev_subq,medium,v1.2
2025,2025_nov_p2_exam_maths,P2,3.0,3.5,2.0,"3.5 PQRS, in that order, is a parallelogram. Write down the coordinates of S. (2)",ok,FUNC,,signature,high,nsc_log_graph,mapped_v1,False,,,exam,data\processed\ocr\text\2025_nov_p2_exam_maths_ocr.txt,ocr_good,[2],81.0,5.0,2025_nov_p2_exam_maths__Q3__3.5,Analytical Geometry,Distance / midpoint / gradient,context_inherit,inherit_prev_subq,medium,v1.2
2025,2025_nov_p2_exam_maths,P2,3.0,3.6,5.0,3.6 T isa point on QR such that PT 1 QR. Calculate the coordinates of T. (5),ok,AGEO,,lexicon,medium,,mapped_v1,False,,,exam,data\processed\ocr\text\2025_nov_p2_exam_maths_ocr.txt,ocr_good,[5],76.0,6.0,2025_nov_p2_exam_maths__Q3__3.6,Analytical Geometry,Distance / midpoint / gradient,context_inherit,inherit_prev_subq,medium,v1.2
2025,2025_nov_p2_exam_maths,P2,3.0,3.7,18.0,"3.7 Calculate the area of parallelogram PQRS. (3)

[18]

Copyright reserved Please turn over

Mathematics/P2 6 DBE/November 2025

NSC Confidential",ok,FUNC,,signature,high,nsc_log_graph,mapped_v1,False,,,exam,data\processed\ocr\text\2025_nov_p2_exam_maths_ocr.txt,ocr_good,"[3, 18]",146.0,7.0,2025_nov_p2_exam_maths__Q3__3.7,Analytical Geometry,Distance / midpoint / gradient,context_inherit,inherit_prev_subq,medium,v1.2
2025,2025_nov_p1_exam_maths,P1,4.0,4.2,2.0,"4.2 Write down the coordinates of A. qd)
43 Determine the equation of f', the inverse of f£ inthe form y=... (2)",ok,FUNC,,signature,high,nsc_inverse,mapped_v1,False,,,exam,data\processed\ocr\text\2025_nov_p1_exam_maths_ocr.txt,ocr_good,[2],112.0,2.0,2025_nov_p1_exam_maths__Q4__4.2,Functions & Graphs,Graph interpretation,rule,fn,high,v1.2
2025,2025_nov_p1_exam_maths,P1,4.0,4.4,,4.4 Write down the equation of the asymptote of f™ q),ok,FUNC,,signature,high,asymptotes,mapped_v1,False,,,exam,data\processed\ocr\text\2025_nov_p1_exam_maths_ocr.txt,ocr_good,[],53.0,3.0,2025_nov_p1_exam_maths__Q4__4.4,Functions & Graphs,Graph interpretation,rule,fn,high,v1.2
2025,2025_nov_p1_exam_maths,P1,4.0,4.5,,"4.5 Draw the graph of f' on the set of axes provided in the ANSWER BOOK. Clearly
indicate the intercepts with the axes, the coordinates of ONE other point and the
asymptotes. (GB)",ok,FUNC,,signature,high,asymptotes,mapped_v1,False,,,exam,data\processed\ocr\text\2025_nov_p1_exam_maths_ocr.txt,ocr_good,[],179.0,4.0,2025_nov_p1_exam_maths__Q4__4.5,Functions & Graphs,Graph interpretation,rule,fn,high,v1.2
2025,2025_nov_p1_exam_maths,P1,4.0,4.6,10.0,"4.6 The graph of h is obtained when /~ is translated 5 units to the right. Determine the
p-values of h where x>4. (2)

[10]

Copyright reserved Please turn over

Mathematics/P1 6 DBE/November 2025
NSC Confidential",ok,FUNC,,signature,high,nsc_translation,mapped_v1,False,,,exam,data\processed\ocr\text\2025_nov_p1_exam_maths_ocr.txt,ocr_good,"[2, 10]",213.0,5.0,2025_nov_p1_exam_maths__Q4__4.6,Functions & Graphs,Graph interpretation,rule,fn,high,v1.2
2025,2025_nov_p2_exam_maths,P2,4.0,4.2,,"4.2

43

44",ok,,,unmapped,,,mapped_v1,False,,,exam,data\processed\ocr\text\2025_nov_p2_exam_maths_ocr.txt,ocr_good,[],11.0,2.0,2025_nov_p2_exam_maths__Q4__4.2,Analytical Geometry,Distance / midpoint / gradient,context_inherit,inherit_prev_subq,medium,v1.2
2025,2025_nov_p2_exam_maths,P2,4.0,4.5,,4.5,ok,,,unmapped,,,mapped_v1,False,,,exam,data\processed\ocr\text\2025_nov_p2_exam_maths_ocr.txt,ocr_good,[],3.0,3.0,2025_nov_p2_exam_maths__Q4__4.5,Analytical Geometry,Distance / midpoint / gradient,context_inherit,inherit_prev_subq,medium,v1.2
2025,2025_nov_p2_exam_maths,P2,4.0,4.6,,4.6,ok,,,unmapped,,,mapped_v1,False,,,exam,data\processed\ocr\text\2025_nov_p2_exam_maths_ocr.txt,ocr_good,[],3.0,4.0,2025_nov_p2_exam_maths__Q4__4.6,Analytical Geometry,Distance / midpoint / gradient,context_inherit,inherit_prev_subq,medium,v1.2
2025,2025_nov_p2_exam_maths,P2,4.0,4.7,,4.7,ok,,,unmapped,,,mapped_v1,False,,,exam,data\processed\ocr\text\2025_nov_p2_exam_maths_ocr.txt,ocr_good,[],3.0,5.0,2025_nov_p2_exam_maths__Q4__4.7,Analytical Geometry,Distance / midpoint / gradient,context_inherit,inherit_prev_subq,medium,v1.2
2025,2025_nov_p2_exam_maths,P2,4.0,4.8,4.0,"4.8

+

y

Write down the value of p.
Show that ¢ = 4.

Determine the equation of the circle in the form (x -a) +(y- by =r.

Ree

If the circle is translated 2 units to the left, determine the minimum distance between

the circle and the y-axis.
Calculate the coordinates of A and B.
Determine the equation of tangent BC.

Write down the coordinates of C.

Calculate the size of ACB.

Copyright reserved

Please turn over

(1),
(4)
(2)

(1)
(3)
(4)
(2)

(4)
[21]

Mathematics/P2 7 DBE/November 2025
NSC Confidential",ok,CALC,,signature,high,tangent_gradient,mapped_v1,False,,,exam,data\processed\ocr\text\2025_nov_p2_exam_maths_ocr.txt,ocr_good,"[1, 4, 2, 1, 3, 4, 2, 4]",515.0,6.0,2025_nov_p2_exam_maths__Q4__4.8,Functions & Graphs,Graph interpretation,rule,fn,high,v1.2
2025,2025_nov_p1_exam_maths,P1,5.0,5.1,1.0,5.1 Write down the domain of g. (1),ok,FUNC,,signature,high,nsc_domain,mapped_v1,False,,,exam,data\processed\ocr\text\2025_nov_p1_exam_maths_ocr.txt,ocr_good,[1],35.0,1.0,2025_nov_p1_exam_maths__Q5__5.1,Functions & Graphs,Graph interpretation,rule,fn,high,v1.2
2025,2025_nov_p1_exam_maths,P1,5.0,5.2,1.0,5.2 Write down the range of /- (1),ok,FUNC,,signature,high,nsc_range,mapped_v1,False,,,exam,data\processed\ocr\text\2025_nov_p1_exam_maths_ocr.txt,ocr_good,[1],34.0,2.0,2025_nov_p1_exam_maths__Q5__5.2,Functions & Graphs,Graph interpretation,rule,fn,high,v1.2
2025,2025_nov_p1_exam_maths,P1,5.0,5.3,,5.3 Determine the values of x for which:,ok,,,unmapped,,,mapped_v1,False,,,exam,data\processed\ocr\text\2025_nov_p1_exam_maths_ocr.txt,ocr_good,[],40.0,3.0,2025_nov_p1_exam_maths__Q5__5.3,Functions & Graphs,Graph interpretation,context_inherit,inherit_prev_subq,medium,v1.2
2025,2025_nov_p1_exam_maths,P1,5.0,5.3.1,2.0,5.3.1 2(x)< f(x) (2),ok,,,unmapped,,,mapped_v1,False,,,exam,data\processed\ocr\text\2025_nov_p1_exam_maths_ocr.txt,ocr_good,[2],20.0,4.0,2025_nov_p1_exam_maths__Q5__5.3.1,Functions & Graphs,Graph interpretation,context_inherit,inherit_prev_subq,medium,v1.2
2025,2025_nov_p1_exam_maths,P1,5.0,5.3.2,2.0,5.3.2 f(x) <6 (2),ok,,,unmapped,,,mapped_v1,False,,,exam,data\processed\ocr\text\2025_nov_p1_exam_maths_ocr.txt,ocr_good,[2],17.0,5.0,2025_nov_p1_exam_maths__Q5__5.3.2,Functions & Graphs,Graph interpretation,context_inherit,inherit_prev_subq,medium,v1.2
2025,2025_nov_p1_exam_maths,P1,5.0,5.4,3.0,5.4 Show that the equation of the parabolais f(x) = 5? +3x +2 (3),ok,FUNC,,signature,high,parabola,mapped_v1,False,,,exam,data\processed\ocr\text\2025_nov_p1_exam_maths_ocr.txt,ocr_good,[3],65.0,6.0,2025_nov_p1_exam_maths__Q5__5.4,Functions & Graphs,Graph interpretation,rule,fn,high,v1.2
2025,2025_nov_p1_exam_maths,P1,5.0,5.5,6.0,5.5 Calculate the length of MT. (6),ok,FUNC,,signature,high,nsc_length_mt,mapped_v1,False,,,exam,data\processed\ocr\text\2025_nov_p1_exam_maths_ocr.txt,ocr_good,[6],35.0,7.0,2025_nov_p1_exam_maths__Q5__5.5,Functions & Graphs,Graph interpretation,context_inherit,inherit_prev_subq,medium,v1.2
2025,2025_nov_p1_exam_maths,P1,5.0,5.6,18.0,"5.6 Determine the equation of the tangent to f at D. (3)

[18]

Copyright reserved Please turn over

Mathematics/P1 7 DBE/November 2025
NSC Confidential",ok,CALC,,signature,high,tangent_gradient,mapped_v1,False,,,exam,data\processed\ocr\text\2025_nov_p1_exam_maths_ocr.txt,ocr_good,"[3, 18]",152.0,8.0,2025_nov_p1_exam_maths__Q5__5.6,Calculus,Cubic graphs,rule,calc_more,high,v1.2
2025,2025_nov_p2_exam_maths,P2,5.0,5.1,,5.1 It is given that tan 50° =k. Express EACH of the following in terms of £:,ok,SEQ,,signature,high,nsc_sigma_pk,mapped_v1,False,,,exam,data\processed\ocr\text\2025_nov_p2_exam_maths_ocr.txt,ocr_good,[],77.0,1.0,2025_nov_p2_exam_maths__Q5__5.1,Trigonometry,Equations,rule,trig,high,v1.2
2025,2025_nov_p2_exam_maths,P2,5.0,5.1.3,4.0,"5.1.3 sin 10° (4)
i Oo Oo
PP Given: sin (540 £2).cos(0 +x)
sin(—x)",ok,TRIG,,lexicon,medium,,mapped_v1,False,,,exam,data\processed\ocr\text\2025_nov_p2_exam_maths_ocr.txt,ocr_good,[4],66.0,3.0,2025_nov_p2_exam_maths__Q5__5.1.3,Trigonometry,Equations,rule,trig,high,v1.2
2025,2025_nov_p2_exam_maths,P2,5.0,5.11,5.0,"5.11 cos 40° (2)
512 2sin 25°.cos 25° (5)
—2+4sin’ 25°",ok,TRIG,,lexicon,medium,,mapped_v1,False,,,exam,data\processed\ocr\text\2025_nov_p2_exam_maths_ocr.txt,ocr_good,"[2, 5]",54.0,2.0,2025_nov_p2_exam_maths__Q5__5.11,Trigonometry,Equations,rule,trig,high,v1.2
2025,2025_nov_p2_exam_maths,P2,5.0,5.2.1,4.0,5.2.1 Simplify the expression above fully to a single trigonometric ratio. (4),ok,TRIG,,lexicon,medium,,mapped_v1,False,,,exam,data\processed\ocr\text\2025_nov_p2_exam_maths_ocr.txt,ocr_good,[4],78.0,4.0,2025_nov_p2_exam_maths__Q5__5.2.1,Trigonometry,Equations,rule,trig,high,v1.2
2025,2025_nov_p2_exam_maths,P2,5.0,5.2.2,17.0,"5.2.2 Hence, determine the values of x in the interval x <[0°;360°] for which
in(540°+ x). 90°+
cat ea] gos(0""+2)! val beveal. (2)
sin(-x)
[17]",ok,TRIG,,lexicon,medium,,mapped_v1,False,,,exam,data\processed\ocr\text\2025_nov_p2_exam_maths_ocr.txt,ocr_good,"[2, 17]",143.0,5.0,2025_nov_p2_exam_maths__Q5__5.2.2,Trigonometry,Equations,rule,trig,high,v1.2
2025,2025_nov_p1_exam_maths,P1,6.0,6.2,5.0,"6.2 Graph g intersects the horizontal asymptote of graph f at x=1 and the graph f at
x=3. Graphs f and g also intersect on the y-axis. Determine the equation of f (5)",ok,FUNC,,signature,high,asymptotes,mapped_v1,False,,,exam,data\processed\ocr\text\2025_nov_p1_exam_maths_ocr.txt,ocr_good,[5],166.0,2.0,2025_nov_p1_exam_maths__Q6__6.2,Functions & Graphs,Graph interpretation,rule,fn,high,v1.2
2025,2025_nov_p1_exam_maths,P1,6.0,6.3,8.0,"6.3 Describe the transformation that g must undergo to become an axis of symmetry of f
that cuts f at two points. (2)
[8]

Copyright reserved Please turn over

Mathematics/P1 8 DBE/November 2025
NSC Confidential",ok,,,unmapped,,,mapped_v1,False,,,exam,data\processed\ocr\text\2025_nov_p1_exam_maths_ocr.txt,ocr_good,"[2, 8]",211.0,3.0,2025_nov_p1_exam_maths__Q6__6.3,Functions & Graphs,Graph interpretation,context_inherit,inherit_prev_subq,medium,v1.2
2025,2025_nov_p2_exam_maths,P2,6.0,6.1,6.0,"6.1 Prove that: [ tan (180°- x)] (1 —cos x) + cos’ x= (6)
—cos x",ok,EUCL,,struct,medium,STRUCT_EUCL,mapped_v1,False,,,exam,data\processed\ocr\text\2025_nov_p2_exam_maths_ocr.txt,ocr_good,[6],64.0,1.0,2025_nov_p2_exam_maths__Q6__6.1,Trigonometry,Equations,rule,trig,high,v1.2
2025,2025_nov_p2_exam_maths,P2,6.0,6.2,13.0,"6.2 It is given that sin’ x ; cos’x and ssi 2x are the first three terms of an arithmetic
sequence. The constant difference of the arithmetic sequence is NOT zero.
Determine the general solution for x. (7)
[13]

Copyright reserved Please turn over

Mathematics/P2 8 DBE/November 2025
NSC Confidential",ok,SEQ,,signature,high,nsc_arithmetic_seq,mapped_v1,False,,,exam,data\processed\ocr\text\2025_nov_p2_exam_maths_ocr.txt,ocr_good,"[7, 13]",300.0,2.0,2025_nov_p2_exam_maths__Q6__6.2,Trigonometry,Equations,rule,trig,high,v1.2
2025,2025_nov_p1_exam_maths,P1,7.0,7.2,4.0,"7.2 Sarah opened a savings account that paid interest at a rate of 5,8% p.a., compounded

quarterly. She deposited R2 300 into the account on 1 January 2020 and continued to
make deposits of R2 300 at the beginning of each quarter thereafter. She made her last
deposit on 1 October 2025. Calculate the accumulated amount in the account on
1 January 2026. (4)

73 The bank granted Rajesh a loan of R900 000 on 28 February 2024 at an interest rate of
6,8% p.a., compounded monthly.",ok,FIN,,signature,high,nsc_loan,mapped_v1,False,,,exam,data\processed\ocr\text\2025_nov_p1_exam_maths_ocr.txt,ocr_good,[4],479.0,1.0,2025_nov_p1_exam_maths__Q7__7.2,Finance,Compound interest,rule,fin,high,v1.2
2025,2025_nov_p1_exam_maths,P1,7.0,7.3.1,15.0,"7.3.1 Rajesh was unable to make the first three payments. He made his first
repayment of R10 000 on 30 June 2024. He continued to make monthly
repayments of R10 000 at the end of each month thereafter. How long, in
completed months, will it take Rajesh to repay the loan from the time the

loan was granted? (5)
73.2 Calculate the value of the final payment. (4)
[15]",ok,FIN,,signature,high,nsc_loan,mapped_v1,False,,,exam,data\processed\ocr\text\2025_nov_p1_exam_maths_ocr.txt,ocr_good,"[5, 4, 15]",367.0,2.0,2025_nov_p1_exam_maths__Q7__7.3.1,Finance,Compound interest,rule,fin,high,v1.2
2025,2025_nov_p2_exam_maths,P2,7.0,7.2,10.0,"7.2 On the set of axes provided in the ANSWER BOOK, draw the graph of
g(x)=tan2x-1 for xe[-135°; 135°]. (3)
73 Graph /f is translated 45° to the left to form graph h. Determine the equation of h
in its simplest form. (1)
74 Write down the range of h. (1)
75 Determine the values of x for which (1—tan2x)(cos2x)>0 in the interval
x [0° ; 135°]. (4)
[10]

Copyright reserved Please turn over

Mathematics/P2 9 DBE/November 2025

NSC Confidential",ok,FUNC,,signature,high,nsc_translation,mapped_v1,False,,,exam,data\processed\ocr\text\2025_nov_p2_exam_maths_ocr.txt,ocr_good,"[3, 1, 1, 4, 10]",443.0,1.0,2025_nov_p2_exam_maths__Q7__7.2,Functions & Graphs,Graph interpretation,rule,fn,high,v1.2
2025,2025_nov_p1_exam_maths,P1,8.0,8.1,4.0,8.1 Determine /‘(x) from first principles if it is given that f(x)=-2x+3. (4),ok,CALC,,signature,high,nsc_first_principles,mapped_v1,False,,,exam,data\processed\ocr\text\2025_nov_p1_exam_maths_ocr.txt,ocr_good,[4],77.0,1.0,2025_nov_p1_exam_maths__Q8__8.1,Calculus,First principles,rule,calc_fp,high,v1.2
2025,2025_nov_p1_exam_maths,P1,8.0,8.2,,8.2 Determine:,ok,,,unmapped,,,mapped_v1,False,,,exam,data\processed\ocr\text\2025_nov_p1_exam_maths_ocr.txt,ocr_good,[],14.0,2.0,2025_nov_p1_exam_maths__Q8__8.2,Calculus,First principles,context_inherit,inherit_prev_subq,medium,v1.2
2025,2025_nov_p1_exam_maths,P1,8.0,8.2.1,10.0,"8.2.1 g(x) if g(x)=-3x* +2x (2)
22S if y- ue (4)
[10]

Copyright reserved Please turn over

Mathematics/P1 9 DBE/November 2025

NSC Confidential",ok,CALC,,lexicon,medium,,mapped_v1,False,,,exam,data\processed\ocr\text\2025_nov_p1_exam_maths_ocr.txt,ocr_good,"[2, 4, 10]",144.0,3.0,2025_nov_p1_exam_maths__Q8__8.2.1,Calculus,First principles,context_inherit,inherit_prev_subq,medium,v1.2
2025,2025_nov_p2_exam_maths,P2,8.0,8.2,,8.2,ok,,,unmapped,,,mapped_v1,False,,,exam,data\processed\ocr\text\2025_nov_p2_exam_maths_ocr.txt,ocr_good,[],3.0,2.0,2025_nov_p2_exam_maths__Q8__8.2,Functions & Graphs,Graph interpretation,context_inherit,inherit_prev_subq,medium,v1.2
2025,2025_nov_p2_exam_maths,P2,8.0,8.3,,8.3,ok,,,unmapped,,,mapped_v1,False,,,exam,data\processed\ocr\text\2025_nov_p2_exam_maths_ocr.txt,ocr_good,[],3.0,3.0,2025_nov_p2_exam_maths__Q8__8.3,Functions & Graphs,Graph interpretation,context_inherit,inherit_prev_subq,medium,v1.2
2025,2025_nov_p2_exam_maths,P2,8.0,8.4,4.0,"8.4

BKLC isa horizontal base having KBC=104° and BKC =52,6°.

The rectangular backdrop, ABCD, is vertical to the horizontal base and must have an area
of 648 cm’.

The sides of ABCD must be in the ratio AB: BC=1: 2.

The stage must be partly enclosed with triangular sides ABK and DCL.

Area = 648 em

K L

Show that AB = 18 cm. (2)
Calculate the length of AC. (2)
Calculate the length of diagonal KC. (2)
If AB=BK, calculate the size of KAC. (4)

[10}

Copyright reserved Please tum over

Mathematics/P2 10 DBE/November 2025
NSC Confidential

Provide reasons for your statements in QUESTIONS 9, 10 and 11.",ok,FUNC,,signature,medium,nsc_length,mapped_v1,False,,,exam,data\processed\ocr\text\2025_nov_p2_exam_maths_ocr.txt,ocr_good,"[2, 2, 2, 4]",607.0,4.0,2025_nov_p2_exam_maths__Q8__8.4,Functions & Graphs,Graph interpretation,context_inherit,inherit_prev_subq,medium,v1.2
2025,2025_nov_p1_exam_maths,P1,9.0,9.2,,9.2,ok,,,unmapped,,,mapped_v1,False,,,exam,data\processed\ocr\text\2025_nov_p1_exam_maths_ocr.txt,ocr_good,[],3.0,2.0,2025_nov_p1_exam_maths__Q9__9.2,Calculus,First principles,context_inherit,inherit_prev_subq,medium,v1.2
2025,2025_nov_p1_exam_maths,P1,9.0,9.3,,9.3,ok,,,unmapped,,,mapped_v1,False,,,exam,data\processed\ocr\text\2025_nov_p1_exam_maths_ocr.txt,ocr_good,[],3.0,3.0,2025_nov_p1_exam_maths__Q9__9.3,Calculus,First principles,context_inherit,inherit_prev_subq,medium,v1.2
2025,2025_nov_p1_exam_maths,P1,9.0,9.4,17.0,"9.4

Copyright reserved

Calculate the coordinates of E.
For which values of x is f concave down?

The coordinates of B are (2; 0). Use the graph to determine the values of x for which
S@).f “<0

For which values of ¢ will y=-—llx+¢ intersect f at 3 distinct points?

Please turn over

(4)
@)

(4)

(6)
[17]

Mathematics/P 1 10 DBE/November 2025
NSC Confidential",ok,CALC,,signature,high,nsc_concave,mapped_v1,False,,,exam,data\processed\ocr\text\2025_nov_p1_exam_maths_ocr.txt,ocr_good,"[4, 4, 6, 17]",362.0,4.0,2025_nov_p1_exam_maths__Q9__9.4,Calculus,Cubic graphs,rule,calc_more,high,v1.2
2025,2025_nov_p2_exam_maths,P2,9.0,9.2,,"9.2 In the diagram, O is the centre of the circle. POF is the diameter of the circle and
MF is a tangent to the circle at F. OM cuts the circle at L. P=32°,

P
32°
1
2 oO
L
M F
Calculate, with reasons, the size of:",ok,EUCL,,signature,high,with_reasons,mapped_v1,False,,,exam,data\processed\ocr\text\2025_nov_p2_exam_maths_ocr.txt,ocr_good,[],214.0,2.0,2025_nov_p2_exam_maths__Q9__9.2,Calculus,Cubic graphs,rule,calc_more,high,v1.2
2025,2025_nov_p2_exam_maths,P2,9.0,9.2.1,2.0,"9.2.1 0, (2)",ok,,,unmapped,,,mapped_v1,False,,,exam,data\processed\ocr\text\2025_nov_p2_exam_maths_ocr.txt,ocr_good,[2],12.0,3.0,2025_nov_p2_exam_maths__Q9__9.2.1,Calculus,Cubic graphs,context_inherit,inherit_prev_subq,medium,v1.2
2025,2025_nov_p2_exam_maths,P2,9.0,9.2.2,10.0,"9.2.2 M (3)

[10]

Copyright reserved Please turn over

Mathematics/P2 12
NSC Confidential",ok,,,unmapped,,,mapped_v1,False,,,exam,data\processed\ocr\text\2025_nov_p2_exam_maths_ocr.txt,ocr_good,"[3, 10]",90.0,4.0,2025_nov_p2_exam_maths__Q9__9.2.2,Calculus,Cubic graphs,context_inherit,inherit_prev_subq,medium,v1.2
2025,2025_nov_p1_exam_maths,P1,10.0,10.1,,"10.1 Show that the volume of the cylinder is given by V = a
4n An",ok,,,unmapped,,,mapped_v1,False,,,exam,data\processed\ocr\text\2025_nov_p1_exam_maths_ocr.txt,ocr_good,[],65.0,1.0,2025_nov_p1_exam_maths__Q10__10.1,Calculus,Cubic graphs,rule,calc_more,high,v1.2
2025,2025_nov_p1_exam_maths,P1,10.0,10.2,6.0,"10.2 Calculate the value of x that will maximise the volume of the cylinder. (3)

[6]

Copyright reserved Please turn over

Mathematics/P1 11 DBE/November 2025
NSC Confidential",ok,CALC,,signature,high,nsc_maximise,mapped_v1,False,,,exam,data\processed\ocr\text\2025_nov_p1_exam_maths_ocr.txt,ocr_good,"[3, 6]",176.0,2.0,2025_nov_p1_exam_maths__Q10__10.2,Calculus,Cubic graphs,rule,calc_more,high,v1.2
2025,2025_nov_p2_exam_maths,P2,10.0,10.2,,10.2 Prove that PQ || SR.,ok,EUCL,,struct,medium,STRUCT_EUCL,mapped_v1,False,,,exam,data\processed\ocr\text\2025_nov_p2_exam_maths_ocr.txt,ocr_good,[],25.0,2.0,2025_nov_p2_exam_maths__Q10__10.2,Calculus,Cubic graphs,context_inherit,inherit_prev_subq,medium,v1.2
2025,2025_nov_p2_exam_maths,P2,10.0,10.3,8.0,"10.3 Prove that PT is a diameter of the circle.

Copyright reserved

Please turn over

(3)
(3)

(2)
[8]

Mathematics/P2 13 DBE/November 2025
NSC Confidential",ok,AGEO,,signature,high,circle_equation,mapped_v1,False,,,exam,data\processed\ocr\text\2025_nov_p2_exam_maths_ocr.txt,ocr_good,"[3, 3, 2, 8]",157.0,3.0,2025_nov_p2_exam_maths__Q10__10.3,Calculus,Cubic graphs,context_inherit,inherit_prev_subq,medium,v1.2
2025,2025_nov_p1_exam_maths,P1,11.0,11.1.1,3.0,11.1.1 The events male and preferring juice are independent. Show that e = 84. (3),ok,PROB,,signature,high,nsc_independent,mapped_v1,False,,,exam,data\processed\ocr\text\2025_nov_p1_exam_maths_ocr.txt,ocr_good,[3],82.0,2.0,2025_nov_p1_exam_maths__Q11__11.1.1,Calculus,Cubic graphs,context_inherit,inherit_prev_subq,medium,v1.2
2025,2025_nov_p1_exam_maths,P1,11.0,11.1.2,3.0,"11.1.2 Calculate the probability that a female learner, chosen at random from the
group, will like energy drinks. (3)",ok,PROB,,signature,medium,nsc_probability,mapped_v1,False,,,exam,data\processed\ocr\text\2025_nov_p1_exam_maths_ocr.txt,ocr_good,[3],117.0,3.0,2025_nov_p1_exam_maths__Q11__11.1.2,Probability,Basic probability,rule,prob,high,v1.2
2025,2025_nov_p1_exam_maths,P1,11.0,11.2,4.0,"11.2 At a kiosk, 120 people buy either a cup of coffee or a bottle of water. The chance of
rain on any given day is 75%. The chance of a person buying a cup of coffee on a rainy
day is three times the chance of the person buying coffee on a non-rainy day.

The probability of a person buying coffee on any given day is =.
Calculate the number of cups of coffee that will be sold on a non-rainy day. (4)",ok,PROB,,signature,medium,nsc_probability,mapped_v1,False,,,exam,data\processed\ocr\text\2025_nov_p1_exam_maths_ocr.txt,ocr_good,[4],402.0,4.0,2025_nov_p1_exam_maths__Q11__11.2,Probability,Basic probability,context_inherit,inherit_prev_subq,medium,v1.2
2025,2025_nov_p1_exam_maths,P1,11.0,11.3,,"11.3 Eight runners compete in a race where there are no tied finishes. Bongi and Andrew are
two of the competitors.",ok,,,unmapped,,,mapped_v1,False,,,exam,data\processed\ocr\text\2025_nov_p1_exam_maths_ocr.txt,ocr_good,[],115.0,5.0,2025_nov_p1_exam_maths__Q11__11.3,Probability,Basic probability,context_inherit,inherit_prev_subq,medium,v1.2
2025,2025_nov_p1_exam_maths,P1,11.0,11.3.1,2.0,"11.3.1 Calculate the total number of possible ways in which the 8 runners can
finish the race if Bongi finishes in a position immediately after Andrew. (2)",ok,PROB,,signature,high,nsc_counting,mapped_v1,False,,,exam,data\processed\ocr\text\2025_nov_p1_exam_maths_ocr.txt,ocr_good,[2],155.0,6.0,2025_nov_p1_exam_maths__Q11__11.3.1,Probability,Basic probability,context_inherit,inherit_prev_subq,medium,v1.2
2025,2025_nov_p1_exam_maths,P1,11.0,11.3.2,16.0,"11.3.2 Calculate the probability that TWO OR MORE runners finish the race after
Andrew and before Bongi. (4)
[16]

TOTAL: 150

Copyright reserved

Mathematics/P1

DBE/November 2025

NSC Confidential

INFORMATION SHEET
ear tv b* — 4ac
2a
A=P(1+ni) A=P(i-ni) A=P(-i)"" A=P(+i)""
T, =a+(n-1)d S, = Fa + (n—-Dd]
T, =ar""™"" Ss _ al"" -1) srHl S,= é 3 -I<r<l
"" r-l l-r
pats -1 pa xlat+iy""
i i
. h)- f(x)
(x) = 1 S (xt
a
X, +X. +
d= (, —x%,) +0,-¥) m( i ra %)
2 2
yomxte y~y, =m(x-x,) m= 22H m= tan 0
Xx. —X,

(x-a) +(y-by =r?
aq b __¢
snA sinB sinC

In AABC:
a’ =b’ +c? -2be.cos A
area AABC = sabsin€

sin(a + B)=sina.cos £ + cosa.sin B

cos(a + 8)=cosa@.cos f ~sina.sin B
cos’ a—sin’ a

cos2a =41-2sin’ a

2cos’ a—-1

Copyright reserved

sin (a@ -£) = sin a.cos 8-cosa.sin B

cos(a~- 8) =cosa.cos B +sina.sin B

sin 2a = 2sin a.cos a

n

> @,-¥""

o = tL
n

P(A ot B) = P(A) + P(B) — P(A and B)

dX @-*)o-y~

Ye",ok,PROB,,signature,medium,nsc_probability,mapped_v1,False,,,exam,data\processed\ocr\text\2025_nov_p1_exam_maths_ocr.txt,ocr_good,"[4, 16]",901.0,7.0,2025_nov_p1_exam_maths__Q11__11.3.2,Trigonometry,Equations,rule,trig,high,v1.2
2025,2025_nov_p2_exam_maths,P2,11.0,11.1.3,,"11.1.3 ——_——— 4
Area of GFDA

Copyright reserved Please turn over

Mathematics/P2 14 DBE/November 2025
NSC Confidential",ok,,,unmapped,,,mapped_v1,False,,,exam,data\processed\ocr\text\2025_nov_p2_exam_maths_ocr.txt,ocr_good,[],119.0,2.0,2025_nov_p2_exam_maths__Q11__11.1.3,Calculus,Cubic graphs,context_inherit,inherit_prev_subq,medium,v1.2
2025,2025_nov_p2_exam_maths,P2,11.0,11.2,,"11.2 In the diagram, WVZR is a cyclic quadrilateral. RZ is produced to Q. A tangent is
drawn from Q to touch the circle at S. WV is produced to E, a point on ZQ.
RW produced meets ZV produced in P. PQ || WE. RS and ZS are drawn.

P

Q

Prove, with reasons, that:

_ PW.QR",ok,EUCL,,signature,high,with_reasons,mapped_v1,False,,,exam,data\processed\ocr\text\2025_nov_p2_exam_maths_ocr.txt,ocr_good,[],271.0,3.0,2025_nov_p2_exam_maths__Q11__11.2,Euclidean Geometry,Circle geometry,rule,euclid,high,v1.2
2025,2025_nov_p2_exam_maths,P2,11.0,11.2.1,2.0,11.2.1 PR cE (2),ok,,,unmapped,,,mapped_v1,False,,,exam,data\processed\ocr\text\2025_nov_p2_exam_maths_ocr.txt,ocr_good,[2],16.0,4.0,2025_nov_p2_exam_maths__Q11__11.2.1,Euclidean Geometry,Circle geometry,context_inherit,inherit_prev_subq,medium,v1.2
2025,2025_nov_p2_exam_maths,P2,11.0,11.2.2,3.0,"11.2.2 If APQZ||| ARQP, then PQ? =RQ.QZ (1)
11.2.3. AQSZ ||| AQRS (3)",ok,,,unmapped,,,mapped_v1,False,,,exam,data\processed\ocr\text\2025_nov_p2_exam_maths_ocr.txt,ocr_good,"[1, 3]",69.0,5.0,2025_nov_p2_exam_maths__Q11__11.2.2,Euclidean Geometry,Circle geometry,context_inherit,inherit_prev_subq,medium,v1.2
2025,2025_nov_p2_exam_maths,P2,11.0,11.2.4,4.0,"11.2.4 PQ=QS (3)
125 PW= a (4)
[23]

TOTAL: 150

Copyright reserved

Mathematics/P2

DBE/November 2025

NSC Confidential

INFORMATION SHEET
ea bt ve’ —4ac
2a
A=P( 4ni) A= P(\-ni) 4=P(-i"" A= P(+i)""
T, =a+{n-1)d 8, => Rat (-Dd]

T, =ar™"" 5-0 =) grat S,=—

r-1

p= x= (4 i)”

lx) = Jim LEV -L@)
H9= py

i
d= \(%, -x,) +0 -y,y

yemxtc y-y, =m(x-m)

(x-a) +(y-by =P?

In AaBc: 2 =? = ©
snA sinB sinC

a’? =b’ +e? —2be.cos A

area AABC = ab.sinC

sin (@ + B) =sina.cos 8 +cosa.sin B

cos(@+ B) =cosa..cos # -sina.sin B
cos’ a—sin’ @

cos2a@ =41-2sin’ @

2cos’ a-1

Copyright reserved

3 -l<r<l
l-r
X, +X, W+tY,
2° 2
m=22-""1 m=tan@
xy %

sin(a — 8)=sin a.cos f —cosa.sin B

cos(a— £) =cosa.cos f +sina.sin B

sin 2a = 2sina.cosa

n

> (x; ~ x)

o’ =wisl
n

P(A or B) = P(A) + P(B) — P(A and B)

dX &-¥hy- 7)

baa
Yi@- x)",ok,TRIG,,lexicon,medium,,mapped_v1,False,,,exam,data\processed\ocr\text\2025_nov_p2_exam_maths_ocr.txt,ocr_good,"[3, 4]",813.0,6.0,2025_nov_p2_exam_maths__Q11__11.2.4,Trigonometry,Equations,rule,trig,high,v1.2
